name,official_site,lat,lon,platform,access,evidence_url,confidence,note
King Robert the Bruce,,55.3175053,-4.8325934,no_site,unknown,,low,no official website resolved (not in county union directory)
Ailsa,,55.3147547,-4.8343939,no_site,unknown,,low,no official website resolved (not in county union directory)
Fair Isle Lighthouse Keeper's Golf Course,https://fair-isle.blogspot.com/p/golf.html,59.5138948,-1.6503341,unknown,unknown,,low,homepage loaded (https://fair-isle.blogspot.com/p/golf.html) but no platform signal found on it or 5 booking-ish link(s)
Lochview Family Golf Centre,,55.8727883,-4.0594659,no_site,unknown,,low,no official website resolved (not in county union directory)
Baberton Golf Course,https://babertongc.com/,55.9069808,-3.2957764,clubv1,not_available,,high,"platform reached but not a public visitor sheet (platform link; members-only, or visitor booking not enabled): https://baberton.hub.clubv1.com/Visitors/booking"
Kingsknowe Golf Course,https://www.kingsknowe.com/,55.9147997,-3.2702621,intelligent_golf,public,https://www.kingsknowe.com/visitorbooking/,high,
Silverknowes Golf Course,https://www.edinburghleisure.co.uk/venues/silverknowes-golf-course/,55.9758285,-3.2706377,gladstone,public,https://edinburghleisure.gladstonego.cloud/book,high,
Prestonfield Golf Course,https://www.prestonfieldgolf.co.uk/,55.9362184,-3.156754,intelligent_golf,public,https://prestonfield.intelligentgolf.co.uk/visitorbooking/,high,
Carrick Knowe Golf Club,https://www.carrickvalegolfclub.co.uk/,55.9384138,-3.2628297,unknown,unknown,,low,homepage loaded (https://www.carrickvalegolfclub.co.uk/) but no platform signal found on it or 1 booking-ish link(s)
The Royal Burgess Golfing Society of Edinburgh,https://www.royalburgess.co.uk/,55.9650306,-3.2993219,clubv1,public,https://rbgs.hub.clubv1.com/Visitors/TeeSheet?date=2026-09-17,high,
Bruntsfield Links,https://www.bruntsfieldlinks.co.uk/,55.9700204,-3.2911382,intelligent_golf,public,https://www.bruntsfieldlinks.co.uk/visitorbooking/,high,
Ravelston Golf Course,https://www.ravelstongolfclub.co.uk/,55.9527982,-3.2615334,unknown,unknown,,low,homepage loaded (https://www.ravelstongolfclub.co.uk/) but no platform signal found on it or 2 booking-ish link(s)
Murrayfield Golf Course,https://www.murrayfieldgolfclub.co.uk/,55.9497338,-3.2606357,intelligent_golf,public,https://www.murrayfieldgolfclub.co.uk/visitorbooking/,high,
Duddingston Golf Course,https://www.duddingstongolfclub.co.uk/,55.9403742,-3.1350386,intelligent_golf,public,https://www.duddingstongolfclub.co.uk/visitorbooking/,high,
Portobello Golf Course,https://www.edinburghleisure.co.uk/venues/portobello-golf-course,55.9467487,-3.1136602,gladstone,public,https://edinburghleisure.gladstonego.cloud/book,high,
Craigentinny Golf Course,https://www.edinburghleisure.co.uk/venues/craigentinny-golf-course,55.9639504,-3.1419249,gladstone,public,https://edinburghleisure.gladstonego.cloud/book,high,
Royal Aberdeen Golf Club,https://www.royalaberdeengolf.com/,57.1877215,-2.0779569,clubv1,not_available,,high,"platform reached but not a public visitor sheet (platform link; members-only, or visitor booking not enabled): https://royalaberdeen.hub.clubv1.com/Visitors/booking"
Newmachar Golf Club,https://www.newmachargolfclub.co.uk/,57.242011,-2.2000367,clubv1,public,https://newmachar.hub.clubv1.com/Visitors/TeeSheet?date=2026-09-17,high,
Westhill Golf Club,https://westhillgolf.co.uk/,57.1598604,-2.2906628,brs,unknown,,medium,platform link(s) seen (['brs']) but no confirmed public booking page found
Kippie Lodge Sports & Leisure,https://www.kippielodge.com/sports/,57.1033804,-2.2531968,error,unknown,,low,"homepage fetch failed: HTTPSConnectionPool(host='www.kippielodge.com', port=443): Max retries exceeded with url: /sports/ (Caused by ConnectTimeoutError(<HTTPSConnection(host='www.kippielodge.com', port=443) at 0x16c5b86ee90>, 'Connection to www.kippielodge.com timed out. (connect timeout=20)'))"
Peterculter Golf Club,https://www.petercultergolfclub.co.uk/,57.0862287,-2.2702848,unknown,unknown,,low,homepage loaded (https://www.petercultergolfclub.co.uk/) but no platform signal found on it or 1 booking-ish link(s)
Deeside Golf Club,https://www.deesidegolfclub.com/,57.109345,-2.1858597,clubv1,public,https://deeside.hub.clubv1.com/Visitors/TeeSheet?date=2026-09-17,high,
Portlethen Golf Club,https://www.portlethengolfclub.com/,57.0658108,-2.1450693,brs,public,https://visitors.brsgolf.com/portlethen#/course/1,high,
Haggs Castle Golf Course,https://haggscastlegolfclub.com/,55.8346717,-4.3188784,brs,public,https://visitors.brsgolf.com/haggscastle,high,
Pollok Golf Course,https://www.pollokgolf.com/,55.8265162,-4.3190389,intelligent_golf,public,https://pollok.intelligentgolf.co.uk/visitorbooking/,high,
North Ronaldsay Golf Course,https://northronaldsaytrust.com/2017/06/09/18-hole-golf-course-project/,59.3737599,-2.4098814,unknown,unknown,,low,homepage loaded (https://northronaldsaytrust.com/2017/06/09/18-hole-golf-course-project/) but no platform signal found on it or 3 booking-ish link(s)
Ralston Golf Course,https://www.ralstongolfclub.com/,55.8418927,-4.3833946,unknown,unknown,,low,homepage loaded (https://www.ralstongolfclub.com/) but no platform signal found on it or 6 booking-ish link(s)
Whitecraigs Golf Club,https://www.whitecraigsgolfclub.net/,55.7843495,-4.3168537,intelligent_golf,unknown,,medium,platform link(s) seen (['intelligent_golf']) but no confirmed public booking page found
David Lloyd Rouken Glen Golf Club,https://www.davidlloyd.co.uk/clubs/glasgow-rouken-glen/at-glasgow-rouken-glen/golf,55.7956062,-4.3242943,dead_link,unknown,,low,"directory URL returned HTTP 404 — stale link, needs a fresh website lookup"
Windyhill Golf Club,https://windyhillgolfclub.co.uk/,55.935207,-4.3674285,unknown,unknown,,low,homepage loaded (https://windyhillgolfclub.co.uk/) but no platform signal found on it or 1 booking-ish link(s)
Brancumhall Golf Development Centre,https://www.slleisureandculture.co.uk/info/246/brancumhall_golf_development_centre,55.7753137,-4.1427632,unknown,unknown,,low,homepage loaded (https://www.slleisureandculture.co.uk/info/246/brancumhall_golf_development_centre) but no platform signal found on it or 5 booking-ish link(s)
Drumpellier Golf Course,https://www.drumpelliergolf.co.uk/,55.8596514,-4.0561377,error,unknown,,low,"homepage fetch failed: HTTPSConnectionPool(host='www.drumpelliergolf.co.uk', port=443): Max retries exceeded with url: / (Caused by SSLError(SSLCertVerificationError('A required certificate is not within its validity period when verifying against the current system clock or the timestamp in the signed file.')))"
Clober Golf Club,https://www.clobergolfclub.co.uk/,55.9488059,-4.3328841,brs,public,https://visitors.brsgolf.com/clober,high,
Douglas Park Golf Club,https://www.douglasparkgolfclub.co.uk/,55.9269087,-4.3094631,clubv1,public,https://douglaspark.hub.clubv1.com/Visitors/TeeSheet?date=2026-09-17,high,confirmed by following the platform link found on the club's own site
Larkhall Golf Course,https://www.slleisureandculture.co.uk/info/243/larkhall_golf_course,55.7388984,-3.956862,unknown,unknown,,low,homepage loaded (https://www.slleisureandculture.co.uk/info/243/larkhall_golf_course) but no platform signal found on it or 7 booking-ish link(s)
Bearsden Golf Club,https://bearsdengolfclub.co.uk/,55.9209592,-4.3578488,clubv1,not_available,,high,"platform reached but not a public visitor sheet (platform link; members-only, or visitor booking not enabled): https://bearsden.hub.clubv1.com/Visitors/booking"
Elderslie Golf Club,https://eldersliegolfclub.com/,55.8329475,-4.4722228,brs,unknown,,medium,platform link(s) seen (['brs']) but no confirmed public booking page found
Fereneze Golf Club,https://www.ferenezegolfclub.org/,55.8061771,-4.411976,dead_link,unknown,,low,"directory URL returned HTTP 404 — stale link, needs a fresh website lookup"
Glasgow Golf Club (Killermont Course),https://www.glasgowgolfclub.com/killermont.asp,55.9102801,-4.3012678,dead_link,unknown,,low,"directory URL returned HTTP 404 — stale link, needs a fresh website lookup"
Balmore Golf Club,https://www.balmoregolfclub.co.uk/,55.9418118,-4.2534447,clubv1,not_available,,high,"platform reached but not a public visitor sheet (platform link; members-only, or visitor booking not enabled): https://balmore.hub.clubv1.com/Visitors/booking"
Paisley Golf Club,https://paisleygolfclub.com/,55.8081369,-4.4514815,clubv1,public,https://paisley.hub.clubv1.com/Visitors/TeeSheet?date=2026-09-17,high,
Loch View Golf Course,https://www.activenl.co.uk/venue-finder/venues-3/lochview-family-golf-centre,55.8724593,-4.0630736,gladstone,public,https://northlanarkshirecouncil.gladstonego.cloud/book,high,
Torrance House Golf Club,https://torrancehousegc.co.uk/,55.7435854,-4.1493578,unknown,unknown,,low,homepage loaded (https://torrancehousegc.co.uk/) but no platform signal found on it or 1 booking-ish link(s)
Braid Hills Golf Course,https://www.edinburghleisure.co.uk/venues/braid-hills-golf-course,55.9149247,-3.1916888,gladstone,public,https://edinburghleisure.gladstonego.cloud/book,high,
Braid Hills Golf Centre,https://www.braidhillsgolf.co.uk/,55.912216,-3.1797486,unknown,unknown,,low,homepage loaded (https://www.braidhillsgolf.co.uk/) but no platform signal found on it or 2 booking-ish link(s)
Panmure Links,https://www.panmuregolfclub.co.uk/,56.491712,-2.7675251,brs,public,https://visitors.brsgolf.com/panmure#/course/1,high,
The Carnoustie Burnside Course,,56.4943758,-2.7284533,no_site,unknown,,low,no official website resolved (not in county union directory)
Hamilton Golf Club,https://www.hamiltongolfclub.co.uk/,55.7569367,-4.0077095,unknown,unknown,,low,homepage loaded (https://www.hamiltongolfclub.co.uk/) but no platform signal found on it or 7 booking-ish link(s)
Cowglen Golf Club,https://www.cowglengolfclub.co.uk/,55.8184832,-4.3174518,brs,unknown,,medium,platform link(s) seen (['brs']) but no confirmed public booking page found
Barshaw Park Golf Course,https://www.oneren.org/sport/golf-and-bowling-greens/,55.8523613,-4.3937413,unknown,unknown,,low,homepage loaded (https://www.oneren.org/sport/golf-and-bowling-greens/) but no platform signal found on it or 2 booking-ish link(s)
Cawder Golf Club,https://www.cawdergolfclub.com/,55.9272882,-4.2290481,blocked,unknown,,low,homepage returned HTTP 403 — likely bot-blocked; needs a browser-based check
Machrihanish Links,https://www.machgolf.com/,55.4330758,-5.7201844,clubv1,public,https://machrihanish.hub.clubv1.com/Visitors/TeeSheet?date=2026-09-17,high,
Broomieknowe Golf Course,https://www.broomieknowe.com/,55.8840496,-3.0992795,clubv1,public,https://broomieknowe.hub.clubv1.com/visitors/TeeSheet?date=2026-09-17,high,
Hayston Golf Club,https://www.haystongolf.com/,55.9426456,-4.1819392,brs,public,https://visitors.brsgolf.com/hayston#/course/1,high,
Turnhouse Golf Club,https://www.turnhousegolfclub.com/,55.9525872,-3.333826,brs,public,https://visitors.brsgolf.com/turnhouse#/course/1,high,
Langlands Golf Club,https://www.langlandsgolfclub.co.uk/,55.7310074,-4.1739774,unknown,unknown,,low,homepage loaded (https://www.langlandsgolfclub.co.uk/) but no platform signal found on it or 3 booking-ish link(s)
Littlehill Golf Course,https://www.glasgowlife.org.uk/sport/venues/littlehill-golf-club,55.8943881,-4.2145839,brs,public,https://visitors.brsgolf.com/littlehill#/course/1,high,
Bishopbriggs Golf Club,https://www.thebishopbriggsgolfclub.com/,55.9113111,-4.2412299,error,unknown,,low,"homepage fetch failed: HTTPSConnectionPool(host='www.thebishopbriggsgolfclub.com', port=443): Max retries exceeded with url: / (Caused by NameResolutionError(""HTTPSConnection(host='www.thebishopbriggsgolfclub.com', port=443): Failed to resolve 'www.thebishopbriggsgolfclub.com' ([Errno 11001] getaddrinfo failed)""))"
Campsie Golf Club,https://www.campsiegolfclub.com/,55.9817378,-4.1971051,brs,public,https://visitors.brsgolf.com/campsie#/course/1,high,confirmed by following the platform link found on the club's own site
Fortrose & Rosemarkie Golf Club,https://www.fortrosegolfclub.co.uk/,57.5783631,-4.1032654,brs,unknown,,medium,platform link(s) seen (['brs']) but no confirmed public booking page found
Dundas Parks Golf Club,https://www.dundasparksgolf.co.uk/,55.9733122,-3.4076203,clubv1,public,https://dundasparks.hub.clubv1.com/Visitors/TeeSheet?date=2026-09-17,high,
Niddry Castle Golf Course,https://www.niddrycastlegolfclub.co.uk/,55.9540461,-3.4485979,brs,public,https://visitors.brsgolf.com/linlithgowshire#/open-competitions,high,
Ratho Park Golf Club,https://www.rathoparkgolfclub.co.uk/,55.9215626,-3.3591308,intelligent_golf,public,https://www.rathoparkgolfclub.co.uk/visitorbooking/,high,
Gogarburn Golf Course,https://www.gogarburngc.com/,55.9339081,-3.3437257,clubv1,public,https://gogarburn.hub.clubv1.com/Visitors/TeeSheet?date=2026-09-17,high,
Melville Golf Course,https://www.melvillegolf.com/,55.8889159,-3.099471,blocked,unknown,,low,homepage returned HTTP 403 — likely bot-blocked; needs a browser-based check
Pumpherston Golf Club,https://www.pumpherstongolfclub.co.uk/,55.9073304,-3.4827772,brs,unknown,,medium,platform link(s) seen (['brs']) but no confirmed public booking page found
Bonnyton Golf Club,https://www.bonnytongolfclub.com/,55.7440377,-4.3077081,brs,public,https://visitors.brsgolf.com/bonnyton#/open-competitions,high,
Mearns Castle Golf Academy,https://mcgolfacademy.co.uk/,55.7725092,-4.2890218,brs,public,https://visitors.brsgolf.com/mearnscastle#/course/1,high,
Hirsel Golf Club,,55.6528462,-2.2681246,no_site,unknown,,low,no official website resolved (not in county union directory)
Strathclyde Park Golf Course,https://www.slleisureandculture.co.uk/info/244/strathclyde_park_golf_course,55.7871303,-4.0420151,unknown,unknown,,low,homepage loaded (https://www.slleisureandculture.co.uk/info/244/strathclyde_park_golf_course) but no platform signal found on it or 7 booking-ish link(s)
Gourock Golf Club,https://www.gourockgolfclub.com/,55.9464469,-4.8444265,unknown,unknown,,low,homepage loaded (https://www.gourockgolfclub.com/) but no platform signal found on it or 6 booking-ish link(s)
Greenock Golf Club,https://greenockgolfclub.co.uk/,55.9508818,-4.7870643,brs,public,https://visitors.brsgolf.com/greenock,high,confirmed by following the platform link found on the club's own site
Renfrew Golf Course,https://www.renfrewgolfclub.net/,55.8866993,-4.4007935,error,unknown,,low,"homepage fetch failed: HTTPSConnectionPool(host='www.renfrewgolfclub.net', port=443): Max retries exceeded with url: / (Caused by SSLError(SSLCertVerificationError('A required certificate is not within its validity period when verifying against the current system clock or the timestamp in the signed file.')))"
Comrie Golf Course,https://www.comriegolf.co.uk/,56.3802148,-3.9851649,unknown,unknown,,low,homepage loaded (https://www.comriegolf.co.uk/) but no platform signal found on it or 4 booking-ish link(s)
Strathmore Golf Centre,https://www.strathmoregolf.com/,56.6008635,-3.2191078,brs,public,https://visitors.brsgolf.com/strathmore,high,
Glenisla Golf Course,https://www.alythgolfclub.co.uk/glenisla-course,56.6235439,-3.2126765,unknown,unknown,,low,homepage loaded (https://www.alythgolfclub.co.uk/glenisla-course) but no platform signal found on it or 2 booking-ish link(s)
Brailgowrie Golf Club,https://www.theblairgowriegolfclub.co.uk/,56.5683329,-3.3342187,intelligent_golf,public,https://blairgowrie.intelligentgolf.co.uk/visitorbooking/,high,
Newtonmore Golf Club,https://www.newtonmoregolf.com/,57.0620897,-4.1100074,blocked,unknown,,low,homepage returned HTTP 403 — likely bot-blocked; needs a browser-based check
Ruchill Park Golf Course,https://www.glasgowlife.org.uk/sport/our-facilities/golfcourses/ruchill-golf-course,55.8912677,-4.2769977,dead_link,unknown,,low,"directory URL returned HTTP 404 — stale link, needs a fresh website lookup"
Palacerigg Golf Club,https://www.palacerigggolfclub.co.uk/,55.9391655,-3.9398336,error,unknown,,low,"homepage fetch failed: HTTPSConnectionPool(host='www.palacerigggolfclub.co.uk', port=443): Max retries exceeded with url: / (Caused by SSLError(SSLEOFError(8, '[SSL: UNEXPECTED_EOF_WHILE_READING] EOF occurred in violation of protocol (_ssl.c:1081)')))"
Beith Golf Club,https://www.beithgolfclub.co.uk/,55.761124,-4.6035237,unknown,unknown,,low,homepage loaded (https://www.beithgolfclub.co.uk/) but no platform signal found on it or 6 booking-ish link(s)
Anstruther Golf Club,https://www.anstruthergolf.co.uk/,56.2169305,-2.711618,unknown,unknown,,low,homepage loaded (https://www.anstruthergolf.co.uk/) but no platform signal found on it or 3 booking-ish link(s)
Dumfries and Galloway Golf Course,https://www.dandggolfclub.co.uk/,55.0653566,-3.6348417,brs,public,https://visitors.brsgolf.com/dumfriesandgalloway#/open-competitions,high,confirmed by following the platform link found on the club's own site
Glasgow Golf Club / Gailes Links,https://www.gaileslinks.co.uk/,55.5965665,-4.6647232,brs,unknown,,medium,platform link(s) seen (['brs']) but no confirmed public booking page found
Dundonald Links,https://www.dundonaldlinks.com/,55.5850892,-4.6562145,brs,public,https://visitors.brsgolf.com/dundonald#/course/1,high,confirmed by following the platform link found on the club's own site
Dragon's Tooth Golf Club,https://www.dragonstooth.co.uk/,56.6849766,-5.1892926,blocked,unknown,,low,homepage returned HTTP 403 — likely bot-blocked; needs a browser-based check
Dalmilling Golf Course,https://www.golfsouthayrshire.com/play/the-courses/dalmiling/,55.465426,-4.5912806,dead_link,unknown,,low,"directory URL returned HTTP 404 — stale link, needs a fresh website lookup"
St. Nicholas Golf Club,https://www.prestwickstnicholas.com/,55.4875856,-4.6226493,brs,unknown,,medium,platform link(s) seen (['brs']) but no confirmed public booking page found
St. Cuthbert Golf Club,https://www.stcuthbert.co.uk/,55.490234,-4.5959083,clubv1,public,https://prestwickstcuthbert.hub.clubv1.com/Visitors/TeeSheet?date=2026-09-17,high,
Annanhill Golf Club,https://annanhillgolfclub.co.uk/,55.6060518,-4.5231353,blocked,unknown,,low,homepage returned HTTP 403 — likely bot-blocked; needs a browser-based check
Machrihanish Dunes Golf Course,https://www.machrihanishdunes.com/,55.4507445,-5.7084333,blocked,unknown,,low,homepage returned HTTP 500 — likely bot-blocked; needs a browser-based check
King James VI Golf Club,https://www.kingjamesvi.co.uk/,56.383541,-3.4203954,intelligent_golf,public,https://www.kingjamesvi.co.uk/visitorbooking/,high,
The North Berwick Golf Club,https://www.northberwickgolfclub.com/,56.0597721,-2.7464812,intelligent_golf,public,https://www.northberwickgolfclub.com/visitorbooking/,high,
Bothwell Castle Golf Club,https://www.bcgolf.co.uk/,55.8099868,-4.0811529,clubv1,not_available,,high,"platform reached but not a public visitor sheet (platform link; members-only, or visitor booking not enabled): https://bothwellcastle.hub.clubv1.com/Visitors/booking"
Turnberry,https://www.turnberry.co.uk/,55.3219191,-4.8361435,unknown,unknown,,low,homepage loaded (https://www.turnberry.co.uk/) but no platform signal found on it or 5 booking-ish link(s)
Glencorse Golf Club,https://www.glencorsegolfclub.com/,55.8478144,-3.1965319,unknown,unknown,,low,homepage loaded (https://www.glencorsegolfclub.com/) but no platform signal found on it or 1 booking-ish link(s)
Craigie Hill Golf Course,https://www.craigiehill.co.uk/,56.38352,-3.4536719,unknown,unknown,,low,homepage loaded (https://www.craigiehill.co.uk/) but no platform signal found on it or 1 booking-ish link(s)
Haddington Golf Course,https://www.haddingtongolf.co.uk/,55.9572949,-2.7565901,golfnow,out_of_scope,,high,"GolfNow listing, not the club's own booking — excluded by policy: https://www.golfnow.co.uk/tee-times/facility/14093-haddington-golf-club/search#"
Calderbraes Golf Club,https://calderbraes-golf-club.co.uk/,55.8388331,-4.1037944,error,unknown,,low,"homepage fetch failed: HTTPSConnectionPool(host='calderbraes-golf-club.co.uk', port=443): Max retries exceeded with url: / (Caused by NameResolutionError(""HTTPSConnection(host='calderbraes-golf-club.co.uk', port=443): Failed to resolve 'calderbraes-golf-club.co.uk' ([Errno 11001] getaddrinfo failed)""))"
Pitch and Putt,https://www.glasgowlife.org.uk/sport/our-facilities/pitchandputt/queens-park,55.8298346,-4.2657831,dead_link,unknown,,low,"directory URL returned HTTP 404 — stale link, needs a fresh website lookup"
Wishaw Golf Club,https://www.wishawgolfclub.com/,55.7817716,-3.9368387,brs,public,https://visitors.brsgolf.com/wishaw#/open-competitions,high,confirmed by following the platform link found on the club's own site
Jubilee Course,https://www.standrews.org.uk/Play/Courses/Jubilee-Course,56.3560641,-2.8156317,error,unknown,,low,"homepage fetch failed: HTTPSConnectionPool(host='www.standrews.org.uk', port=443): Max retries exceeded with url: /Play/Courses/Jubilee-Course (Caused by SSLError(SSLCertVerificationError('A certificate chain processed, but terminated in a root certificate which is not trusted by the trust provider.')))"
Helensburgh Golf Club,https://www.helensburghgolfclub.co.uk/,56.0135928,-4.707842,unknown,unknown,,low,homepage loaded (https://www.helensburghgolfclub.co.uk/) but no platform signal found on it or 2 booking-ish link(s)
Gigha Golf Club,,55.6852038,-5.739879,no_site,unknown,,low,no official website resolved (not in county union directory)
Aberfoyle Golf Club,https://www.aberfoylegolf.co.uk/,56.1765332,-4.3619262,unknown,unknown,,low,homepage loaded (https://www.aberfoylegolf.co.uk/) but no platform signal found on it or 2 booking-ish link(s)
Sandyhills Golf Club,https://www.sandyhillsgolfclub.co.uk/,55.843024,-4.1544235,clubv1,not_available,,high,"platform reached but not a public visitor sheet (platform link; members-only, or visitor booking not enabled): https://sandyhills.hub.clubv1.com/Visitors/booking"
East Kilbride Golf Club,https://www.ekgolfclub.com/,55.783301,-4.1560742,brs,public,https://visitors.brsgolf.com/eastkilbride,high,
Pitlochry Golf Course,https://www.pitlochrygolf.co.uk/,56.7127804,-3.7430527,brs,public,https://visitors.brsgolf.com/pitlochry,high,
Hilton Park Golf Club,https://www.hiltonpark.net/,55.9679432,-4.3541768,brs,public,https://visitors.brsgolf.com/hiltonpark,high,
Milngavie Golf Club,https://www.milngaviegolfclub.co.uk/,55.958339,-4.3421044,brs,unknown,,medium,platform link(s) seen (['brs']) but no confirmed public booking page found
Schawpark Golf course,https://www.alloagolfclub.co.uk/,56.1339144,-3.7660782,clubv1,public,https://alloa.hub.clubv1.com/visitors/TeeSheet?date=2026-09-17,high,
Banchory Golf Club,https://www.banchorygolfclub.co.uk/,57.0517234,-2.5148295,brs,public,https://visitors.brsgolf.com/banchory#/open-competitions,high,confirmed by following the platform link found on the club's own site
Forres Golf Club,https://forresgolfclub.co.uk/,57.6075505,-3.5895306,brs,public,https://visitors.brsgolf.com/forres#/course/1,high,
Moffat Golf Course,https://www.moffatgolfclub.co.uk/,55.3288004,-3.4594371,unknown,unknown,,low,homepage loaded (https://www.moffatgolfclub.co.uk/) but no platform signal found on it or 2 booking-ish link(s)
Torphins Golf Club,https://www.torphinsgolfclub.co.uk/,57.1124765,-2.6306891,brs,public,https://visitors.brsgolf.com/torphins#/,high,confirmed by following the platform link found on the club's own site
Braehead Golf Club,https://www.braeheadgolfclub.co.uk/,56.1259423,-3.8258897,brs,public,https://visitors.brsgolf.com/braehead#/course/1,high,confirmed by following the platform link found on the club's own site
Tulliallan Golf Club,https://www.tulliallangolf.co.uk/,56.0830314,-3.7149205,clubv1,not_available,,high,"platform reached but not a public visitor sheet (platform link; members-only, or visitor booking not enabled): https://tulliallan.hub.clubv1.com/Visitors/booking"
Dullatur Golf Course,https://www.dullaturgolf.com/,55.9594529,-4.0164973,clubv1,public,https://dullatur.hub.clubv1.com/Visitors/TeeSheet?date=2026-09-17,high,
Forrester Park Golf Course,https://www.forresterparkresort.com/,56.0688686,-3.5316023,unknown,unknown,,low,homepage loaded (https://www.forresterparkresort.com/) but no platform signal found on it or 3 booking-ish link(s)
Cardross Golf Club,https://www.cardross.com,55.9664623,-4.6451788,unknown,unknown,,low,homepage loaded (https://www.cardross.com/) but no platform signal found on it or 0 booking-ish link(s)
Aberdour Golf Club,https://www.aberdourgolfclub.co.uk/,56.0463831,-3.3065996,brs,unknown,,medium,platform link(s) seen (['brs']) but no confirmed public booking page found
Lauder Golf Club,https://lauder.golf-club.website/website/,55.7092749,-2.7572612,blocked,unknown,,low,homepage returned HTTP 403 — likely bot-blocked; needs a browser-based check
Pitreavie Golf Club,https://www.pitreaviegolfclub.co.uk/,56.0540058,-3.4273239,clubv1,not_available,,high,"platform reached but not a public visitor sheet (platform link; members-only, or visitor booking not enabled): https://pitreavie.hub.clubv1.com/Visitors/booking"
Winterfield Golf Course,https://www.enjoyleisure.com/Centre.aspx?comp_id=10,56.0034254,-2.536316,blocked,unknown,,low,homepage returned HTTP 403 — likely bot-blocked; needs a browser-based check
Longniddry Golf Course,https://www.longniddrygolfclub.co.uk/,55.9770037,-2.9093674,intelligent_golf,public,https://www.longniddrygolfclub.co.uk/visitorbooking/,high,confirmed via intelligent_golf's standard booking path
Raon Goilf Steòrnabhaigh,https://www.stornowaygolfclub.co.uk/,58.2157503,-6.3953123,unknown,unknown,,low,homepage loaded (https://stornowaygolfclub.co.uk/) but no platform signal found on it or 19 booking-ish link(s)
Lumphanan Golf Course,https://www.lumphanangolfclub.co.uk/,57.1260903,-2.6823275,unknown,unknown,,low,homepage loaded (https://www.lumphanangolfclub.co.uk/) but no platform signal found on it or 2 booking-ish link(s)
Eyemouth Golf Club,https://www.eyemouthgolfclub.co.uk/,55.8682032,-2.0803424,brs,unknown,,medium,platform link(s) seen (['brs']) but no confirmed public booking page found
Crichton Golf Club,https://www.crichtongolfclub.com/,55.0567059,-3.5932995,unknown,unknown,,low,homepage loaded (https://www.crichtongolfclub.com/) but no platform signal found on it or 2 booking-ish link(s)
Nunfield Golf Course,https://www.thecounty.co.uk/,55.0819254,-3.602386,brs,public,https://visitors.brsgolf.com/dumfriesandcounty#/course/1,high,
Falkland Golf Club,https://www.falklandgolfclub.com/,56.2558044,-3.1961844,unknown,unknown,,low,homepage loaded (https://falklandgolfclub.com/) but no platform signal found on it or 3 booking-ish link(s)
Huntly Golf Club,https://www.huntlygolfclub.com/,57.4545955,-2.7750134,clubv1,public,https://huntly.hub.clubv1.com/Visitors/TeeSheet?date=2026-09-17,high,confirmed by following the platform link found on the club's own site
Royal Tarlair Golf Club,https://royaltarlair.co.uk/,57.6692267,-2.4723673,unknown,unknown,,low,homepage loaded (https://royaltarlair.co.uk/) but no platform signal found on it or 1 booking-ish link(s)
Duff House Royal Golf Club,https://www.duffhouseroyal.com/,57.6572886,-2.5220848,clubv1,public,https://duffhouseroyal.hub.clubv1.com/Visitors/TeeSheet?date=2026-09-17,high,
Caprington Golf Club,https://www.capringtongolfclub.com/,55.5859429,-4.5120729,unknown,unknown,,low,homepage loaded (https://www.capringtongolfclub.com/) but no platform signal found on it or 2 booking-ish link(s)
Muirfield,https://www.muirfield.org.uk/,56.0457735,-2.8218287,intelligent_golf,unknown,,medium,platform link(s) seen (['intelligent_golf']) but no confirmed public booking page found
Moray Golf Club,https://www.moraygolf.co.uk/,57.7192432,-3.3143426,clubv1,not_available,,high,"platform reached but not a public visitor sheet (platform link; members-only, or visitor booking not enabled): https://moray.hub.clubv1.com/Visitors/booking"
Inverurie Golf Club,https://www.inveruriegolfclub.co.uk/,57.2796134,-2.3926654,brs,public,https://visitors.brsgolf.com/inverurie#/open-competitions,high,confirmed by following the platform link found on the club's own site
Dunblane New Golf Club,https://www.dngc.co.uk/,56.1796334,-3.9540165,clubv1,not_available,,high,"platform reached but not a public visitor sheet (platform link; members-only, or visitor booking not enabled): https://dunblanenew.hub.clubv1.com/Visitors/booking"
Peebles Golf Club,https://www.peeblesgolfclub.com/,55.6567055,-3.2084954,brs,public,https://visitors.brsgolf.com/peebles#/course/1,high,confirmed by following the platform link found on the club's own site
Lundin Ladies Golf Club,https://www.lundinladiesgolfclub.co.uk/,56.2142279,-2.9596435,error,unknown,,low,"homepage fetch failed: HTTPSConnectionPool(host='www.lundinladiesgolfclub.co.uk', port=443): Max retries exceeded with url: / (Caused by NameResolutionError(""HTTPSConnection(host='www.lundinladiesgolfclub.co.uk', port=443): Failed to resolve 'www.lundinladiesgolfclub.co.uk' ([Errno 11001] getaddrinfo failed)""))"
Alford Golf Club,https://www.alfordgolfclub.com/,57.2367521,-2.6964697,clubv1,public,https://alford.hub.clubv1.com/Visitors/TeeSheet?date=2026-09-17,high,
Elie Golf Course,https://www.golfhouseclub.co.uk/,56.1888584,-2.8395232,intelligent_golf,public,https://www.golfhouseclub.co.uk/visitorbooking/,high,
Durness Golf Club,https://www.durnessgolfclub.org/,58.5734135,-4.7801561,unknown,unknown,,low,homepage loaded (https://www.durnessgolfclub.org/) but no platform signal found on it or 41 booking-ish link(s)
Keith Golf Club,https://www.keithgolfclub.co.uk/,57.5411905,-2.9710949,error,unknown,,low,"homepage fetch failed: HTTPSConnectionPool(host='www.keithgolfclub.co.uk', port=443): Max retries exceeded with url: / (Caused by SSLError(SSLCertVerificationError('A certificate chain processed, but terminated in a root certificate which is not trusted by the trust provider.')))"
Lilliardsedge Holiday Park & Golf Course,https://www.lilliardsedgepark.co.uk/Page/Golf.aspx,55.5313733,-2.6082576,brs,public,https://visitors.brsgolf.com/lilliardsedge#/course/1,high,confirmed by following the platform link found on the club's own site
Cowdenbeath Golf Course,https://cowdenbeath-golfclub.com/,56.1156334,-3.3298179,unknown,unknown,,low,homepage loaded (https://cowdenbeath-golfclub.com/) but no platform signal found on it or 5 booking-ish link(s)
Lochgelly Golf Club,https://www.lochgellygolfclub.co.uk/,56.126636,-3.322197,brs,unknown,,medium,platform link(s) seen (['brs']) but no confirmed public booking page found
Milnathort Golf Club,https://www.milnathortgolfclub.co.uk/,56.2241896,-3.4164989,brs,public,https://visitors.brsgolf.com/milnathortgolfclub#/course/1,high,confirmed by following the platform link found on the club's own site
Paul Lawrie Golf Centre,https://www.paullawriegolfcentre.co.uk/,57.1117852,-2.1688886,chronogolf,public,https://www.chronogolf.com/club/19810/widget?medium=widget&source=club,high,
Craigewan Course,https://www.peterheadgolfclub.co.uk/course/craigewan-course/,57.5244005,-1.8045994,blocked,unknown,,low,homepage returned HTTP 403 — likely bot-blocked; needs a browser-based check
Nairn Golf Club,https://nairngolfclub.co.uk/,57.5845294,-3.908488,brs,public,https://visitors.brsgolf.com/nairngc#/course/1,high,
Nairn Dunbar Golf Course,https://www.nairndunbar.com/,57.5906748,-3.8482983,brs,public,https://visitors.brsgolf.com/nairndunbargolf#/course/1,high,confirmed by following the platform link found on the club's own site
Cruden Bay Golf Club,https://www.crudenbaygolfclub.co.uk/,57.406562,-1.8585756,unknown,unknown,,low,homepage loaded (https://crudenbaygolfclub.co.uk/) but no platform signal found on it or 11 booking-ish link(s)
Cochrane Castle Golf Club,https://cochranecastle.com/,55.8203664,-4.5195844,unknown,unknown,,low,homepage loaded (https://cochranecastle.com/) but no platform signal found on it or 1 booking-ish link(s)
Lanark Golf Club,https://www.lanarkgolfclub.co.uk/,55.673316,-3.7462698,brs,public,https://visitors.brsgolf.com/lanark,high,
Dodhead Golf Course,https://www.burntislandgolfhouseclub.co.uk/,56.068346,-3.2139224,brs,unknown,,medium,platform link(s) seen (['brs']) but no confirmed public booking page found
Longside Golf Club,https://longsidegolfclub.co.uk/,57.519757,-1.9373655,unknown,unknown,,low,homepage loaded (https://www.longsidegolfclub.co.uk/) but no platform signal found on it or 2 booking-ish link(s)
Invergordon Golf Club,https://invergordongolf.co.uk/,57.6944625,-4.1909977,unknown,unknown,,low,homepage loaded (https://www.invergordongolf.co.uk/) but no platform signal found on it or 6 booking-ish link(s)
Canmore Golf Club,https://www.canmoregolfclub.co.uk/,56.0831716,-3.457256,error,unknown,,low,"homepage fetch failed: HTTPSConnectionPool(host='www.canmoregolfclub.co.uk', port=443): Max retries exceeded with url: / (Caused by NameResolutionError(""HTTPSConnection(host='www.canmoregolfclub.co.uk', port=443): Failed to resolve 'www.canmoregolfclub.co.uk' ([Errno 11001] getaddrinfo failed)""))"
Kilbirnie Place Golf Club,https://www.kilbirnieplacegc.co.uk/,55.7498337,-4.7014743,unknown,unknown,,low,homepage loaded (https://www.kilbirnieplacegc.co.uk/) but no platform signal found on it or 1 booking-ish link(s)
Belleisle & Seafield Golf Courses,https://www.golfsouthayrshire.com/play/the-courses/belleisle-park/,55.4409043,-4.637399,dead_link,unknown,,low,"directory URL returned HTTP 404 — stale link, needs a fresh website lookup"
Erskine Golf Club,https://www.erskinegolfclublimited.co.uk/,55.9206914,-4.4963134,clubv1,public,https://erskine.hub.clubv1.com/Visitors/TeeSheet?date=2026-09-17,high,
Earl of Mar Golf Course,https://www.marhall.com/golf/,55.9212574,-4.4766752,unknown,unknown,,low,homepage loaded (https://www.jaresortshotels.com/scotland/ja-mar-hall/golf/) but no platform signal found on it or 3 booking-ish link(s)
Lochmaben Golf Club,https://www.lochmabengolf.co.uk/,55.1224706,-3.4473681,brs,public,https://visitors.brsgolf.com/lochmaben,high,
Gleddoch Golf and Spa Resort,https://www.gleddoch.com/golf/,55.9157436,-4.5855535,brs,unknown,,medium,platform link(s) seen (['brs']) but no confirmed public booking page found
Port Glasgow Golf Club,https://www.portglasgowgolfclub.co.uk/,55.9192146,-4.683905,unknown,unknown,,low,homepage loaded (https://www.portglasgowgolfclub.co.uk/) but no platform signal found on it or 6 booking-ish link(s)
Stonehaven Golf Club,https://www.stonehavengolfclub.com/,56.9812132,-2.1877783,brs,public,https://visitors.brsgolf.com/stonehaven#/course/1,high,
Castle Douglas Golf Club,https://www.cdgolfclub.co.uk/,54.9429892,-3.9389214,unknown,unknown,,low,homepage loaded (https://cdgolfclub.co.uk/) but no platform signal found on it or 3 booking-ish link(s)
Knightswood Golf Course,https://www.glasgowlife.org.uk/sport/our-facilities/golfcourses/knightswood-golf-course,55.8931907,-4.3576521,dead_link,unknown,,low,"directory URL returned HTTP 404 — stale link, needs a fresh website lookup"
Balnagask Golf Course,https://www.sportaberdeen.co.uk/balnagask,57.1389129,-2.0609827,unknown,unknown,,low,homepage loaded (https://www.sportaberdeen.co.uk/venues/balnagask-golf-course) but no platform signal found on it or 5 booking-ish link(s)
Dalmuir Municipal Golf Course,https://www.west-dunbarton.gov.uk/leisure-parks-events/dalmuir-golf-course/,55.9183395,-4.4268196,dead_link,unknown,,low,"directory URL returned HTTP 404 — stale link, needs a fresh website lookup"
Lockerbie Golf Club,https://www.lockerbiegolf.co.uk/,55.1273243,-3.3418384,error,unknown,,low,"homepage fetch failed: HTTPSConnectionPool(host='www.lockerbiegolf.co.uk', port=443): Max retries exceeded with url: / (Caused by ConnectTimeoutError(<HTTPSConnection(host='www.lockerbiegolf.co.uk', port=443) at 0x16c5fcc4690>, 'Connection to www.lockerbiegolf.co.uk timed out. (connect timeout=20)'))"
Alva Golf Course,https://www.alvagolfclub.co.uk/,56.1564099,-3.8043039,unknown,unknown,,low,homepage loaded (https://www.alvagolfclub.co.uk/) but no platform signal found on it or 0 booking-ish link(s)
Saline Golf Course,https://salinegc.co.uk/,56.1110454,-3.5588207,error,unknown,,low,"homepage fetch failed: HTTPSConnectionPool(host='salinegc.co.uk', port=443): Max retries exceeded with url: / (Caused by SSLError(SSLCertVerificationError('A required certificate is not within its validity period when verifying against the current system clock or the timestamp in the signed file.')))"
Harburn Golf Club,https://harburngolfclub.co.uk/,55.8315343,-3.5421043,clubv1,public,https://harburn.hub.clubv1.com/Visitors/TeeSheet?date=2026-09-17,high,
Lochore Meadow Golf Course,https://www.fifegolftrust.co.uk/our-courses/lochore-meadows,56.1519135,-3.3306015,unknown,unknown,,low,homepage loaded (https://www.fifegolftrust.co.uk/our-courses/lochore-meadows) but no platform signal found on it or 0 booking-ish link(s)
The West Kilbride Golf Club,https://www.westkilbridegolfclub.com/,55.6923994,-4.8794426,brs,public,https://visitors.brsgolf.com/westkilbride#/course/1,high,
Drumoig Golf Centre,https://www.drumoiggolfcentre.co.uk/,56.4185416,-2.9136473,error,unknown,,low,"homepage fetch failed: HTTPSConnectionPool(host='www.drumoiggolfcentre.co.uk', port=443): Max retries exceeded with url: / (Caused by SSLError(SSLCertVerificationError(""The certificate's CN name does not match the passed value."")))"
Glenbervie Golf Course,https://www.glenberviegolfclub.com/,56.0396092,-3.8496652,clubv1,not_available,,high,"platform reached but not a public visitor sheet (platform link; members-only, or visitor booking not enabled): https://glenbervie.hub.clubv1.com/Visitors/booking"
Crieff Golf Club,https://crieffgolf.co.uk/,56.3832739,-3.8238597,blocked,unknown,,low,homepage returned HTTP 403 — likely bot-blocked; needs a browser-based check
Kirkcaldy Golf Club,https://kirkcaldygolfclub.co.uk/,56.099545,-3.1928622,unknown,unknown,,low,homepage loaded (https://kirkcaldygolfclub.co.uk/) but no platform signal found on it or 2 booking-ish link(s)
Dunnikier Park Golf Course,https://fifegolftrust.co.uk/dunnikier-golf-course/,56.1398711,-3.163114,brs,public,https://visitors.brsgolf.com/cowdenbeath#/course/1,high,
Oldmeldrum Golf Club,https://www.oldmeldrumgolf.co.uk/,57.3367691,-2.3000307,clubv1,not_available,,high,"platform reached but not a public visitor sheet (platform link; members-only, or visitor booking not enabled): https://oldmeldrum.hub.clubv1.com/Visitors/booking"
Falkirk Tryst Golf Club,https://www.falkirktrystgolfclub.com/,56.0304256,-3.8198478,brs,public,https://visitors.brsgolf.com/falkirktryst#/open-competitions,high,
Thornton Golf Club,https://www.thorntongolfclub.co.uk/,56.1672842,-3.1259273,brs,unknown,,medium,platform link(s) seen (['brs']) but no confirmed public booking page found
Naemoor,https://www.muckhartgolf.com/,56.1834342,-3.5986237,brs,public,https://visitors.brsgolf.com/muckhart#/open-competitions,high,confirmed by following the platform link found on the club's own site
Dollar Golf Club,https://www.dollargolfclub.com/,56.1692288,-3.678144,unknown,unknown,,low,homepage loaded (https://www.bandaautomotive.net/) but no platform signal found on it or 1 booking-ish link(s)
Cupar Golf Club,https://www.cupargolfclub.co.uk/,56.3093702,-3.0035438,brs,public,https://visitors.brsgolf.com/cupar#/course/1,high,confirmed by following the platform link found on the club's own site
Aberfeldy Golf Club,https://www.aberfeldy-golfclub.co.uk/,56.623279,-3.8671047,unknown,unknown,,low,homepage loaded (https://www.aberfeldy-golfclub.co.uk/) but no platform signal found on it or 1 booking-ish link(s)
Scoonie Golf Course,https://www.scooniegolfclub.com/https://fifegolftrust.co.uk/scoonie-golf-course/,56.2047421,-2.9888877,unknown,unknown,,low,homepage loaded (https://www.scooniegolfclub.com/https://fifegolftrust.co.uk/scoonie-golf-course/) but no platform signal found on it or 0 booking-ish link(s)
Leven Links Golf Course,https://www.leven-links.com/,56.2023336,-2.9813162,brs,unknown,,medium,platform link(s) seen (['brs']) but no confirmed public booking page found
Lundin Golf Club,https://www.lundingolfclub.co.uk/,56.2087757,-2.9649202,clubv1,not_available,,high,"platform reached but not a public visitor sheet (platform link; members-only, or visitor booking not enabled): https://lundingc.hub.clubv1.com/Visitors/booking"
Polmont Golf Club,https://www.polmontgolfclub.co.uk/,55.968423,-3.7058692,error,unknown,,low,"homepage fetch failed: HTTPSConnectionPool(host='www.polmontgolfclub.co.uk', port=443): Max retries exceeded with url: / (Caused by NameResolutionError(""HTTPSConnection(host='www.polmontgolfclub.co.uk', port=443): Failed to resolve 'www.polmontgolfclub.co.uk' ([Errno 11001] getaddrinfo failed)""))"
Mains of Taymouth Golf Course,https://www.taymouth.co.uk/on-site-facilities/kenmore-golf-course.htm,56.5916131,-3.9937222,dead_link,unknown,,low,"directory URL returned HTTP 404 — stale link, needs a fresh website lookup"
Taymouth Castle Golf Course,https://welcometotaymouth.com/,56.5892083,-3.9851949,unknown,unknown,,low,homepage loaded (https://welcometotaymouth.com/) but no platform signal found on it or 0 booking-ish link(s)
Roxburghe Hotel & Golf Course,https://www.roxburghe.net/golf-course,55.5555866,-2.4726055,error,unknown,,low,"homepage fetch failed: HTTPSConnectionPool(host='www.roxburghe.net', port=443): Max retries exceeded with url: /golf-course (Caused by SSLError(SSLEOFError(8, '[SSL: UNEXPECTED_EOF_WHILE_READING] EOF occurred in violation of protocol (_ssl.c:1081)')))"
Dalziel Golf Course,https://dalzielpark.co.uk/golf,55.796942,-3.9373621,brs,public,https://visitors.brsgolf.com/dalzielpark#/course/1,high,confirmed by following the platform link found on the club's own site
Boat of Garten Golf and Tennis Club,https://www.boatgolf.com/,57.2443312,-3.7555618,intelligent_golf,public,https://boatofgarten.intelligentgolf.co.uk/visitorbooking/,high,
Selkirk Golf Club,https://www.selkirkgolfclub.co.uk/,55.54247,-2.8247102,unknown,unknown,,low,homepage loaded (https://selkirkgolfclub.co.uk/) but no platform signal found on it or 0 booking-ish link(s)
Grangemouth Golf Club,https://www.grangemouthgolfclub.co.uk/,55.9937844,-3.6905076,unknown,unknown,,low,homepage loaded (https://www.grangemouthgolfclub.co.uk/) but no platform signal found on it or 5 booking-ish link(s)
Gullane Childrens Course,,56.0330791,-2.8305653,no_site,unknown,,low,no official website resolved (not in county union directory)
Strathtyrum Course,https://www.standrews.org.uk/Play/Courses/Strathtyrum-Course,56.3507045,-2.8296193,error,unknown,,low,"homepage fetch failed: HTTPSConnectionPool(host='www.standrews.org.uk', port=443): Max retries exceeded with url: /Play/Courses/Strathtyrum-Course (Caused by SSLError(SSLCertVerificationError('A certificate chain processed, but terminated in a root certificate which is not trusted by the trust provider.')))"
Balgove Course,https://www.standrews.org.uk/Play/Courses/Balgove-Course,56.3483414,-2.8215032,error,unknown,,low,"homepage fetch failed: HTTPSConnectionPool(host='www.standrews.org.uk', port=443): Max retries exceeded with url: /Play/Courses/Balgove-Course (Caused by SSLError(SSLCertVerificationError('A certificate chain processed, but terminated in a root certificate which is not trusted by the trust provider.')))"
Innerleithen Golf Club,https://www.innerleithengolf.co.uk/,55.6398916,-3.0577668,brs,public,https://visitors.brsgolf.com/innerleithen#/course/1,high,confirmed by following the platform link found on the club's own site
Archerfield Links,https://www.archerfieldgolfclub.com/,56.0556716,-2.792248,unknown,unknown,,low,homepage loaded (https://archerfieldgolfclub.com/) but no platform signal found on it or 2 booking-ish link(s)
The Renaissance Club,https://trcaa.com/,56.0541685,-2.8074074,unknown,unknown,,low,homepage loaded (https://trcaa.com/) but no platform signal found on it or 0 booking-ish link(s)
Kinghorn Golf Course,https://www.fifegolftrust.co.uk/our-courses/kinghorn,56.0680452,-3.1848118,unknown,unknown,,low,homepage loaded (https://www.fifegolftrust.co.uk/our-courses/kinghorn) but no platform signal found on it or 0 booking-ish link(s)
Monksford House Golf Course,,55.5884126,-2.6672516,no_site,unknown,,low,no official website resolved (not in county union directory)
Kirriemuir,https://www.kirriemuirgolfclub.co.uk/,56.6894527,-2.9970034,brs,public,https://visitors.brsgolf.com/kirriemuir#/open-competitions,high,confirmed by following the platform link found on the club's own site
Hopeman Golf Club,https://www.hopemangc.co.uk/,57.7095568,-3.4201135,error,unknown,,low,"homepage fetch failed: HTTPSConnectionPool(host='www.hopemangc.co.uk', port=443): Max retries exceeded with url: / (Caused by SSLError(SSLCertVerificationError(""The certificate's CN name does not match the passed value."")))"
Cluny Golf,https://www.clunyactivities.co.uk/golf/,56.1557363,-3.2165112,unknown,unknown,,low,homepage loaded (https://www.clunyactivities.co.uk/golf/) but no platform signal found on it or 3 booking-ish link(s)
Shotts Golf Club,https://www.shottsgolfclub.co.uk/,55.8283569,-3.7803202,clubv1,not_available,,high,"platform reached but not a public visitor sheet (platform link; members-only, or visitor booking not enabled): https://shotts.hub.clubv1.com/Visitors/booking"
Easter Moffat Golf Club,https://www.emgc.org.uk/,55.8712496,-3.9175803,clubv1,not_available,,high,"platform reached but not a public visitor sheet (platform link; members-only, or visitor booking not enabled): https://eastermoffat.hub.clubv1.com/Visitors/booking"
Kirkintilloch Golf Club,https://www.kirkintillochgolfclub.com/,55.9490797,-4.1707468,intelligent_golf,public,https://kirkintilloch.intelligentgolf.co.uk/visitorbooking/,high,
Carluke Golf Club,https://www.carlukegolfclub.com/,55.7327632,-3.8645474,brs,login_required,,high,booking link requires login: https://www.carlukegolfclub.com/#
Cullen Golf Club,https://www.cullengolfclub.co.uk/,57.6963281,-2.8414623,unknown,unknown,,low,homepage loaded (https://cullengolfclub.co.uk/) but no platform signal found on it or 0 booking-ish link(s)
Kirkhill Golf Club,https://www.kirkhillgolfclub.org.uk/,55.800977,-4.1655419,brs,public,https://visitors.brsgolf.com/kirkhill#/course/1,high,confirmed by following the platform link found on the club's own site
Cathkin Braes Golf Club,https://cathkinbraesgolfclub.co.uk/,55.7946212,-4.2103167,error,unknown,,low,"homepage fetch failed: HTTPSConnectionPool(host='cathkinbraesgolfclub.co.uk', port=443): Max retries exceeded with url: / (Caused by NameResolutionError(""HTTPSConnection(host='cathkinbraesgolfclub.co.uk', port=443): Failed to resolve 'cathkinbraesgolfclub.co.uk' ([Errno 11002] getaddrinfo failed)""))"
Orkney Golf Club,https://orkneygolfclub.co.uk/,58.9849041,-2.9869959,unknown,unknown,,low,homepage loaded (https://orkneygolfclub.co.uk/) but no platform signal found on it or 11 booking-ish link(s)
South Ronaldsay Golf Course,https://southronaldsaygolf.com/,58.821796,-2.9610985,unknown,unknown,,low,homepage loaded (https://southronaldsaygolf.com/) but no platform signal found on it or 3 booking-ish link(s)
West Linton Golf Course,https://www.wlgc.co.uk/,55.7531253,-3.3807734,unknown,unknown,,low,homepage loaded (https://www.wlgc.co.uk/) but no platform signal found on it or 6 booking-ish link(s)
Piperdam Golf & Leisure Resort,https://www.landal.co.uk/parks/piperdam?gclsrc=aw.ds&gad_source=1#filter:eyJhttps://www.landal.co.uk/parks/piperdamzIjoiMyJ9,56.5,-3.1369183,unknown,unknown,,low,homepage loaded (https://www.landal.co.uk/parks/piperdam?gclsrc=aw.ds&gad_source=1#filter:eyJhttps://www.landal.co.uk/parks/piperdamzIjoiMyJ9) but no platform signal found on it or 3 booking-ish link(s)
Eastwood Golf Course,https://www.eastwoodgolfclub.co.uk/,55.7449343,-4.3549289,brs,unknown,,medium,platform link(s) seen (['brs']) but no confirmed public booking page found
Asta Golf Club,https://www.astagolfcourse.com/,60.1592266,-1.2585864,unknown,unknown,,low,homepage loaded (https://www.astagolfcourse.com/) but no platform signal found on it or 2 booking-ish link(s)
Shetland Golf Club,https://www.shetlandgolfclub.co.uk/,60.1657278,-1.2218763,unknown,unknown,,low,homepage loaded (https://www.shetlandgolfclub.co.uk/) but no platform signal found on it or 3 booking-ish link(s)
Skelmorlie Golf Club,https://www.skelmorliegolf.co.uk/,55.8677248,-4.8747347,unknown,unknown,,low,homepage loaded (https://skelmorlievmsweb.skelmorliegolf.co.uk/) but no platform signal found on it or 9 booking-ish link(s)
Callander Golf Club,https://www.callandergolfclub.co.uk/,56.2435675,-4.198837,brs,public,https://visitors.brsgolf.com/callander/,high,confirmed by following the platform link found on the club's own site
Kilsyth Lennox Golfcouse,https://www.kilsythlennox.com/,55.9864799,-4.0481267,unknown,unknown,,low,homepage loaded (https://www.kilsythlennox.com/) but no platform signal found on it or 7 booking-ish link(s)
Blairmore and Strone Golf Club,,55.9896415,-4.901832,no_site,unknown,,low,no official website resolved (not in county union directory)
Bishopbriggs Golf Range,https://bishopbriggsgolfrange.co.uk/,55.926987,-4.1944192,unknown,unknown,,low,homepage loaded (https://bishopbriggsgolfrange.co.uk/) but no platform signal found on it or 1 booking-ish link(s)
Newburgh Golf Club,https://www.newburghgolfclub.co.uk/,57.3129018,-1.9995878,brs,public,https://visitors.brsgolf.com/newburghonythan,high,
Grantown-On-Spey Golf Club,https://www.grantownonspeygolfclub.co.uk/,57.3330892,-3.5962832,error,unknown,,low,"homepage fetch failed: HTTPSConnectionPool(host='www.grantownonspeygolfclub.co.uk', port=443): Max retries exceeded with url: / (Caused by SSLError(SSLCertVerificationError(""The certificate's CN name does not match the passed value."")))"
Clydebank & District Golf Course,https://www.clydebankdgc.co.uk/,55.922665,-4.3915002,brs,public,https://visitors.brsgolf.com/clydebankdistrict#/course/1,high,
Dumbarton Golf Club,https://dumbartongolfclub.co.uk/,55.9537195,-4.5705693,blocked,unknown,,low,homepage returned HTTP 403 — likely bot-blocked; needs a browser-based check
Murcar Links Golf Club,https://murcarlinks.com/,57.2055939,-2.0693351,brs,public,https://visitors.brsgolf.com/murcarlinks#/course/1,high,confirmed by following the platform link found on the club's own site
Sanquhar Golf Course,,55.3623292,-3.9364475,no_site,unknown,,low,no official website resolved (not in county union directory)
Falkirk Golf Club,https://www.falkirkgolfclub.co.uk/,56.0109925,-3.82547,brs,public,https://visitors.brsgolf.com/falkirk#/course/1,high,confirmed by following the platform link found on the club's own site
Lynedoch Course,https://www.murrayshall.co.uk/,56.416275,-3.3638556,unknown,unknown,,low,homepage loaded (https://www.murrayshall.co.uk/) but no platform signal found on it or 11 booking-ish link(s)
The Kames Golf Club (Mouse Valley),https://www.kames-golf-club.com/html/,55.698563,-3.7055065,error,unknown,,low,"homepage fetch failed: HTTPSConnectionPool(host='www.kames-golf-club.com', port=443): Max retries exceeded with url: /html/ (Caused by NameResolutionError(""HTTPSConnection(host='www.kames-golf-club.com', port=443): Failed to resolve 'www.kames-golf-club.com' ([Errno 11002] getaddrinfo failed)""))"
Wee Braids Golf Course,https://www.edinburghleisure.co.uk/venues/wee-braids-golf-course,55.9123197,-3.1900633,gladstone,public,https://edinburghleisure.gladstonego.cloud/book,high,
Ullapool Golf Club,https://www.ullapoolgolfclub.co.uk/,57.9040262,-5.1710211,unknown,unknown,,low,homepage loaded (https://www.ullapoolgolfclub.co.uk/) but no platform signal found on it or 2 booking-ish link(s)
Bruntsfield Links Short Hole Golf Course,https://www.bruntsfieldshortholegolfclub.co.uk/,55.9396978,-3.2012352,unknown,unknown,,low,homepage loaded (https://www.bruntsfieldshortholegolfclub.co.uk/) but no platform signal found on it or 1 booking-ish link(s)
Dougalston Golf Course,https://www.dougalstongolfclub.co.uk/contact/,55.9430428,-4.2977556,brs,public,https://visitors.brsgolf.com/dougalston#/course/1,high,
Whiting Bay Golf Club,https://www.whitingbaygolf.com/,55.4912459,-5.1066768,brs,public,https://visitors.brsgolf.com/whitingbay#/,high,confirmed by following the platform link found on the club's own site
Kemnay Golf Club,https://www.kemnaygolfclub.co.uk/,57.2246547,-2.4489646,brs,unknown,,medium,platform link(s) seen (['brs']) but no confirmed public booking page found
Airdrie Golf Club,https://www.airdriegolfclub.co.uk/,55.8836018,-3.9857043,clubv1,public,https://airdrie.hub.clubv1.com/Visitors/TeeSheet?date=2026-09-17,high,
Elmwood Golf Course,https://www.elmwoodgolf.co.uk/,56.3005794,-3.0442912,unknown,unknown,,low,homepage loaded (https://www.elmwoodgolf.co.uk/) but no platform signal found on it or 2 booking-ish link(s)
Machrie Bay Golf Course,https://machriebay.com/,55.5538218,-5.340198,unknown,unknown,,low,homepage loaded (https://www.machriebay.com/) but no platform signal found on it or 1 booking-ish link(s)
Tarland Golf Club,https://www.tarlandgolfclub.co.uk/,57.1288455,-2.846923,brs,public,https://visitors.brsgolf.com/tarland,high,
Aboyne Golf Course,https://www.aboynegolfclub.co.uk/,57.0841704,-2.7708823,brs,public,https://visitors.brsgolf.com/aboyne,high,
Dunning Golf Club,https://www.dunninggolfclub.co.uk/,56.3137865,-3.5931099,unknown,unknown,,low,homepage loaded (https://www.dunninggolfclub.co.uk/) but no platform signal found on it or 6 booking-ish link(s)
Glenalmond College Golf Course,https://www.glenalmondcollege.co.uk/co-curricular/sports/golf-school,56.4296991,-3.6789639,unknown,unknown,,low,homepage loaded (https://www.glenalmondcollege.co.uk/co-curricular/sports/golf-school) but no platform signal found on it or 2 booking-ish link(s)
Castle Stuart Golf Links,https://www.castlestuartgolf.com/,57.5274296,-4.1078949,error,unknown,,low,"homepage fetch failed: HTTPSConnectionPool(host='www.castlestuartgolf.com', port=443): Max retries exceeded with url: / (Caused by ConnectTimeoutError(<HTTPSConnection(host='www.castlestuartgolf.com', port=443) at 0x1f5901b39d0>, 'Connection to www.castlestuartgolf.com timed out. (connect timeout=20)'))"
Minto Golf Course,https://www.mintogolf.co.uk/,55.4747459,-2.6838441,blocked,unknown,,low,homepage returned HTTP 403 — likely bot-blocked; needs a browser-based check
North Gailes Golf Centre,https://www.northgailes.co.uk/golf.html,55.5954011,-4.6587708,error,unknown,,low,"homepage fetch failed: HTTPSConnectionPool(host='www.northgailes.co.uk', port=443): Max retries exceeded with url: /golf.html (Caused by NameResolutionError(""HTTPSConnection(host='www.northgailes.co.uk', port=443): Failed to resolve 'www.northgailes.co.uk' ([Errno 11001] getaddrinfo failed)""))"
Western Gailes Golf Club,https://www.westerngailes.com/,55.5809172,-4.663888,clubv1,not_available,,high,"platform reached but not a public visitor sheet (platform link; members-only, or visitor booking not enabled): https://westerngailes.hub.clubv1.com/Visitors/booking"
Kilmarnock Golf Club Barassie Links,https://www.kbgc.co.uk/,55.5703741,-4.6496472,error,unknown,,low,"homepage fetch failed: HTTPSConnectionPool(host='www.kbgc.co.uk', port=443): Read timed out. (read timeout=20)"
Jedburgh Golf Course,https://www.jedburghgolfclub.co.uk/,55.4719897,-2.583238,unknown,unknown,,low,homepage loaded (https://www.jedburghgolfclub.co.uk/) but no platform signal found on it or 3 booking-ish link(s)
Craigielaw Golf Club,https://www.craigielawgolfclub.com/,56.0086202,-2.8769053,golf_manager,public,https://www.craigielawgolfclub.com/golf/play-at-craigielaw/,high,
Luffness New Golf Club,https://www.luffnessnew.com/,56.0223197,-2.8440184,unknown,unknown,,low,homepage loaded (https://www.luffnessnew.com/) but no platform signal found on it or 1 booking-ish link(s)
Gairloch Golf Club,https://gairlochgolfclub.co.uk/,57.7152441,-5.6853269,unknown,unknown,,low,homepage loaded (https://gairlochgolfclub.co.uk/index.html) but no platform signal found on it or 3 booking-ish link(s)
Raon Goilf Beinn na Faoghla,https://www.benbeculagolfclub.co.uk/,57.4788106,-7.357548,unknown,unknown,,low,homepage loaded (https://www.benbeculagolfclub.co.uk/) but no platform signal found on it or 2 booking-ish link(s)
Inveraray Golf Club,,56.2236182,-5.0856007,no_site,unknown,,low,no official website resolved (not in county union directory)
Killin Golf Club,https://www.killingolfclub.co.uk/,56.4787387,-4.3187317,unknown,unknown,,low,homepage loaded (https://www.killingolfclub.co.uk/) but no platform signal found on it or 1 booking-ish link(s)
Fairways Loch Ness Golf Club,https://www.golflochness.com/,57.453461,-4.2041554,error,unknown,,low,"homepage fetch failed: HTTPSConnectionPool(host='www.golflochness.com', port=443): Max retries exceeded with url: / (Caused by SSLError(SSLCertVerificationError(""The certificate's CN name does not match the passed value."")))"
Alyth Golf Course,https://www.alythgolfclub.co.uk/,56.6222431,-3.1999861,unknown,unknown,,low,homepage loaded (https://www.alythgolfclub.co.uk/) but no platform signal found on it or 2 booking-ish link(s)
Cawdor Castle Golf Club,https://www.cawdorcastle.com/golf/index.cfm,57.5214763,-3.9212276,dead_link,unknown,,low,"directory URL returned HTTP 404 — stale link, needs a fresh website lookup"
Shiskine Golf Club,https://www.shiskinegolf.com/,55.506966,-5.3473513,brs,unknown,,medium,platform link(s) seen (['brs']) but no confirmed public booking page found
The Carrick Golf Course,https://www.thecarrick.com/,56.0369379,-4.6377964,unknown,unknown,,low,homepage loaded (https://www.thecarrick.com/) but no platform signal found on it or 1 booking-ish link(s)
Powfoot Golf Club,https://www.powfootgolfclub.com/,54.9770609,-3.3419755,brs,unknown,,medium,platform link(s) seen (['brs']) but no confirmed public booking page found
Whitemoss Golf Club,,56.312388,-3.6417011,no_site,unknown,,low,no official website resolved (not in county union directory)
Hawick Golf Course,https://www.hawickgolfclub.com/,55.4072919,-2.7984823,unknown,unknown,,low,homepage loaded (https://www.hawickgolfclub.com/) but no platform signal found on it or 4 booking-ish link(s)
Craibstone Golf Course,https://www.marshall-leisure.co.uk/,57.182457,-2.2320424,clubv1,public,https://craibstone.hub.clubv1.com/Visitors/TeeSheet?date=2026-09-17,high,
Cambuslang Golf Club,https://cambuslanggolf.co.uk/,55.8213228,-4.1607814,unknown,unknown,,low,homepage loaded (https://cambuslanggolf.co.uk/) but no platform signal found on it or 0 booking-ish link(s)
Wigtown and Bladnoch Golf Club,https://wigtownbladnoch.cw.sct.dotgolf.co.uk/home,54.8642482,-4.4497717,unknown,unknown,,low,homepage loaded (https://wigtownbladnoch.cw.sct.dotgolf.co.uk/home) but no platform signal found on it or 1 booking-ish link(s)
Leslie Golf Club,https://www.lesliegolfclub.co.uk/,56.2044908,-3.2189276,unknown,unknown,,low,homepage loaded (https://www.lesliegolfclub.co.uk/) but no platform signal found on it or 0 booking-ish link(s)
Tain Golf Club,https://tain-golfclub.co.uk/,57.8158047,-4.0292411,blocked,unknown,,low,homepage returned HTTP 403 — likely bot-blocked; needs a browser-based check
Brora Golf Club,https://www.broragolfclub.co.uk/,58.0233987,-3.842989,intelligent_golf,public,https://www.broragolfclub.co.uk/visitorbooking/,high,
Stromness Golf Club,https://www.stromnessgc.co.uk/,58.9523218,-3.3014599,unknown,unknown,,low,homepage loaded (https://www.stromnessgc.co.uk/) but no platform signal found on it or 3 booking-ish link(s)
Isle of Skye Golf Club,https://www.isleofskyegolfclub.co.uk/,57.3112957,-6.0917929,clubv1,public,https://isleofskye.hub.clubv1.com/Visitors/TeeSheet?date=2026-09-17,high,
Comann Goilf na Hearadh,https://www.harrisgolf.com/,57.8306588,-7.0369328,unknown,unknown,,low,homepage loaded (https://www.harrisgolf.com/) but no platform signal found on it or 5 booking-ish link(s)
Stranraer Golf Club,https://www.stranraergolfclub.net/,54.9250942,-5.0638362,brs,public,https://visitors.brsgolf.com/stranraer#/course/1,high,confirmed by following the platform link found on the club's own site
Portpatrick Dunskey Golf Club,https://www.portpatrickgolfclub.com/,54.8478127,-5.1201148,brs,unknown,,medium,platform link(s) seen (['brs']) but no confirmed public booking page found
Wigtownshire County Golf Course,https://wigtownshirecountygolfclub.com/,54.8653746,-4.8278994,unknown,unknown,,low,homepage loaded (https://wigtownshirecountygolfclub.com/) but no platform signal found on it or 2 booking-ish link(s)
St Medan Golf Club,https://www.stmedangolfclub.com/,54.7255296,-4.5394577,unknown,unknown,,low,homepage loaded (https://www.stmedangolfclub.com/) but no platform signal found on it or 1 booking-ish link(s)
Brighouse Bay Golf Club,https://www.brighousebay-golfclub.co.uk/,54.7799313,-4.1415451,error,unknown,,low,"homepage fetch failed: HTTPSConnectionPool(host='www.brighousebay-golfclub.co.uk', port=443): Max retries exceeded with url: / (Caused by NameResolutionError(""HTTPSConnection(host='www.brighousebay-golfclub.co.uk', port=443): Failed to resolve 'www.brighousebay-golfclub.co.uk' ([Errno 11001] getaddrinfo failed)""))"
Colvend Golf Club,https://www.colvendgolfclub.co.uk/,54.878238,-3.7383974,unknown,unknown,,low,homepage loaded (https://www.colvendgolfclub.co.uk/) but no platform signal found on it or 7 booking-ish link(s)
Arbroath Golf Course,https://www.arbroathgolfcourse.co.uk/,56.5363672,-2.6304408,unknown,unknown,,low,homepage loaded (https://www.arbroathgolfcourse.co.uk/) but no platform signal found on it or 4 booking-ish link(s)
Montrose Golf Links,https://montrosegolflinks.com/,56.7207001,-2.4506106,blocked,unknown,,low,homepage returned HTTP 403 — likely bot-blocked; needs a browser-based check
Inverallochy Golf Club,https://www.inverallochygolfclub.com/,57.668496,-1.9195754,unknown,unknown,,low,homepage loaded (https://www.inverallochygolfclub.com/) but no platform signal found on it or 1 booking-ish link(s)
Fraserburgh Golf Club,https://fraserburghgolfclub.org/,57.6742651,-1.9812047,unknown,unknown,,low,homepage loaded (https://fraserburghgolfclub.org/) but no platform signal found on it or 3 booking-ish link(s)
Rosehearty Golf Club,https://www.roseheartygolfclub.com/,57.6965936,-2.1033546,unknown,unknown,,low,homepage loaded (https://www.roseheartygolfclub.com/) but no platform signal found on it or 2 booking-ish link(s)
Strathlene Golf Club,https://www.strathlenegolfclub.co.uk/,57.6923228,-2.9181824,unknown,unknown,,low,homepage loaded (https://www.strathlenegolfclub.co.uk/) but no platform signal found on it or 0 booking-ish link(s)
Buckpool Golf Club,https://buckpoolgolf.com/,57.6685679,-2.9907264,brs,public,https://visitors.brsgolf.com/buckpool#/open-competitions,high,
Spey Bay Golf Course,https://www.linksdao.io/spey-bay,57.6683777,-3.0642943,unknown,unknown,,low,homepage loaded (https://www.linksdao.io/spey-bay) but no platform signal found on it or 0 booking-ish link(s)
Garmouth & Kingston Golf Course,https://garmouthkingstongolfclub.com/,57.6670934,-3.1024905,clubv1,public,https://gandkgc.hub.clubv1.com/Visitors/TeeSheet?date=2026-09-17,high,confirmed by following the platform link found on the club's own site
Traigh Golf Course,https://www.traighgolf.co.uk/,56.9419635,-5.8540629,unknown,unknown,,low,homepage loaded (https://www.traighgolf.co.uk/) but no platform signal found on it or 2 booking-ish link(s)
Taynuilt Golf Club,https://www.taynuiltgolfclub.co.uk/,56.434466,-5.2412953,unknown,unknown,,low,homepage loaded (https://www.taynuiltgolfclub.co.uk/) but no platform signal found on it or 3 booking-ish link(s)
Gleneagles Golf Resort,https://www.gleneagles.com/golf,56.2791972,-3.7561935,chronogolf,public,https://www.chronogolf.com/club/19640/widget?medium=widget&source=club,high,confirmed by following the platform link found on the club's own site
Auchterarder Golf Club,https://www.auchterardergolf.co.uk/home,56.2879046,-3.727848,brs,unknown,,medium,platform link(s) seen (['brs']) but no confirmed public booking page found
gWest golf course,https://www.gwest.co.uk/golf.php,56.2719115,-3.7890195,unknown,unknown,,low,homepage loaded (https://www.gwest.co.uk/golf.php) but no platform signal found on it or 0 booking-ish link(s)
Hollandbush Golf Course,https://www.hollandbushgolfclub.co.uk/,55.6111932,-3.8902109,clubv1,public,https://hollandbush.hub.clubv1.com/Visitors/TeeSheet?date=2026-09-17,high,confirmed by following the platform link found on the club's own site
Tillicoultry Golf Club,https://www.tillicoultrygolfclub.com/,56.1554622,-3.7561056,clubv1,public,https://tillicoultry.hub.clubv1.com/visitors/TeeSheet?date=2026-09-17,high,
Kingsfield Golf Course,https://www.kingsfieldgolf.com/,55.9840472,-3.5543971,blocked,unknown,,low,homepage returned HTTP 403 — likely bot-blocked; needs a browser-based check
Strathendrick Golf Club,https://www.strathendrickgolfclub.co.uk/,56.0556167,-4.4454125,brs,public,https://visitors.brsgolf.com/strathendrick#/course/1,high,
North Inch Golf Course,https://www.northinchgolf.co.uk/,56.4092244,-3.4368764,brs,unknown,,medium,platform link(s) seen (['brs']) but no confirmed public booking page found
Crow Wood Golf Club,https://www.crowwoodgolfclub.co.uk/,55.9019886,-4.118787,clubv1,not_available,,high,"platform reached but not a public visitor sheet (platform link; members-only, or visitor booking not enabled): https://crowwood.hub.clubv1.com/Visitors/booking"
Galashiels Golf Course,https://www.galashielsgolfclub.co.uk/,55.6241375,-2.8000497,unknown,unknown,,low,homepage loaded (https://www.galashielsgolfclub.co.uk/) but no platform signal found on it or 1 booking-ish link(s)
Blair Atholl Golf Club,https://www.blairathollgolf.co.uk/,56.7616011,-3.8377804,brs,public,https://visitors.brsgolf.com/blairatholl#/course/1,high,confirmed by following the platform link found on the club's own site
Castle Park Golf Course,https://www.castleparkgolfclub.co.uk/,55.8888723,-2.7227825,unknown,not_available,,high,"platform reached but not a public visitor sheet (booking link; members-only, or visitor booking not enabled): https://www.castleparkgolfclub.co.uk/members/member-online-tee-times/"
Largs Golf Course,https://www.largsgolfclub.co.uk/,55.7760285,-4.8514824,clubv1,public,https://largs.hub.clubv1.com/visitors/TeeSheet?date=2026-09-17,high,
Strathpeffer Spa Golf Club,https://www.strathpeffergolf.co.uk/,57.5910566,-4.5501265,unknown,unknown,,low,homepage loaded (https://www.strathpeffergolf.co.uk/) but no platform signal found on it or 0 booking-ish link(s)
Riverside Lodge Hotel Irvine Golf Course,,55.6118993,-4.6506504,no_site,unknown,,low,no official website resolved (not in county union directory)
New Galloway Golf Club,https://newgallowaygolfclub.com/,55.0678722,-4.1471177,unknown,unknown,,low,homepage loaded (https://newgallowaygolfclub.com/) but no platform signal found on it or 2 booking-ish link(s)
Kingussie Golf Club,https://kingussiegolfclub.co.uk/,57.0914782,-4.0529104,brs,unknown,,medium,platform link(s) seen (['brs']) but no confirmed public booking page found
Ballindalloch Castle Golf Course,https://www.ballindallochcastlegolf.com/,57.4027864,-3.3659099,brs,public,https://visitors.brsgolf.com/ballindalloch#/course/1,high,
Strathaven Golf Club,https://www.strathavengc.com/,55.6904494,-4.0684111,intelligent_golf,public,https://www.strathavengc.com/visitorbooking/,high,confirmed via intelligent_golf's standard booking path
Braemar Golf Club,https://www.braemargolfclub.co.uk/,56.9948,-3.396839,clubv1,public,https://braemar.hub.clubv1.com/visitors/TeeSheet?date=2026-09-17,high,
Dalmally Golf Club,https://www.dalmallygolfclub.co.uk/,56.4069279,-5.0118636,unknown,unknown,,low,homepage loaded (https://www.dalmallygolfclub.co.uk/) but no platform signal found on it or 1 booking-ish link(s)
Auchterderran Golf Course,https://fifegolftrust.co.uk/auchterderran-golf-course/,56.150684,-3.2779795,brs,public,https://visitors.brsgolf.com/cowdenbeath#/course/1,high,
St Michaels Golf Club,https://stmichaelsgolfclub.com/,56.3884809,-2.9003724,brs,public,https://visitors.brsgolf.com/stmichaels#/course/1,high,confirmed by following the platform link found on the club's own site
Comunn Goilf Bharraidh,,57.0088368,-7.5056573,no_site,unknown,,low,no official website resolved (not in county union directory)
Raon Goilf Aisgernis,https://askernishgolfclub.com/,57.1849548,-7.4150567,unknown,unknown,,low,homepage loaded (https://www.askernishgolfclub.com/) but no platform signal found on it or 2 booking-ish link(s)
Lilliesleaf Golf Course,,55.4925832,-2.787542,no_site,unknown,,low,no official website resolved (not in county union directory)
Melrose Golf Club,https://melrosegolfclub.co.uk/,55.5868316,-2.7289904,unknown,unknown,,low,homepage loaded (https://melrosegolfclub.co.uk/) but no platform signal found on it or 4 booking-ish link(s)
Bute Golf Club,https://www.butegolfclub.com/,55.7584884,-5.058245,unknown,unknown,,low,homepage loaded (https://www.butegolfclub.com/) but no platform signal found on it or 2 booking-ish link(s)
Kingarrock Hickory Golf Course,https://www.nts.org.uk/visit/places/hill-of-tarvit-mansion/highlights/kingarrock-hickory-golf,56.2926992,-3.0038563,brs,unknown,,medium,platform link(s) seen (['brs']) but no confirmed public booking page found
Balfron Golf Club,https://www.balfrongolfsociety.org.uk/,56.0781247,-4.3289485,unknown,unknown,,low,homepage loaded (https://www.balfrongolfsociety.org.uk/) but no platform signal found on it or 1 booking-ish link(s)
Gifford Golf Club,https://www.giffordgolfclub.com/,55.8956452,-2.7590832,brs,unknown,,medium,platform link(s) seen (['brs']) but no confirmed public booking page found
Newcastleton Golf Course,https://www.visitnewcastleton.com/content/newcastleton-golf-club,55.1802135,-2.8257009,dead_link,unknown,,low,"directory URL returned HTTP 404 — stale link, needs a fresh website lookup"
Lamlash Golf Club,https://www.lamlashgolfclub.com/,55.5456052,-5.1288983,brs,unknown,,medium,platform link(s) seen (['brs']) but no confirmed public booking page found
New Cumnock Golf Course,https://members.tripod.com/bob_newcumnock/golf/welcomex.html,55.4074932,-4.2021201,error,unknown,,low,"homepage fetch failed: HTTPSConnectionPool(host='members.tripod.com', port=443): Max retries exceeded with url: /bob_newcumnock/golf/welcomex.html (Caused by NameResolutionError(""HTTPSConnection(host='members.tripod.com', port=443): Failed to resolve 'members.tripod.com' ([Errno 11001] getaddrinfo failed)""))"
Doon Valley Golf Club,,55.3609484,-4.4919966,no_site,unknown,,low,no official website resolved (not in county union directory)
Ballochmyle Golf Club,https://ballochmylegolfclub.com/,55.5048242,-4.3522605,unknown,unknown,,low,homepage loaded (https://ballochmylegolfclub.com/) but no platform signal found on it or 1 booking-ish link(s)
Newton Stewart Golf Club,https://www.newtonstewartgolfclub.co.uk/,54.9647468,-4.4733931,unknown,unknown,,low,homepage loaded (https://www.newtonstewartgolfclub.co.uk/) but no platform signal found on it or 3 booking-ish link(s)
Brunston Castle Golf Club,,55.2719368,-4.7394416,no_site,unknown,,low,no official website resolved (not in county union directory)
Maybole Golf Course,https://www.maybolegolf.com/,55.3484384,-4.6885939,golfnow,out_of_scope,,high,"GolfNow listing, not the club's own booking — excluded by policy: https://go.teeitup.com/20537"
Roodlea Golf Course,https://www.roodleagolf.co.uk/,55.4418682,-4.5434513,error,unknown,,low,"homepage fetch failed: HTTPSConnectionPool(host='www.roodleagolf.co.uk', port=443): Max retries exceeded with url: / (Caused by SSLError(SSLCertVerificationError(""The certificate's CN name does not match the passed value."")))"
Whalsay Golf Club,https://www.whalsaygolfclub.co.uk/,60.3787945,-0.9146068,blocked,unknown,,low,homepage returned HTTP 403 — likely bot-blocked; needs a browser-based check
Port Bannatyne Golf Club,https://portbannatynegolfclub.co.uk/,55.8567604,-5.0901688,unknown,unknown,,low,homepage loaded (https://portbannatynegolfclub.co.uk/) but no platform signal found on it or 1 booking-ish link(s)
St. Stephen’s Primary School golf course,https://blogs.glowscotland.org.uk/nl/ststephensprimary/,55.8544376,-3.9993658,unknown,unknown,,low,homepage loaded (https://blogs.glowscotland.org.uk/nl/ststephensprimary/) but no platform signal found on it or 0 booking-ish link(s)
Edzell Golf Club,https://www.edzellgolfclub.com/,56.7998447,-2.6612186,brs,public,https://visitors.brsgolf.com/edzell9#/course/1,high,confirmed by following the platform link found on the club's own site
Millport Golf Course,https://millportgolfclub.co.uk/,55.7652064,-4.9327676,unknown,unknown,,low,homepage loaded (https://millportgolfclub.co.uk/) but no platform signal found on it or 5 booking-ish link(s)
Kelly Castle golf course,,56.5508195,-2.6401803,no_site,unknown,,low,no official website resolved (not in county union directory)
Craigtoun Course,https://www.standrews.com/golf/courses/the-craigtoun-course,56.3194159,-2.8443965,unknown,unknown,,low,homepage loaded (https://www.standrews.com/golf/courses/the-craigtoun-course) but no platform signal found on it or 1 booking-ish link(s)
Ballumbie Castle Golf Course,https://www.ballumbiegolf.co.uk/,56.4978435,-2.9044847,brs,public,https://visitors.brsgolf.com/ballumbie,high,
Corrie Golf Club,https://www.golfonarran.com/,55.6636092,-5.1610617,unknown,unknown,,low,homepage loaded (https://www.golfonarran.com/) but no platform signal found on it or 1 booking-ish link(s)
Forbes of Kingennie Golf Course,https://forbesofkingennie.co.uk/,56.5159955,-2.8443961,brs,public,https://visitors.brsgolf.com/forbesofkingennie#/course/1,high,confirmed by following the platform link found on the club's own site
Inchmarlo Golf Resort,https://www.inchmarlogolf.co.uk/,57.0589054,-2.5339817,brs,unknown,,medium,"platform link(s) seen (['brs', 'golfnow']) but no confirmed public booking page found"
Dufftown Golf Club,https://dufftowngolfclub.com/,57.4404442,-3.1582973,blocked,unknown,,low,homepage returned HTTP 403 — likely bot-blocked; needs a browser-based check
Bishopshire Golf Club,https://www.bishopshiregolf.club/,56.2090321,-3.3232475,unknown,unknown,,low,homepage loaded (https://www.bishopshiregolf.club/) but no platform signal found on it or 0 booking-ish link(s)
Campbelltown Putting Green,https://www.skdt.org/putting-green/,55.4220026,-5.6002042,unknown,unknown,,low,homepage loaded (https://www.skdt.org/putting-green/) but no platform signal found on it or 1 booking-ish link(s)
Biggar Golf Club,https://www.biggargolfclub.co.uk/,55.6190438,-3.5123627,unknown,unknown,,low,homepage loaded (https://www.biggargolfclub.co.uk/) but no platform signal found on it or 0 booking-ish link(s)
Auchenharvie Golf Course,https://kaleisure.com/location/auchenharvie-golf-course/,55.6355054,-4.7687485,unknown,unknown,,low,homepage loaded (https://kaleisure.com/location/auchenharvie-golf-course/) but no platform signal found on it or 5 booking-ish link(s)
Seton Sands 9 Hole Golf Course,https://www.haven.com/parks/scotland/seton-sands,55.9668033,-2.9267084,unknown,unknown,,low,homepage loaded (https://www.haven.com/parks/scotland/seton-sands) but no platform signal found on it or 5 booking-ish link(s)
Irvine Golf Club,https://www.theirvinegolfclub.co.uk/,55.6255956,-4.6891705,clubv1,not_available,,high,"platform reached but not a public visitor sheet (platform link; members-only, or visitor booking not enabled): https://irvine.hub.clubv1.com/Visitors/booking"
Ardeer Golf Club,https://ardeergolfclub.co.uk/,55.6578657,-4.75388,unknown,unknown,,low,homepage loaded (https://ardeergolfclub.co.uk/) but no platform signal found on it or 5 booking-ish link(s)
Cowal Golf Club,https://www.cowalgolfclub.online/,55.9658328,-4.9224019,error,unknown,,low,"homepage fetch failed: HTTPSConnectionPool(host='www.cowalgolfclub.online', port=443): Max retries exceeded with url: / (Caused by NameResolutionError(""HTTPSConnection(host='www.cowalgolfclub.online', port=443): Failed to resolve 'www.cowalgolfclub.online' ([Errno 11001] getaddrinfo failed)""))"
Dunecht House Golf Club,https://www.dunechthousegolfclub.co.uk/,57.1585988,-2.4094974,unknown,unknown,,low,homepage loaded (https://www.dunechthousegolfclub.co.uk/) but no platform signal found on it or 1 booking-ish link(s)
St Fillans Golf Club,https://www.st-fillans-golf.com/,56.3888253,-4.1016837,unknown,unknown,,low,homepage loaded (https://www.st-fillans-golf.com/) but no platform signal found on it or 1 booking-ish link(s)
Buchanan Castle Golf Club,https://www.buchanancastlegolfclub.co.uk/,56.0635381,-4.4803593,clubv1,public,https://buchanancastle.hub.clubv1.com/Visitors/TeeSheet?date=2026-09-17,high,confirmed by following the platform link found on the club's own site
Cathcart Castle Golf Course,https://www.cathcartcastle.net/,55.7885404,-4.2995814,intelligent_golf,login_required,,high,booking link requires login: https://www.cathcartcastle.net/visitorbooking
East Renfrewshire Golf Club,https://www.eastrengolfclub.co.uk/,55.7555851,-4.367665,brs,public,https://visitors.brsgolf.com/eastrenfrewshire#/course/1,high,confirmed by following the platform link found on the club's own site
Atholl Palace Hotel Pitch and Putt course,https://www.athollpalace.com/attractions/putting-green/,56.6995576,-3.7162226,unknown,unknown,,low,homepage loaded (https://www.athollpalace.com/attractions/putting-green/) but no platform signal found on it or 7 booking-ish link(s)
Williamwood Golf Club,https://www.williamwoodgc.co.uk/,55.7955679,-4.2794304,clubv1,not_available,,high,"platform reached but not a public visitor sheet (platform link; members-only, or visitor booking not enabled): https://williamwood.hub.clubv1.com/Visitors/booking"
Rutherford Castle Golf Course,https://rutherfordcastlegc.org.uk/,55.7700401,-3.3374444,error,unknown,,low,"homepage fetch failed: HTTPSConnectionPool(host='rutherfordcastlegc.org.uk', port=443): Max retries exceeded with url: / (Caused by NameResolutionError(""HTTPSConnection(host='rutherfordcastlegc.org.uk', port=443): Failed to resolve 'rutherfordcastlegc.org.uk' ([Errno 11001] getaddrinfo failed)""))"
Irvine Ravenspark Golf Club,https://www.irgc.co.uk/,55.632177,-4.6821751,unknown,unknown,,low,homepage loaded (https://www.irgc.co.uk/) but no platform signal found on it or 1 booking-ish link(s)
Broadlees Golf Course,https://www.broadleesgolf.co.uk/,55.7120623,-4.1039734,dead_link,unknown,,low,"directory URL returned HTTP 404 — stale link, needs a fresh website lookup"
Glencruitten Golf Club,https://www.golfoban.com/,56.4117457,-5.4533991,unknown,unknown,,low,homepage loaded (https://www.golfoban.com/) but no platform signal found on it or 3 booking-ish link(s)
Douglas Water Golf Course,,55.5916106,-3.7865308,no_site,unknown,,low,no official website resolved (not in county union directory)
Thurso Golf Club,https://thursogolfclub.co.uk/,58.5826497,-3.5523179,unknown,unknown,,low,homepage loaded (https://thursogolfclub.co.uk/) but no platform signal found on it or 0 booking-ish link(s)
The Pine Lodge Golf Centre,,57.252587,-2.4164232,no_site,unknown,,low,no official website resolved (not in county union directory)
Foulford Inn Golf Course,https://foulfordinn.co.uk/,56.4202449,-3.7842242,blocked,unknown,,low,homepage returned HTTP 403 — likely bot-blocked; needs a browser-based check
Rowallan Castle Golf Course,https://rowallancastle.com/rowallan-championship-golf-course-ayrshire/,55.6495314,-4.4945334,brs,public,https://visitors.brsgolf.com/rowallancastle/#/course/1,high,
Dalbeattie Golf Club,https://www.dalbeattiegolfclub.co.uk/,54.9410261,-3.8298372,unknown,unknown,,low,homepage loaded (https://www.dalbeattiegolfclub.co.uk/) but no platform signal found on it or 4 booking-ish link(s)
Fort Augustus Golf Club,,57.1381201,-4.6942911,no_site,unknown,,low,no official website resolved (not in county union directory)
Charleton Golf Club,https://charleton.co.uk/,56.2226571,-2.8672653,unknown,unknown,,low,homepage loaded (https://charleton.co.uk/) but no platform signal found on it or 6 booking-ish link(s)
Vale of Leven Golf Club,https://www.volgc.org/,55.9918527,-4.5558638,clubv1,not_available,,high,"platform reached but not a public visitor sheet (platform link; members-only, or visitor booking not enabled): https://valeofleven.hub.clubv1.com/Visitors/booking"
Kingsbarns Golf Links,https://www.kingsbarns.com/,56.2994358,-2.6413124,unknown,unknown,,low,homepage loaded (https://www.kingsbarns.com/) but no platform signal found on it or 3 booking-ish link(s)
Pitlochry Putting Green,,56.7038154,-3.7411245,no_site,unknown,,low,no official website resolved (not in county union directory)
Meldrum House Golf Course,https://www.meldrumhouse.com/golf/,57.3524312,-2.3141866,unknown,unknown,,low,homepage loaded (https://www.meldrumhouse.com/golf/) but no platform signal found on it or 2 booking-ish link(s)
Loch of Aboyne Golf Course,,57.0901719,-2.7619182,no_site,unknown,,low,no official website resolved (not in county union directory)
Feddinch Mains,https://amgolf.consultationonline.co.uk/,56.3158902,-2.8303411,error,unknown,,low,"homepage fetch failed: ('Connection aborted.', ConnectionResetError(10054, 'An existing connection was forcibly closed by the remote host', None, 10054, None))"
Callendar Park Golf Course,,55.9942498,-3.7744549,no_site,unknown,,low,no official website resolved (not in county union directory)
Struie Course,https://royaldornoch.com/struie-course/,57.8734071,-4.0339614,unknown,unknown,,low,homepage loaded (https://royaldornoch.com/struie-course/) but no platform signal found on it or 5 booking-ish link(s)
Kirkcudbright Golf Course,https://www.kirkcudbrightgolf.co.uk/,54.8436283,-4.0353185,unknown,unknown,,low,homepage loaded (https://www.kirkcudbrightgolf.co.uk/) but no platform signal found on it or 5 booking-ish link(s)
Alness Golf Club,https://www.alnessgolf.co.uk/,57.7052408,-4.2638763,unknown,unknown,,low,homepage loaded (https://www.alnessgolf.co.uk/) but no platform signal found on it or 1 booking-ish link(s)
Colonsay Golf Club,https://www.colonsay.org.uk/Things-to-Do/Golf,56.0611026,-6.2441065,blocked,unknown,,low,homepage returned HTTP 403 — likely bot-blocked; needs a browser-based check
Dumbarnie Links,https://dumbarnielinks.com/,56.2081078,-2.8919786,brs,public,https://visitors.brsgolf.com/dumbarnie#/course/1,high,confirmed by following the platform link found on the club's own site
Abernethy Golf club,https://www.abernethygolfclub.com/,57.2715495,-3.6499087,unknown,unknown,,low,homepage loaded (https://www.abernethygolfclub.com/) but no platform signal found on it or 2 booking-ish link(s)
Lochwinnoch Golf Club,https://www.lochwinnochgolf.co.uk/,55.7989675,-4.6418245,unknown,unknown,,low,homepage loaded (https://www.lochwinnochgolf.co.uk/) but no platform signal found on it or 3 booking-ish link(s)
Kilmacolm Golf Club,https://www.kilmacolmgolfclub.com/,55.8894877,-4.6081186,clubv1,public,https://kilmacolm.hub.clubv1.com/visitors/TeeSheet?date=2026-09-17,high,
Craggan Golf Course,https://www.cairngormsactivities.co.uk/golf,57.3118093,-3.6262666,unknown,unknown,,low,homepage loaded (https://www.cairngormsactivities.co.uk/golf) but no platform signal found on it or 3 booking-ish link(s)
Spey Valley 9-hole Academy Golf Course,,57.1963154,-3.8107007,no_site,unknown,,low,no official website resolved (not in county union directory)
Langholm Golf Club,https://www.langholmgolfclub.co.uk/,55.1511422,-2.9905514,unknown,unknown,,low,homepage loaded (https://www.langholmgolfclub.co.uk/) but no platform signal found on it or 1 booking-ish link(s)
Covesea Links,https://covesealinks.com/,57.7208799,-3.3595062,unknown,unknown,,low,homepage loaded (https://covesealinks.com/) but no platform signal found on it or 2 booking-ish link(s)
Hoddom Castle Caravan Site golf course,https://www.hoddomcastle.co.uk/,55.0453783,-3.3176843,unknown,unknown,,low,homepage loaded (https://www.hoddomcastle.co.uk/) but no platform signal found on it or 2 booking-ish link(s)
Lybster Golf Club,https://lybstergolfclub.co.uk/,58.3040876,-3.2823502,unknown,unknown,,low,homepage loaded (https://lybstergolfclub.co.uk/) but no platform signal found on it or 4 booking-ish link(s)
Helmsdale Community Golf Club,,58.1240738,-3.6585002,no_site,unknown,,low,no official website resolved (not in county union directory)
Beechbank 6-hole course,https://www.kemnaygolfclub.co.uk/copy-of-championship-course,57.2246742,-2.4564302,brs,unknown,,medium,platform link(s) seen (['brs']) but no confirmed public booking page found
Turriff Golf Club,https://www.turriffgolfclub.com/,57.5377995,-2.4810014,dead_link,unknown,,low,"directory URL returned HTTP 404 — stale link, needs a fresh website lookup"
Craigknowes Golf Course,,54.8882566,-3.8075855,no_site,unknown,,low,no official website resolved (not in county union directory)
Loudoun Gowf Club,https://www.loudoungowfclub.co.uk/,55.6057288,-4.363788,clubv1,public,https://loudoungowf.hub.clubv1.com/Visitors/TeeSheet?date=2026-09-17,high,
Muirkirk Golf Club,,55.5113868,-4.0727357,no_site,unknown,,low,no official website resolved (not in county union directory)
Westray Golf Club,https://westraygolf.org/,59.3257587,-3.0000016,unknown,unknown,,low,homepage loaded (https://westraygolf.org/) but no platform signal found on it or 0 booking-ish link(s)
Auchenblae Golf Course,https://www.auchenblaegolfcourse.co.uk,56.9036448,-2.4401106,brs,public,https://visitors.brsgolf.com/auchenblae#/course/1,high,
Kilspindie Golf Club,https://kilspindiegolfclub.co.uk/,56.0096657,-2.881928,error,unknown,,low,"homepage fetch failed: HTTPSConnectionPool(host='kilspindiegolfclub.co.uk', port=443): Max retries exceeded with url: / (Caused by SSLError(SSLCertVerificationError(""The certificate's CN name does not match the passed value."")))"
Dunkeld and Birnam Golf Club,https://www.dunkeldandbirnamgolfclub.co.uk/,56.5705265,-3.569021,brs,public,https://visitors.brsgolf.com/dunkeldbirnam,high,
Craignure Golf Club,https://craignuregolfclub.co.uk/,56.4831406,-5.7300685,unknown,unknown,,low,homepage loaded (https://craignuregolfclub.co.uk/) but no platform signal found on it or 2 booking-ish link(s)
Tobermory Golf Club,https://www.tobermorygolfclub.com/,56.6289294,-6.0642467,unknown,unknown,,low,homepage loaded (https://www.tobermorygolfclub.com/) but no platform signal found on it or 2 booking-ish link(s)
The Machrie,https://islaygolfclub.co.uk/,55.6643758,-6.2558669,blocked,unknown,,low,homepage returned HTTP 403 — likely bot-blocked; needs a browser-based check
Beginners Golf Course,,55.8902068,-3.1132548,no_site,unknown,,low,no official website resolved (not in county union directory)
Kintore Golf Club,https://www.kintoregolfclub.net/,57.2431114,-2.3207408,brs,unknown,,medium,platform link(s) seen (['brs']) but no confirmed public booking page found
Gullane Golf Club,https://gullanegolfclub.com/,56.0304657,-2.845598,brs,public,https://visitors.brsgolf.com/gullane,high,
Vaul Golf Club,https://vaulgolfclub.co.uk/,56.5322503,-6.7908114,unknown,unknown,,low,homepage loaded (https://www.vaulgolfclub.co.uk/) but no platform signal found on it or 2 booking-ish link(s)
Rothesay Golf Club,https://www.rothesaygolfclub.co.uk/,55.8329212,-5.0409677,unknown,unknown,,low,homepage loaded (https://www.rothesaygolfclub.co.uk/) but no platform signal found on it or 1 booking-ish link(s)
Uig Lodge golf course,https://www.uiglodge.co.uk/,58.1881348,-7.0146121,unknown,unknown,,low,homepage loaded (https://www.uiglodge.co.uk/) but no platform signal found on it or 3 booking-ish link(s)
Gordonstoun Golf Course,,57.7068086,-3.3561432,no_site,unknown,,low,no official website resolved (not in county union directory)
Bogside House golf course,,55.5151661,-4.5532474,no_site,unknown,,low,no official website resolved (not in county union directory)
Routenburn Golf Club,https://www.routenburngolfclub.co.uk/,55.8211617,-4.875485,unknown,unknown,,low,homepage loaded (https://www.routenburngolfclub.co.uk/) but no platform signal found on it or 0 booking-ish link(s)
Whinhill Golf Course,https://ilactivegolf.com/,55.9326317,-4.760952,error,unknown,,low,"homepage fetch failed: HTTPSConnectionPool(host='ilactivegolf.com', port=443): Max retries exceeded with url: / (Caused by NameResolutionError(""HTTPSConnection(host='ilactivegolf.com', port=443): Failed to resolve 'ilactivegolf.com' ([Errno 11001] getaddrinfo failed)""))"
Medal Course,,56.4854119,-2.7963556,no_site,unknown,,low,no official website resolved (not in county union directory)
Ashludie Course,,56.4859625,-2.8012555,no_site,unknown,,low,no official website resolved (not in county union directory)
Lochgilphead Golf Club,https://www.lochgilpheadgolfclub.co.uk/,56.0438084,-5.4126526,unknown,unknown,,low,homepage loaded (https://www.lochgilpheadgolfclub.co.uk/) but no platform signal found on it or 3 booking-ish link(s)
Balmoral Estate 9-hole golf course,https://balmoralcastle.com/visiting/balmoral-estate/golf,57.0350902,-3.218303,unknown,unknown,,low,homepage loaded (https://balmoralcastle.com/visiting/balmoral-estate/explore/golf) but no platform signal found on it or 1 booking-ish link(s)
Kinloss Golf Course,,57.6513225,-3.515943,no_site,unknown,,low,no official website resolved (not in county union directory)
Kyles of Bute Golf Club,https://www.kylesofbutegolfclub.co.uk/,55.8880683,-5.2473303,unknown,unknown,,low,homepage loaded (https://www.kylesofbutegolfclub.co.uk/) but no platform signal found on it or 1 booking-ish link(s)
B. A.  Club Pitch and Putt,https://www.facebook.com/pages/BA-Club/151694704870059,56.832321,-5.079273,unknown,unknown,,low,homepage loaded (https://www.facebook.com/pages/BA-Club/151694704870059) but no platform signal found on it or 0 booking-ish link(s)
The Baird Course,https://www.eliesportsclub.co.uk/golf,56.192833,-2.8275815,brs,public,https://visitors.brsgolf.com/elie#/course/1,high,
Dunes Golf Centre,https://dunesgolfcentre.co.uk/,57.6765033,-1.9952178,unknown,unknown,,low,homepage loaded (https://dunesgolfcentre.co.uk/) but no platform signal found on it or 5 booking-ish link(s)
Ardfin Golf Course,https://www.ardfin.com/golf/,55.7998414,-6.0206841,unknown,unknown,,low,homepage loaded (https://www.ardfin.com/golf/) but no platform signal found on it or 0 booking-ish link(s)
Heads of Ayr Golf Course,,55.4299221,-4.6942953,no_site,unknown,,low,no official website resolved (not in county union directory)
Craigtoun Country Park Course,https://www.friendsofcraigtoun.org.uk/attractions/park-golf,56.3174881,-2.8406695,unknown,unknown,,low,homepage loaded (https://www.friendsofcraigtoun.org.uk/attractions/park-golf) but no platform signal found on it or 2 booking-ish link(s)
Pitch and Putt Course,,55.3143474,-4.8312441,no_site,unknown,,low,no official website resolved (not in county union directory)
The Montgomery,,56.2097799,-3.4128147,no_site,unknown,,low,no official website resolved (not in county union directory)
The Bruce,,56.21264,-3.4146602,no_site,unknown,,low,no official website resolved (not in county union directory)
Craighead Links,https://crailgolfingsociety.co.uk/golf/craighead-links/,56.2764124,-2.596805,clubv1,public,https://crail.hub.clubv1.com/Visitors/booking,high,confirmed by following the platform link found on the club's own site
Balcomie Links,https://crailgolfingsociety.co.uk/golf/balcomie-links/,56.2828454,-2.6011938,clubv1,public,https://crail.hub.clubv1.com/Visitors/booking,high,confirmed by following the platform link found on the club's own site
Portland Course,https://www.royaltroon.co.uk/the-courses/portland-course/,55.5280197,-4.6388557,clubv1,not_available,,high,"platform reached but not a public visitor sheet (platform link; members-only, or visitor booking not enabled): https://royaltroon.hub.clubv1.com/Visitors/booking"
2019 Course,https://fifegolftrust.co.uk/dunnikier-golf-course/,56.1369514,-3.1583984,brs,public,https://visitors.brsgolf.com/cowdenbeath#/course/1,high,
Torrance Course,https://www.standrewsbay.com/,56.32156,-2.7314506,unknown,unknown,,low,homepage loaded (https://www.fairmont.com/en/hotels/st-andrews/fairmont-st-andrews.html) but no platform signal found on it or 37 booking-ish link(s)
The Carnoustie Buddon Course,,56.4913985,-2.7298414,no_site,unknown,,low,no official website resolved (not in county union directory)
The Carnoustie Championship Course,,56.4935515,-2.7271971,no_site,unknown,,low,no official website resolved (not in county union directory)
The Nestie,,56.4953445,-2.7171176,no_site,unknown,,low,no official website resolved (not in county union directory)
Halkett Course,,56.0608137,-3.5031561,no_site,unknown,,low,no official website resolved (not in county union directory)
Cowden,https://www.muckhartgolf.com/,56.1840931,-3.6136568,brs,public,https://visitors.brsgolf.com/muckhart#/open-competitions,high,confirmed by following the platform link found on the club's own site
Arndean,https://www.muckhartgolf.com/,56.1804499,-3.6021328,brs,public,https://visitors.brsgolf.com/muckhart#/open-competitions,high,confirmed by following the platform link found on the club's own site
Loch Lomond Golf Course,https://www.lochlomond.com/,56.0646353,-4.6357318,blocked,unknown,,low,homepage returned HTTP 403 — likely bot-blocked; needs a browser-based check
Kempston Course,,57.6570484,-3.1691085,no_site,unknown,,low,no official website resolved (not in county union directory)
Rosemount Course,,56.5689204,-3.3375519,no_site,unknown,,low,no official website resolved (not in county union directory)
Lansdowne Course,,56.5680998,-3.3321856,no_site,unknown,,low,no official website resolved (not in county union directory)
The Dornock Course,,56.383612,-3.8200077,no_site,unknown,,low,no official website resolved (not in county union directory)
The Ferntower Coure,,56.3835966,-3.8264434,no_site,unknown,,low,no official website resolved (not in county union directory)
Skeabost Golf Club,,57.4534596,-6.3106848,no_site,unknown,,low,no official website resolved (not in county union directory)
Rothes Golf Course,https://www.rothesgolfclub.co.uk/,57.5233699,-3.223092,brs,public,https://visitors.brsgolf.com/rothes#/course/1,high,
Crieff Hydro Golf Course,,56.3898949,-3.8409357,no_site,unknown,,low,no official website resolved (not in county union directory)
Craigmillar Park Golf Club,https://www.craigmillarpark.co.uk,55.9218357,-3.1777149,intelligent_golf,public,https://www.craigmillarpark.co.uk/visitorbooking/,high,
Aigas Golf Course,https://aigasgolfcourse.co.uk/,57.4407262,-4.5633891,blocked,unknown,,low,homepage returned HTTP 403 — likely bot-blocked; needs a browser-based check
Kelso Golf Club,https://www.kelsogolfclub.co.uk/,55.6124425,-2.4315147,clubv1,public,https://kelso.hub.clubv1.com/visitors/TeeSheet?date=2026-09-17,high,
Muir of Ord Golf Club,https://www.muirofordgolfclub.co.uk/,57.51144,-4.4599603,brs,public,https://visitors.brsgolf.com/muiroford#/course/1,high,
Lochcarron Golf Course,https://lochcarrongolfclub.co.uk/,57.4155408,-5.4725826,unknown,unknown,,low,homepage loaded (https://lochcarrongolfclub.co.uk/) but no platform signal found on it or 3 booking-ish link(s)
Dunbar Golf Club,https://www.dunbargolfclub.com/,55.993159,-2.4848121,intelligent_golf,public,https://www.dunbargolfclub.com/visitorbooking/,high,
"Musselburgh Links, The Old Golf Course",https://www.musselburgholdlinks.co.uk/,55.9465857,-3.0362931,error,unknown,,low,"homepage fetch failed: HTTPSConnectionPool(host='www.musselburgholdlinks.co.uk', port=443): Max retries exceeded with url: / (Caused by SSLError(SSLEOFError(8, '[SSL: UNEXPECTED_EOF_WHILE_READING] EOF occurred in violation of protocol (_ssl.c:1081)')))"
Mortonhall Golf Course,https://www.mortonhallgc.co.uk/,55.9090551,-3.1972156,brs,public,https://visitors.brsgolf.com/mortonhall,high,
Drimsynie Estate Golf Course Lochgoilhead,https://www.argyllholidays.com/parks/drimsynie-estate-holiday-village,56.1719209,-4.9077662,dead_link,unknown,,low,"directory URL returned HTTP 404 — stale link, needs a fresh website lookup"
Merchants of Edinburgh Golf Club,https://www.merchantsgolf.com/,55.9186569,-3.2310321,brs,public,https://visitors.brsgolf.com/merchantsofedinburgh#/course/1,high,confirmed by following the platform link found on the club's own site
Practise area,https://www.stirlinggolfclub.com/,56.1191334,-3.950204,brs,public,https://visitors.brsgolf.com/stirling#/course/1,high,
Stirling Golf Club,https://www.stirlinggolfclub.com/,56.115696,-3.9564922,brs,public,https://visitors.brsgolf.com/stirling#/course/1,high,
Swanston Golf Course,https://www.swanstongolf.co.uk/,55.8932786,-3.2165688,brs,unknown,,medium,platform link(s) seen (['brs']) but no confirmed public booking page found
University of Stirling - Airthrey Golf Club,https://www.stir.ac.uk/sports-centre/facilities/golf/,56.1477282,-3.9120497,dead_link,unknown,,low,"directory URL returned HTTP 404 — stale link, needs a fresh website lookup"
Liberton Golf Course,https://www.libertongc.co.uk/,55.9181696,-3.1462482,golfnow,out_of_scope,,high,"GolfNow listing, not the club's own booking — excluded by policy: https://www.golfnow.co.uk/tee-times/facility/2654-liberton-golf-club/search#"
Old Course Ranfurly Golf Club,https://www.oldranfurly.com/,55.8489582,-4.5773316,error,unknown,,low,"homepage fetch failed: HTTPSConnectionPool(host='www.oldranfurly.com', port=443): Max retries exceeded with url: / (Caused by SSLError(SSLEOFError(8, '[SSL: UNEXPECTED_EOF_WHILE_READING] EOF occurred in violation of protocol (_ssl.c:1081)')))"
Ranfurly Castle Golf Club,https://www.ranfurlycastlegolfclub.co.uk/,55.8526622,-4.6032974,unknown,unknown,,low,homepage loaded (https://www.ranfurlycastlegolfclub.co.uk/) but no platform signal found on it or 5 booking-ish link(s)
Colville Park Golf Course,https://colvilleparkgc.co.uk/,55.8017242,-3.9805732,unknown,unknown,,low,homepage loaded (https://colvilleparkgc.co.uk/) but no platform signal found on it or 8 booking-ish link(s)
Girvan,https://www.girvangolf.com/,55.2504345,-4.8534585,golfnow,out_of_scope,,high,"GolfNow listing, not the club's own booking — excluded by policy: https://go.teeitup.com/20533"
Troon Lochgreen,https://www.golfsouthayrshire.com/courses/6/troon-lochgreen,55.5362249,-4.6395457,dead_link,unknown,,low,"directory URL returned HTTP 404 — stale link, needs a fresh website lookup"
Brodick Golf Course,https://www.brodickgolf.com/,55.5838116,-5.1587175,brs,unknown,,medium,platform link(s) seen (['brs']) but no confirmed public booking page found
Lochranza Golf Course,https://www.lochranzagolf.com/,55.7022719,-5.2806577,unknown,unknown,,low,homepage loaded (http://www.lochranzagolf.com/) but no platform signal found on it or 0 booking-ish link(s)
Playsport Golf Test Drive Range,https://www.playsportgolf.co.uk/,55.7812641,-4.1792622,blocked,unknown,,low,homepage returned HTTP 403 — likely bot-blocked; needs a browser-based check
The Westerwood Hotel & Golf Resort,https://www.qhotels.co.uk/our-locations/the-westerwood-hotel-golf-resort/golf/,55.9712552,-3.9913483,dead_link,unknown,,low,"directory URL returned HTTP 404 — stale link, needs a fresh website lookup"
McDonald Golf Course,https://www.ellongolfclub.co.uk/,57.3712689,-2.0815731,unknown,unknown,,low,homepage loaded (https://www.ellongolfclub.co.uk/) but no platform signal found on it or 8 booking-ish link(s)
Glenrothes Golf Course,https://www.glenrothesgolf.org.uk,56.1869148,-3.2116407,error,unknown,,low,"homepage fetch failed: HTTPSConnectionPool(host='www.glenrothesgolf.org.uk', port=443): Max retries exceeded with url: / (Caused by ConnectTimeoutError(<HTTPSConnection(host='www.glenrothesgolf.org.uk', port=443) at 0x207040c51d0>, 'Connection to www.glenrothesgolf.org.uk timed out. (connect timeout=20)'))"
Balbirnie Park Golf Club,https://www.balbirniegolf.com/,56.2094742,-3.1490117,brs,public,https://visitors.brsgolf.com/balbirniepark#/course/1,high,
Inverness Golf Club,https://www.invernessgolfclub.co.uk/,57.4731017,-4.2040028,brs,public,https://visitors.brsgolf.com/inverness#/course/1,high,
Elgin Golf Club,https://www.elgingolfclub.com/,57.6271167,-3.3162034,brs,public,https://visitors.brsgolf.com/elgin#/open-competitions,high,confirmed by following the platform link found on the club's own site
King's Acre Golf Course,https://www.kings-acregolf.com/,55.8905139,-3.1184027,intelligent_golf,public,https://kingsacre.intelligentgolf.co.uk/visitorbooking/,high,
West Lothian Golf Course,https://www.westlothiangc.com/,55.9970119,-3.6005736,clubv1,public,https://westlothian.hub.clubv1.com/Visitors/TeeSheet?date=2026-09-17,high,
Royal Musselburgh Golf Course,https://www.royalmusselburgh.co.uk/,55.9510023,-2.999416,brs,public,https://visitors.brsgolf.com/royalmusselburgh#/open-competitions,high,confirmed by following the platform link found on the club's own site
Lenzie Golf Club,https://www.lenziegolfclub.co.uk/,55.9096002,-4.1462942,intelligent_golf,login_required,,high,intelligent_golf convention path requires login: https://www.lenziegolfclub.co.uk/visitorbooking/
Troon Darley,https://www.golfsouthayrshire.com/courses/7/troon-darley,55.5516942,-4.6472833,dead_link,unknown,,low,"directory URL returned HTTP 404 — stale link, needs a fresh website lookup"
Troon Fullarton,https://www.golfsouthayrshire.com/courses/8/troon-fullarton,55.5393333,-4.6426305,dead_link,unknown,,low,"directory URL returned HTTP 404 — stale link, needs a fresh website lookup"
Insch Golf Club,https://www.inschgolfclub.co.uk/,57.3425324,-2.6266426,brs,public,https://visitors.brsgolf.com/insch,high,
Drumoig Golf Course,https://www.drumoiggolfhotel.com/,56.4128338,-2.9022873,brs,public,https://visitors.brsgolf.com/drumoig,high,
Tarbert Golf Club,https://tarbertgolfclub.com/,55.8602246,-5.4421446,unknown,unknown,,low,homepage loaded (https://tarbertgolfclub.com/) but no platform signal found on it or 2 booking-ish link(s)
Dunaverty Golf Club,https://www.dunavertygolfclub.com/,55.3107857,-5.6370325,unknown,unknown,,low,homepage loaded (https://www.dunavertygolfclub.com/) but no platform signal found on it or 3 booking-ish link(s)
Ross Priory Club,https://www.strath.ac.uk/rosspriory/,56.0526034,-4.5415164,unknown,unknown,,low,homepage loaded (https://www.strath.ac.uk/rosspriory/) but no platform signal found on it or 2 booking-ish link(s)
Thornhill Golf Course,https://www.thornhillgolfclub.co.uk/,55.2441006,-3.7473789,brs,public,https://visitors.brsgolf.com/thornhill#/open-competitions,high,
Linlithgow Golf Club,https://www.linlithgowgolf.co.uk/,55.9653768,-3.6247559,brs,public,https://visitors.brsgolf.com/linlithgow,high,
Cally Palace Hotel & Golf Course,https://www.mcmillanhotels.co.uk/hotels/cally-palace-hotel/golf-at-cally-palace,54.8749938,-4.1817143,unknown,unknown,,low,homepage loaded (https://bespokehotels.com/cally-palace-hotel/golf/) but no platform signal found on it or 4 booking-ish link(s)
Guthrie Castle Golf Course,https://www.guthriecastle.com/tour-the-castle-scottish-event-venue/golf-course/,56.6433018,-2.717256,error,unknown,,low,"homepage fetch failed: HTTPSConnectionPool(host='www.guthriecastle.com', port=443): Max retries exceeded with url: /tour-the-castle-scottish-event-venue/golf-course/ (Caused by ConnectTimeoutError(<HTTPSConnection(host='www.guthriecastle.com', port=443) at 0x207040c4050>, 'Connection to www.guthriecastle.com timed out. (connect timeout=20)'))"
Brechin Golf Club,https://www.brechingolfclub.co.uk/,56.7485509,-2.6557601,brs,public,https://visitors.brsgolf.com/brechin#/course/1,high,confirmed by following the platform link found on the club's own site
Torwoodlee Golf Course,https://www.torwoodleegolfclub.co.uk/,55.6362389,-2.8370391,clubv1,public,https://torwoodlee.hub.clubv1.com/Visitors/TeeSheet?date=2026-09-17,high,confirmed by following the platform link found on the club's own site
Greenburn Golf Course,https://www.greenburngolfclub.co.uk/,55.8206945,-3.7040941,clubv1,public,https://greenburn.hub.clubv1.com/Visitors/TeeSheet?date=2026-09-17,high,
Auchmill Golf Course,https://auchmillgolfclub.co.uk/,57.1713368,-2.1709316,brs,public,https://visitors.brsgolf.com/auchmill#/course/1,high,
Wee Demon golf course,https://www.cameronhouse.co.uk/club/golf/the-wee-demon/,56.008309,-4.6010371,brs,public,https://visitors.brsgolf.com/cameronhouse#/course/3,high,
Downfield,https://www.downfieldgolf.com/,56.4901202,-3.0316693,brs,public,https://visitors.brsgolf.com/downfield#/open-competitions,high,confirmed by following the platform link found on the club's own site
Forfar Golf Club,https://www.forfargolfclub.co.uk,56.6435919,-2.8478724,error,unknown,,low,"homepage fetch failed: HTTPSConnectionPool(host='www.forfargolfclub.co.uk', port=443): Max retries exceeded with url: / (Caused by NameResolutionError(""HTTPSConnection(host='www.forfargolfclub.co.uk', port=443): Failed to resolve 'www.forfargolfclub.co.uk' ([Errno 11001] getaddrinfo failed)""))"
Prestwick Golf Club,https://www.prestwickgc.co.uk/,55.5086221,-4.621193,clubv1,not_available,,high,"platform reached but not a public visitor sheet (platform link; members-only, or visitor booking not enabled): https://prestwickgc.hub.clubv1.com/Visitors/booking"
Carnegie Links,https://www.carnegieclub.co.uk/golf-championship-links.html,57.857529,-4.1306581,unknown,unknown,,low,homepage loaded (https://www.carnegieclub.co.uk/golf-championship-links.html) but no platform signal found on it or 1 booking-ish link(s)
Newbattle Golf Club,https://newbattlegolfclub.com/,55.8846834,-3.0633248,clubv1,not_available,,high,"platform reached but not a public visitor sheet (platform link; members-only, or visitor booking not enabled): http://newbattle.hub.clubv1.com/Visitors/booking"
Hazlehead Golf Course,https://www.sportaberdeen.co.uk/hazlehead,57.1358399,-2.1892213,unknown,unknown,,low,homepage loaded (https://www.sportaberdeen.co.uk/venues/hazlehead-18-hole-courses) but no platform signal found on it or 4 booking-ish link(s)
Southerness Golf Course,https://southernessgolfclub.com/,54.878041,-3.6131249,blocked,unknown,,low,homepage returned HTTP 403 — likely bot-blocked; needs a browser-based check
Reay Golf Course,https://reaygolfclub.com/,58.5629503,-3.7751396,blocked,unknown,,low,homepage returned HTTP 500 — likely bot-blocked; needs a browser-based check
Carradale Golf Course,https://www.carradalegolf.com/,55.588788,-5.4643124,unknown,unknown,,low,homepage loaded (https://www.carradalegolf.com/) but no platform signal found on it or 2 booking-ish link(s)
Leadhills Golf Course,https://www.leadhillsgolfclub.com/,55.4145522,-3.7537165,unknown,unknown,,low,homepage loaded (https://www.leadhillsgolfclub.com/) but no platform signal found on it or 2 booking-ish link(s)
Scotscraig Golf Club,https://www.scotscraiggolfclub.com/,56.4386308,-2.8752734,intelligent_golf,public,https://scotscraig.intelligentgolf.co.uk/visitorbooking/,high,
Portmahomack Golf Club,https://portmahomackgolfclub.com/,57.8343745,-3.8230237,unknown,unknown,,low,homepage loaded (https://portmahomackgolfclub.com/) but no platform signal found on it or 2 booking-ish link(s)
Glens Course,,56.6059548,-2.6128609,no_site,unknown,,low,no official website resolved (not in county union directory)
Isle of Eriska Golf Club,,56.5340904,-5.4137376,no_site,unknown,,low,no official website resolved (not in county union directory)
Macdonald Spey Valley Championship Golf Course,https://www.macdonaldhotels.co.uk/spey-valley/golf,57.205815,-3.7991274,brs,public,https://visitors.brsgolf.com/speyvalley#/open-competitions,high,confirmed by following the platform link found on the club's own site
Bellshill Golf Club,https://www.bellshillgolfclub.com/,55.8043699,-4.0207518,clubv1,public,https://bellshill.hub.clubv1.com/Visitors/TeeSheet?date=2026-09-17,high,
Musselburgh Golf Course,https://www.themusselburghgolfclub.com/,55.9300364,-3.0550749,brs,public,https://visitors.brsgolf.com/musselburgh#/course/1,high,
Craigielaw Golf Course,https://www.craigielawgolfclub.com/,56.0049313,-2.8770663,golf_manager,public,https://www.craigielawgolfclub.com/golf/play-at-craigielaw/,high,
Golspie Golf Club,https://www.golspiegolfclub.co.uk/,57.9611962,-3.9929705,brs,public,https://visitors.brsgolf.com/golspie#/course/1,high,
Caldwell Golf Club,https://caldwellgolfclub.com/,55.7587832,-4.5165051,clubv1,not_available,,high,"platform reached but not a public visitor sheet (platform link; members-only, or visitor booking not enabled): https://caldwell.hub.clubv1.com/Visitors/booking"
Burrowhead Holiday Village Pitch and Putt course,https://burrowheadholidayvillage.co.uk/,54.6837382,-4.4041571,blocked,unknown,,low,homepage returned HTTP 403 — likely bot-blocked; needs a browser-based check
Ladybank Golf Club,https://ladybankgolf.co.uk/,56.2861985,-3.1206887,brs,public,https://visitors.brsgolf.com/ladybank#/course/1,high,
Kittocks Course,https://www.standrewsbay.com/,56.3212182,-2.7225081,unknown,unknown,,low,homepage loaded (https://www.fairmont.com/en/hotels/st-andrews/fairmont-st-andrews.html) but no platform signal found on it or 37 booking-ish link(s)
Pitfirrane Course,https://www.dunfermlinegolfclub.com/,56.0597767,-3.5120651,clubv1,public,https://dunfermline.hub.clubv1.com/Visitors/TeeSheet?date=2026-09-17,high,
Murrayshall Course,https://www.murrayshall.co.uk/,56.4188389,-3.3655723,unknown,unknown,,low,homepage loaded (https://www.murrayshall.co.uk/) but no platform signal found on it or 11 booking-ish link(s)
Maverston Golf Course,https://www.maverstongolf.com/,57.6552827,-3.1705442,clubv1,public,https://maverston.hub.clubv1.com/Visitors/TeeSheet?date=2026-09-17,high,
Macdonald Cardrona Hotel Golf Course,,55.6361231,-3.1172437,no_site,unknown,,low,no official website resolved (not in county union directory)
Cawdor Castle Golf Club,https://www.cawdorcastle.com/,57.5214763,-3.9212276,unknown,login_required,,high,booking link requires login: https://cawdorcastle.digitickets.co.uk/tickets
Dalmilling Golf Course,https://www.dalmillinggolf.com/,55.465426,-4.5912806,golfnow,out_of_scope,,high,"GolfNow listing, not the club's own booking — excluded by policy: https://go.teeitup.com/20536"
Fereneze Golf Club,https://www.ferenezegolfclub.co.uk/,55.8061771,-4.411976,brs,public,https://visitors.brsgolf.com/fereneze#/course/1,high,confirmed by following the platform link found on the club's own site
Mains of Taymouth Golf Course,https://www.taymouth.co.uk/,56.5916131,-3.9937222,unknown,unknown,,low,homepage loaded (https://www.taymouth.co.uk/) but no platform signal found on it or 3 booking-ish link(s)
Turriff Golf Club,https://www.turriffgolfclub.co.uk/,57.5377995,-2.4810014,unknown,unknown,,low,homepage loaded (https://www.turriffgolfclub.co.uk/) but no platform signal found on it or 3 booking-ish link(s)
Fair Isle Lighthouse Keeper's Golf Course,https://fair-isle.blogspot.com/p/golf.html,59.5138948,-1.6503341,unknown,unknown,,low,site reachable (https://fair-isle.blogspot.com/p/golf.html) but no visitor booking found on it or 0 sub-page(s)
Carrick Knowe Golf Club,https://www.carrickvalegolfclub.co.uk/,55.9384138,-3.2628297,unknown,unknown,,low,site reachable (https://www.carrickvalegolfclub.co.uk/) but no visitor booking found on it or 0 sub-page(s)
Ravelston Golf Course,https://www.ravelstongolfclub.co.uk/,55.9527982,-3.2615334,unknown,unknown,,low,site reachable (https://www.ravelstongolfclub.co.uk/) but no visitor booking found on it or 1 sub-page(s)
Kippie Lodge Sports & Leisure,https://www.kippielodge.com/sports/,57.1033804,-2.2531968,error,unknown,,low,unreachable even with a browser user agent
Peterculter Golf Club,https://www.petercultergolfclub.co.uk/,57.0862287,-2.2702848,unknown,unknown,,low,site reachable (https://www.petercultergolfclub.co.uk/) but no visitor booking found on it or 2 sub-page(s)
North Ronaldsay Golf Course,https://northronaldsaytrust.com/2017/06/09/18-hole-golf-course-project/,59.3737599,-2.4098814,unknown,unknown,,low,site reachable (https://northronaldsaytrust.com/2017/06/09/18-hole-golf-course-project/) but no visitor booking found on it or 0 sub-page(s)
Ralston Golf Course,https://www.ralstongolfclub.com/,55.8418927,-4.3833946,unknown,unknown,,low,site reachable (https://www.ralstongolfclub.com/) but no visitor booking found on it or 3 sub-page(s)
Windyhill Golf Club,https://windyhillgolfclub.co.uk/,55.935207,-4.3674285,unknown,unknown,,low,site reachable (https://windyhillgolfclub.co.uk/) but no visitor booking found on it or 2 sub-page(s)
Brancumhall Golf Development Centre,https://www.slleisureandculture.co.uk/info/246/brancumhall_golf_development_centre,55.7753137,-4.1427632,unknown,unknown,,low,site reachable (https://www.slleisureandculture.co.uk/info/246/brancumhall_golf_development_centre) but no visitor booking found on it or 2 sub-page(s)
Drumpellier Golf Course,https://www.drumpelliergolf.co.uk/,55.8596514,-4.0561377,unknown,unknown,,low,site reachable (https://www.drumpelliergolf.co.uk/cgi-sys/suspendedpage.cgi) but no visitor booking found on it or 0 sub-page(s)
Larkhall Golf Course,https://www.slleisureandculture.co.uk/info/243/larkhall_golf_course,55.7388984,-3.956862,unknown,unknown,,low,site reachable (https://www.slleisureandculture.co.uk/info/243/larkhall_golf_course) but no visitor booking found on it or 3 sub-page(s)
Torrance House Golf Club,https://torrancehousegc.co.uk/,55.7435854,-4.1493578,unknown,unknown,,low,site reachable (https://torrancehousegc.co.uk/) but no visitor booking found on it or 0 sub-page(s)
Hamilton Golf Club,https://www.hamiltongolfclub.co.uk/,55.7569367,-4.0077095,unknown,unknown,,low,site reachable (https://www.hamiltongolfclub.co.uk/) but no visitor booking found on it or 5 sub-page(s)
Barshaw Park Golf Course,https://www.oneren.org/sport/golf-and-bowling-greens/,55.8523613,-4.3937413,unknown,unknown,,low,site reachable (https://www.oneren.org/sport/golf-and-bowling-greens/) but no visitor booking found on it or 1 sub-page(s)
Cawder Golf Club,https://www.cawdergolfclub.com/,55.9272882,-4.2290481,clubv1,public,https://cawder.hub.clubv1.com/Visitors/booking,high,found on https://cawdergolfclub.com/visitor-information/
Langlands Golf Club,https://www.langlandsgolfclub.co.uk/,55.7310074,-4.1739774,unknown,unknown,,low,site reachable (https://www.langlandsgolfclub.co.uk/) but no visitor booking found on it or 1 sub-page(s)
Bishopbriggs Golf Club,https://www.thebishopbriggsgolfclub.com/,55.9113111,-4.2412299,clubv1,unknown,https://bishopbriggs.hub.clubv1.com/,medium,site reachable (https://bishopbriggsgolfclub.com) but no visitor booking found on it or 1 sub-page(s)
Melville Golf Course,https://www.melvillegolf.com/,55.8889159,-3.099471,unknown,unknown,,low,site reachable (https://melvillegolf.com/) but no visitor booking found on it or 2 sub-page(s)
Strathclyde Park Golf Course,https://www.slleisureandculture.co.uk/info/244/strathclyde_park_golf_course,55.7871303,-4.0420151,unknown,unknown,,low,site reachable (https://www.slleisureandculture.co.uk/info/244/strathclyde_park_golf_course) but no visitor booking found on it or 3 sub-page(s)
Gourock Golf Club,https://www.gourockgolfclub.com/,55.9464469,-4.8444265,unknown,unknown,,low,site reachable (https://www.gourockgolfclub.com/) but no visitor booking found on it or 5 sub-page(s)
Renfrew Golf Course,https://www.renfrewgolfclub.net/,55.8866993,-4.4007935,unknown,unknown,,low,site reachable (https://renfrewgolfclub.net/Shared/Error?aspxerrorpath=/) but no visitor booking found on it or 0 sub-page(s)
Comrie Golf Course,https://www.comriegolf.co.uk/,56.3802148,-3.9851649,unknown,unknown,,low,site reachable (https://www.comriegolf.co.uk/) but no visitor booking found on it or 1 sub-page(s)
Glenisla Golf Course,https://www.alythgolfclub.co.uk/glenisla-course,56.6235439,-3.2126765,unknown,unknown,,low,site reachable (https://www.alythgolfclub.co.uk/glenisla-course) but no visitor booking found on it or 4 sub-page(s)
Newtonmore Golf Club,https://www.newtonmoregolf.com/,57.0620897,-4.1100074,unknown,unknown,,low,site reachable (https://newtonmoregolf.com/) but no visitor booking found on it or 5 sub-page(s)
Palacerigg Golf Club,https://www.palacerigggolfclub.co.uk/,55.9391655,-3.9398336,error,unknown,,low,unreachable even with a browser user agent
Beith Golf Club,https://www.beithgolfclub.co.uk/,55.761124,-4.6035237,unknown,unknown,,low,site reachable (https://www.beithgolfclub.co.uk/) but no visitor booking found on it or 4 sub-page(s)
Anstruther Golf Club,https://www.anstruthergolf.co.uk/,56.2169305,-2.711618,unknown,unknown,,low,site reachable (https://www.anstruthergolf.co.uk/) but no visitor booking found on it or 2 sub-page(s)
Dragon's Tooth Golf Club,https://www.dragonstooth.co.uk/,56.6849766,-5.1892926,unknown,unknown,,low,site reachable (https://dragonstooth.co.uk/) but no visitor booking found on it or 0 sub-page(s)
Annanhill Golf Club,https://annanhillgolfclub.co.uk/,55.6060518,-4.5231353,unknown,unknown,,low,site reachable (https://annanhillgolfclub.co.uk/) but no visitor booking found on it or 0 sub-page(s)
Machrihanish Dunes Golf Course,https://www.machrihanishdunes.com/,55.4507445,-5.7084333,unknown,unknown,,low,site reachable (https://machrihanishdunes.com/) but no visitor booking found on it or 0 sub-page(s)
Turnberry,https://www.turnberry.co.uk/,55.3219191,-4.8361435,golfnow,out_of_scope,https://www.turnberry.co.uk/default.aspx?p=TrackHyperlink&URL=https%3a%2f%2ftrump-turnberry-resort-3-courses.book.teeitup.com%2f&ssid=112365314740&fid=14019654133,high,GolfNow/TeeItUp only — excluded by policy
Glencorse Golf Club,https://www.glencorsegolfclub.com/,55.8478144,-3.1965319,unknown,unknown,,low,site reachable (https://www.glencorsegolfclub.com/) but no visitor booking found on it or 2 sub-page(s)
Craigie Hill Golf Course,https://www.craigiehill.co.uk/,56.38352,-3.4536719,unknown,unknown,,low,site reachable (https://www.craigiehill.co.uk/) but no visitor booking found on it or 3 sub-page(s)
Calderbraes Golf Club,https://calderbraes-golf-club.co.uk/,55.8388331,-4.1037944,error,unknown,,low,unreachable even with a browser user agent
Jubilee Course,https://www.standrews.org.uk/Play/Courses/Jubilee-Course,56.3560641,-2.8156317,unknown,unknown,,low,site reachable (https://standrews.com/Play/Courses/Jubilee-Course) but no visitor booking found on it or 1 sub-page(s)
Helensburgh Golf Club,https://www.helensburghgolfclub.co.uk/,56.0135928,-4.707842,unknown,unknown,,low,site reachable (https://www.helensburghgolfclub.co.uk/) but no visitor booking found on it or 3 sub-page(s)
Aberfoyle Golf Club,https://www.aberfoylegolf.co.uk/,56.1765332,-4.3619262,unknown,unknown,,low,site reachable (https://www.aberfoylegolf.co.uk/) but no visitor booking found on it or 1 sub-page(s)
Moffat Golf Course,https://www.moffatgolfclub.co.uk/,55.3288004,-3.4594371,unknown,unknown,,low,site reachable (https://www.moffatgolfclub.co.uk/) but no visitor booking found on it or 3 sub-page(s)
Cardross Golf Club,https://www.cardross.com,55.9664623,-4.6451788,unknown,unknown,,low,site reachable (https://www.cardross.com/) but no visitor booking found on it or 0 sub-page(s)
Lauder Golf Club,https://lauder.golf-club.website/website/,55.7092749,-2.7572612,unknown,unknown,,low,site reachable (https://lauder.golf-club.website/) but no visitor booking found on it or 0 sub-page(s)
Winterfield Golf Course,https://www.enjoyleisure.com/Centre.aspx?comp_id=10,56.0034254,-2.536316,unknown,unknown,,low,site reachable (https://enjoyleisure.com/) but no visitor booking found on it or 4 sub-page(s)
Raon Goilf Steòrnabhaigh,https://www.stornowaygolfclub.co.uk/,58.2157503,-6.3953123,unknown,unknown,,low,site reachable (https://stornowaygolfclub.co.uk/) but no visitor booking found on it or 5 sub-page(s)
Lumphanan Golf Course,https://www.lumphanangolfclub.co.uk/,57.1260903,-2.6823275,unknown,unknown,,low,site reachable (https://www.lumphanangolfclub.co.uk/) but no visitor booking found on it or 4 sub-page(s)
Crichton Golf Club,https://www.crichtongolfclub.com/,55.0567059,-3.5932995,unknown,unknown,,low,site reachable (https://www.crichtongolfclub.com/) but no visitor booking found on it or 1 sub-page(s)
Falkland Golf Club,https://www.falklandgolfclub.com/,56.2558044,-3.1961844,unknown,unknown,,low,site reachable (https://falklandgolfclub.com/) but no visitor booking found on it or 2 sub-page(s)
Royal Tarlair Golf Club,https://royaltarlair.co.uk/,57.6692267,-2.4723673,unknown,unknown,,low,site reachable (https://royaltarlair.co.uk/) but no visitor booking found on it or 2 sub-page(s)
Caprington Golf Club,https://www.capringtongolfclub.com/,55.5859429,-4.5120729,unknown,unknown,,low,site reachable (https://www.capringtongolfclub.com/) but no visitor booking found on it or 1 sub-page(s)
Lundin Ladies Golf Club,https://www.lundinladiesgolfclub.co.uk/,56.2142279,-2.9596435,unknown,unknown,,low,site reachable (https://lundinladiesgolfclub.co.uk/) but no visitor booking found on it or 3 sub-page(s)
Durness Golf Club,https://www.durnessgolfclub.org/,58.5734135,-4.7801561,unknown,unknown,,low,site reachable (https://www.durnessgolfclub.org/) but no visitor booking found on it or 3 sub-page(s)
Keith Golf Club,https://www.keithgolfclub.co.uk/,57.5411905,-2.9710949,unknown,unknown,,low,site reachable (https://www.keithgolfclub.co.uk/) but no visitor booking found on it or 0 sub-page(s)
Cowdenbeath Golf Course,https://cowdenbeath-golfclub.com/,56.1156334,-3.3298179,brs,unknown,https://www.brsgolf.com/cowdenbeath/visitor_home.php,medium,site reachable (https://cowdenbeath-golfclub.com/) but no visitor booking found on it or 3 sub-page(s)
Craigewan Course,https://www.peterheadgolfclub.co.uk/course/craigewan-course/,57.5244005,-1.8045994,brs,unknown,https://www.brsgolf.com/peterhead/visitor_home.php,medium,site reachable (https://www.peterheadgolfclub.co.uk/course/craigewan-course/) but no visitor booking found on it or 1 sub-page(s)
Cruden Bay Golf Club,https://www.crudenbaygolfclub.co.uk/,57.406562,-1.8585756,brs,public,https://visitors.brsgolf.com/crudenbay#/open-competitions,high,found on https://crudenbaygolfclub.co.uk/visitors/open-golf-events/
Cochrane Castle Golf Club,https://cochranecastle.com/,55.8203664,-4.5195844,unknown,unknown,,low,site reachable (https://cochranecastle.com/) but no visitor booking found on it or 2 sub-page(s)
Longside Golf Club,https://longsidegolfclub.co.uk/,57.519757,-1.9373655,unknown,unknown,,low,site reachable (https://www.longsidegolfclub.co.uk/) but no visitor booking found on it or 3 sub-page(s)
Invergordon Golf Club,https://invergordongolf.co.uk/,57.6944625,-4.1909977,unknown,unknown,,low,site reachable (https://www.invergordongolf.co.uk/) but no visitor booking found on it or 4 sub-page(s)
Canmore Golf Club,https://www.canmoregolfclub.co.uk/,56.0831716,-3.457256,error,unknown,,low,unreachable even with a browser user agent
Kilbirnie Place Golf Club,https://www.kilbirnieplacegc.co.uk/,55.7498337,-4.7014743,unknown,unknown,,low,site reachable (https://www.kilbirnieplacegc.co.uk/) but no visitor booking found on it or 2 sub-page(s)
Earl of Mar Golf Course,https://www.marhall.com/golf/,55.9212574,-4.4766752,unknown,unknown,,low,site reachable (https://www.jaresortshotels.com/scotland/ja-mar-hall/golf/) but no visitor booking found on it or 0 sub-page(s)
Port Glasgow Golf Club,https://www.portglasgowgolfclub.co.uk/,55.9192146,-4.683905,unknown,unknown,,low,site reachable (https://www.portglasgowgolfclub.co.uk/) but no visitor booking found on it or 3 sub-page(s)
Castle Douglas Golf Club,https://www.cdgolfclub.co.uk/,54.9429892,-3.9389214,unknown,unknown,,low,site reachable (https://cdgolfclub.co.uk/) but no visitor booking found on it or 1 sub-page(s)
Balnagask Golf Course,https://www.sportaberdeen.co.uk/balnagask,57.1389129,-2.0609827,brs,unknown,https://members.brsgolf.com/hazlehead/login,medium,site reachable (https://www.sportaberdeen.co.uk/venues/balnagask-golf-course) but no visitor booking found on it or 3 sub-page(s)
Lockerbie Golf Club,https://www.lockerbiegolf.co.uk/,55.1273243,-3.3418384,error,unknown,,low,unreachable even with a browser user agent
Alva Golf Course,https://www.alvagolfclub.co.uk/,56.1564099,-3.8043039,unknown,unknown,,low,site reachable (https://www.alvagolfclub.co.uk/) but no visitor booking found on it or 0 sub-page(s)
Saline Golf Course,https://salinegc.co.uk/,56.1110454,-3.5588207,unknown,unknown,,low,site reachable (https://salinegc.co.uk/) but no visitor booking found on it or 0 sub-page(s)
Lochore Meadow Golf Course,https://www.fifegolftrust.co.uk/our-courses/lochore-meadows,56.1519135,-3.3306015,unknown,unknown,,low,site reachable (https://www.fifegolftrust.co.uk/our-courses/lochore-meadows) but no visitor booking found on it or 0 sub-page(s)
Crieff Golf Club,https://crieffgolf.co.uk/,56.3832739,-3.8238597,intelligent_golf,public,https://crieff.intelligentgolf.co.uk/visitorbooking/,high,club's own Intelligent Golf subdomain
Kirkcaldy Golf Club,https://kirkcaldygolfclub.co.uk/,56.099545,-3.1928622,unknown,unknown,,low,site reachable (https://kirkcaldygolfclub.co.uk/) but no visitor booking found on it or 5 sub-page(s)
Dollar Golf Club,https://www.dollargolfclub.com/,56.1692288,-3.678144,unknown,unknown,,low,site reachable (https://www.bandaautomotive.net/) but no visitor booking found on it or 1 sub-page(s)
Aberfeldy Golf Club,https://www.aberfeldy-golfclub.co.uk/,56.623279,-3.8671047,unknown,unknown,,low,site reachable (https://www.aberfeldy-golfclub.co.uk/) but no visitor booking found on it or 2 sub-page(s)
Scoonie Golf Course,https://www.scooniegolfclub.com/https://fifegolftrust.co.uk/scoonie-golf-course/,56.2047421,-2.9888877,unknown,unknown,,low,site reachable (https://www.scooniegolfclub.com/https://fifegolftrust.co.uk/scoonie-golf-course/) but no visitor booking found on it or 0 sub-page(s)
Polmont Golf Club,https://www.polmontgolfclub.co.uk/,55.968423,-3.7058692,error,unknown,,low,unreachable even with a browser user agent
Taymouth Castle Golf Course,https://welcometotaymouth.com/,56.5892083,-3.9851949,unknown,unknown,,low,site reachable (https://welcometotaymouth.com/) but no visitor booking found on it or 0 sub-page(s)
Roxburghe Hotel & Golf Course,https://www.roxburghe.net/golf-course,55.5555866,-2.4726055,error,unknown,,low,unreachable even with a browser user agent
Selkirk Golf Club,https://www.selkirkgolfclub.co.uk/,55.54247,-2.8247102,unknown,unknown,,low,site reachable (https://selkirkgolfclub.co.uk/) but no visitor booking found on it or 0 sub-page(s)
Grangemouth Golf Club,https://www.grangemouthgolfclub.co.uk/,55.9937844,-3.6905076,unknown,unknown,,low,site reachable (https://www.grangemouthgolfclub.co.uk/) but no visitor booking found on it or 1 sub-page(s)
Strathtyrum Course,https://www.standrews.org.uk/Play/Courses/Strathtyrum-Course,56.3507045,-2.8296193,unknown,unknown,,low,site reachable (https://standrews.com/Play/Courses/Strathtyrum-Course) but no visitor booking found on it or 1 sub-page(s)
Balgove Course,https://www.standrews.org.uk/Play/Courses/Balgove-Course,56.3483414,-2.8215032,unknown,unknown,,low,site reachable (https://standrews.com/Play/Courses/Balgove-Course) but no visitor booking found on it or 1 sub-page(s)
Archerfield Links,https://www.archerfieldgolfclub.com/,56.0556716,-2.792248,unknown,unknown,,low,site reachable (https://archerfieldgolfclub.com/) but no visitor booking found on it or 1 sub-page(s)
The Renaissance Club,https://trcaa.com/,56.0541685,-2.8074074,unknown,unknown,,low,site reachable (https://trcaa.com/) but no visitor booking found on it or 0 sub-page(s)
Kinghorn Golf Course,https://www.fifegolftrust.co.uk/our-courses/kinghorn,56.0680452,-3.1848118,unknown,unknown,,low,site reachable (https://www.fifegolftrust.co.uk/our-courses/kinghorn) but no visitor booking found on it or 0 sub-page(s)
Hopeman Golf Club,https://www.hopemangc.co.uk/,57.7095568,-3.4201135,unknown,unknown,,low,site reachable (https://www.hopemangc.co.uk/) but no visitor booking found on it or 0 sub-page(s)
Cluny Golf,https://www.clunyactivities.co.uk/golf/,56.1557363,-3.2165112,unknown,unknown,,low,site reachable (https://www.clunyactivities.co.uk/golf/) but no visitor booking found on it or 0 sub-page(s)
Cullen Golf Club,https://www.cullengolfclub.co.uk/,57.6963281,-2.8414623,unknown,unknown,,low,site reachable (https://cullengolfclub.co.uk/) but no visitor booking found on it or 0 sub-page(s)
Cathkin Braes Golf Club,https://cathkinbraesgolfclub.co.uk/,55.7946212,-4.2103167,error,unknown,,low,unreachable even with a browser user agent
Orkney Golf Club,https://orkneygolfclub.co.uk/,58.9849041,-2.9869959,unknown,unknown,,low,site reachable (https://orkneygolfclub.co.uk/) but no visitor booking found on it or 3 sub-page(s)
South Ronaldsay Golf Course,https://southronaldsaygolf.com/,58.821796,-2.9610985,unknown,unknown,,low,site reachable (https://southronaldsaygolf.com/) but no visitor booking found on it or 2 sub-page(s)
West Linton Golf Course,https://www.wlgc.co.uk/,55.7531253,-3.3807734,brs,unknown,https://www.brsgolf.com/westlinton/visitor_menu.php?framed=true,medium,site reachable (https://www.wlgc.co.uk/) but no visitor booking found on it or 3 sub-page(s)
Piperdam Golf & Leisure Resort,https://www.landal.co.uk/parks/piperdam?gclsrc=aw.ds&gad_source=1#filter:eyJhttps://www.landal.co.uk/parks/piperdamzIjoiMyJ9,56.5,-3.1369183,unknown,unknown,,low,site reachable (https://www.landal.co.uk/parks/piperdam?gclsrc=aw.ds&gad_source=1#filter:eyJhttps://www.landal.co.uk/parks/piperdamzIjoiMyJ9) but no visitor booking found on it or 2 sub-page(s)
Asta Golf Club,https://www.astagolfcourse.com/,60.1592266,-1.2585864,unknown,unknown,,low,site reachable (https://www.astagolfcourse.com/) but no visitor booking found on it or 2 sub-page(s)
Shetland Golf Club,https://www.shetlandgolfclub.co.uk/,60.1657278,-1.2218763,unknown,unknown,,low,site reachable (https://www.shetlandgolfclub.co.uk/) but no visitor booking found on it or 2 sub-page(s)
Skelmorlie Golf Club,https://www.skelmorliegolf.co.uk/,55.8677248,-4.8747347,unknown,unknown,,low,site reachable (https://skelmorlievmsweb.skelmorliegolf.co.uk/) but no visitor booking found on it or 3 sub-page(s)
Kilsyth Lennox Golfcouse,https://www.kilsythlennox.com/,55.9864799,-4.0481267,unknown,unknown,,low,site reachable (https://www.kilsythlennox.com/) but no visitor booking found on it or 0 sub-page(s)
Bishopbriggs Golf Range,https://bishopbriggsgolfrange.co.uk/,55.926987,-4.1944192,unknown,unknown,,low,site reachable (https://bishopbriggsgolfrange.co.uk/) but no visitor booking found on it or 0 sub-page(s)
Grantown-On-Spey Golf Club,https://www.grantownonspeygolfclub.co.uk/,57.3330892,-3.5962832,unknown,unknown,,low,site reachable (https://www.golfholidays.com/grantown-on-spey-golf-club/) but no visitor booking found on it or 0 sub-page(s)
Dumbarton Golf Club,https://dumbartongolfclub.co.uk/,55.9537195,-4.5705693,unknown,unknown,,low,site reachable (https://dumbartongolfclub.co.uk/) but no visitor booking found on it or 0 sub-page(s)
Lynedoch Course,https://www.murrayshall.co.uk/,56.416275,-3.3638556,unknown,unknown,,low,site reachable (https://www.murrayshall.co.uk/) but no visitor booking found on it or 2 sub-page(s)
The Kames Golf Club (Mouse Valley),https://www.kames-golf-club.com/html/,55.698563,-3.7055065,error,unknown,,low,unreachable even with a browser user agent
Ullapool Golf Club,https://www.ullapoolgolfclub.co.uk/,57.9040262,-5.1710211,unknown,unknown,,low,site reachable (https://www.ullapoolgolfclub.co.uk/) but no visitor booking found on it or 1 sub-page(s)
Bruntsfield Links Short Hole Golf Course,https://www.bruntsfieldshortholegolfclub.co.uk/,55.9396978,-3.2012352,unknown,unknown,,low,site reachable (https://www.bruntsfieldshortholegolfclub.co.uk/) but no visitor booking found on it or 0 sub-page(s)
Elmwood Golf Course,https://www.elmwoodgolf.co.uk/,56.3005794,-3.0442912,unknown,unknown,,low,site reachable (https://www.elmwoodgolf.co.uk/) but no visitor booking found on it or 3 sub-page(s)
Machrie Bay Golf Course,https://machriebay.com/,55.5538218,-5.340198,unknown,unknown,,low,site reachable (https://www.machriebay.com/) but no visitor booking found on it or 2 sub-page(s)
Dunning Golf Club,https://www.dunninggolfclub.co.uk/,56.3137865,-3.5931099,unknown,unknown,,low,site reachable (https://www.dunninggolfclub.co.uk/) but no visitor booking found on it or 1 sub-page(s)
Glenalmond College Golf Course,https://www.glenalmondcollege.co.uk/co-curricular/sports/golf-school,56.4296991,-3.6789639,unknown,unknown,,low,site reachable (https://www.glenalmondcollege.co.uk/co-curricular/sports/golf-school) but no visitor booking found on it or 1 sub-page(s)
Castle Stuart Golf Links,https://www.castlestuartgolf.com/,57.5274296,-4.1078949,error,unknown,,low,unreachable even with a browser user agent
Minto Golf Course,https://www.mintogolf.co.uk/,55.4747459,-2.6838441,unknown,unknown,,low,site reachable (https://www.mintogolf.co.uk/) but no visitor booking found on it or 0 sub-page(s)
North Gailes Golf Centre,https://www.northgailes.co.uk/golf.html,55.5954011,-4.6587708,error,unknown,,low,unreachable even with a browser user agent
Kilmarnock Golf Club Barassie Links,https://www.kbgc.co.uk/,55.5703741,-4.6496472,error,unknown,,low,unreachable even with a browser user agent
Jedburgh Golf Course,https://www.jedburghgolfclub.co.uk/,55.4719897,-2.583238,unknown,unknown,,low,site reachable (https://www.jedburghgolfclub.co.uk/) but no visitor booking found on it or 4 sub-page(s)
Luffness New Golf Club,https://www.luffnessnew.com/,56.0223197,-2.8440184,unknown,unknown,,low,site reachable (https://www.luffnessnew.com/) but no visitor booking found on it or 1 sub-page(s)
Gairloch Golf Club,https://gairlochgolfclub.co.uk/,57.7152441,-5.6853269,unknown,unknown,,low,site reachable (https://gairlochgolfclub.co.uk/index.html) but no visitor booking found on it or 0 sub-page(s)
Raon Goilf Beinn na Faoghla,https://www.benbeculagolfclub.co.uk/,57.4788106,-7.357548,unknown,unknown,,low,site reachable (https://www.benbeculagolfclub.co.uk/) but no visitor booking found on it or 1 sub-page(s)
Killin Golf Club,https://www.killingolfclub.co.uk/,56.4787387,-4.3187317,unknown,unknown,,low,site reachable (https://www.killingolfclub.co.uk/) but no visitor booking found on it or 2 sub-page(s)
Fairways Loch Ness Golf Club,https://www.golflochness.com/,57.453461,-4.2041554,unknown,unknown,,low,site reachable (https://fairwaysgolfcentreandrestaurant.com) but no visitor booking found on it or 2 sub-page(s)
Alyth Golf Course,https://www.alythgolfclub.co.uk/,56.6222431,-3.1999861,unknown,unknown,,low,site reachable (https://www.alythgolfclub.co.uk/) but no visitor booking found on it or 4 sub-page(s)
The Carrick Golf Course,https://www.thecarrick.com/,56.0369379,-4.6377964,unknown,unknown,,low,site reachable (https://www.thecarrick.com/) but no visitor booking found on it or 0 sub-page(s)
Hawick Golf Course,https://www.hawickgolfclub.com/,55.4072919,-2.7984823,unknown,unknown,,low,site reachable (https://www.hawickgolfclub.com/) but no visitor booking found on it or 4 sub-page(s)
Cambuslang Golf Club,https://cambuslanggolf.co.uk/,55.8213228,-4.1607814,unknown,unknown,,low,site reachable (https://cambuslanggolf.co.uk/) but no visitor booking found on it or 0 sub-page(s)
Wigtown and Bladnoch Golf Club,https://wigtownbladnoch.cw.sct.dotgolf.co.uk/home,54.8642482,-4.4497717,unknown,unknown,,low,site reachable (https://wigtownbladnoch.cw.sct.dotgolf.co.uk/home) but no visitor booking found on it or 3 sub-page(s)
Leslie Golf Club,https://www.lesliegolfclub.co.uk/,56.2044908,-3.2189276,unknown,unknown,,low,site reachable (https://www.lesliegolfclub.co.uk/) but no visitor booking found on it or 0 sub-page(s)
Tain Golf Club,https://tain-golfclub.co.uk/,57.8158047,-4.0292411,clubv1,unknown,https://tain.hub.clubv1.com/,medium,site reachable (https://tain-golfclub.co.uk/) but no visitor booking found on it or 2 sub-page(s)
Stromness Golf Club,https://www.stromnessgc.co.uk/,58.9523218,-3.3014599,unknown,unknown,,low,site reachable (https://www.stromnessgc.co.uk/) but no visitor booking found on it or 3 sub-page(s)
Comann Goilf na Hearadh,https://www.harrisgolf.com/,57.8306588,-7.0369328,unknown,unknown,,low,site reachable (https://www.harrisgolf.com/) but no visitor booking found on it or 3 sub-page(s)
Wigtownshire County Golf Course,https://wigtownshirecountygolfclub.com/,54.8653746,-4.8278994,unknown,unknown,,low,site reachable (https://wigtownshirecountygolfclub.com/) but no visitor booking found on it or 3 sub-page(s)
St Medan Golf Club,https://www.stmedangolfclub.com/,54.7255296,-4.5394577,unknown,unknown,,low,site reachable (https://www.stmedangolfclub.com/) but no visitor booking found on it or 3 sub-page(s)
Brighouse Bay Golf Club,https://www.brighousebay-golfclub.co.uk/,54.7799313,-4.1415451,error,unknown,,low,unreachable even with a browser user agent
Colvend Golf Club,https://www.colvendgolfclub.co.uk/,54.878238,-3.7383974,unknown,unknown,,low,site reachable (https://www.colvendgolfclub.co.uk/) but no visitor booking found on it or 5 sub-page(s)
Arbroath Golf Course,https://www.arbroathgolfcourse.co.uk/,56.5363672,-2.6304408,unknown,unknown,,low,site reachable (https://www.arbroathgolfcourse.co.uk/) but no visitor booking found on it or 4 sub-page(s)
Montrose Golf Links,https://montrosegolflinks.com/,56.7207001,-2.4506106,unknown,unknown,,low,site reachable (https://montrosegolflinks.com/) but no visitor booking found on it or 0 sub-page(s)
Inverallochy Golf Club,https://www.inverallochygolfclub.com/,57.668496,-1.9195754,unknown,unknown,,low,site reachable (https://www.inverallochygolfclub.com/) but no visitor booking found on it or 2 sub-page(s)
Fraserburgh Golf Club,https://fraserburghgolfclub.org/,57.6742651,-1.9812047,unknown,unknown,,low,site reachable (https://fraserburghgolfclub.org/) but no visitor booking found on it or 3 sub-page(s)
Rosehearty Golf Club,https://www.roseheartygolfclub.com/,57.6965936,-2.1033546,unknown,unknown,,low,site reachable (https://www.roseheartygolfclub.com/) but no visitor booking found on it or 3 sub-page(s)
Strathlene Golf Club,https://www.strathlenegolfclub.co.uk/,57.6923228,-2.9181824,unknown,unknown,,low,site reachable (https://www.strathlenegolfclub.co.uk/) but no visitor booking found on it or 0 sub-page(s)
Spey Bay Golf Course,https://www.linksdao.io/spey-bay,57.6683777,-3.0642943,unknown,unknown,,low,site reachable (https://www.linksdao.io/spey-bay) but no visitor booking found on it or 0 sub-page(s)
Traigh Golf Course,https://www.traighgolf.co.uk/,56.9419635,-5.8540629,unknown,unknown,,low,site reachable (https://www.traighgolf.co.uk/) but no visitor booking found on it or 5 sub-page(s)
Taynuilt Golf Club,https://www.taynuiltgolfclub.co.uk/,56.434466,-5.2412953,unknown,unknown,,low,site reachable (https://www.taynuiltgolfclub.co.uk/) but no visitor booking found on it or 2 sub-page(s)
gWest golf course,https://www.gwest.co.uk/golf.php,56.2719115,-3.7890195,unknown,unknown,,low,site reachable (https://www.gwest.co.uk/golf.php) but no visitor booking found on it or 0 sub-page(s)
Kingsfield Golf Course,https://www.kingsfieldgolf.com/,55.9840472,-3.5543971,unknown,unknown,,low,site reachable (https://kingsfieldgolfandleisure.co.uk/) but no visitor booking found on it or 0 sub-page(s)
Galashiels Golf Course,https://www.galashielsgolfclub.co.uk/,55.6241375,-2.8000497,unknown,unknown,,low,site reachable (https://www.galashielsgolfclub.co.uk/) but no visitor booking found on it or 2 sub-page(s)
Strathpeffer Spa Golf Club,https://www.strathpeffergolf.co.uk/,57.5910566,-4.5501265,unknown,unknown,,low,site reachable (https://www.strathpeffergolf.co.uk/) but no visitor booking found on it or 0 sub-page(s)
New Galloway Golf Club,https://newgallowaygolfclub.com/,55.0678722,-4.1471177,unknown,unknown,,low,site reachable (https://newgallowaygolfclub.com/) but no visitor booking found on it or 1 sub-page(s)
Dalmally Golf Club,https://www.dalmallygolfclub.co.uk/,56.4069279,-5.0118636,unknown,unknown,,low,site reachable (https://www.dalmallygolfclub.co.uk/) but no visitor booking found on it or 2 sub-page(s)
Raon Goilf Aisgernis,https://askernishgolfclub.com/,57.1849548,-7.4150567,unknown,unknown,,low,site reachable (https://www.askernishgolfclub.com/) but no visitor booking found on it or 4 sub-page(s)
Melrose Golf Club,https://melrosegolfclub.co.uk/,55.5868316,-2.7289904,unknown,unknown,,low,site reachable (https://melrosegolfclub.co.uk/) but no visitor booking found on it or 2 sub-page(s)
Bute Golf Club,https://www.butegolfclub.com/,55.7584884,-5.058245,unknown,unknown,,low,site reachable (https://www.butegolfclub.com/) but no visitor booking found on it or 1 sub-page(s)
Balfron Golf Club,https://www.balfrongolfsociety.org.uk/,56.0781247,-4.3289485,unknown,unknown,,low,site reachable (https://www.balfrongolfsociety.org.uk/) but no visitor booking found on it or 0 sub-page(s)
New Cumnock Golf Course,https://members.tripod.com/bob_newcumnock/golf/welcomex.html,55.4074932,-4.2021201,error,unknown,,low,unreachable even with a browser user agent
Ballochmyle Golf Club,https://ballochmylegolfclub.com/,55.5048242,-4.3522605,unknown,unknown,,low,site reachable (https://ballochmylegolfclub.com/) but no visitor booking found on it or 2 sub-page(s)
Newton Stewart Golf Club,https://www.newtonstewartgolfclub.co.uk/,54.9647468,-4.4733931,unknown,unknown,,low,site reachable (https://www.newtonstewartgolfclub.co.uk/) but no visitor booking found on it or 3 sub-page(s)
Roodlea Golf Course,https://www.roodleagolf.co.uk/,55.4418682,-4.5434513,unknown,unknown,,low,site reachable (https://www.roodleagolf.co.uk/) but no visitor booking found on it or 4 sub-page(s)
Whalsay Golf Club,https://www.whalsaygolfclub.co.uk/,60.3787945,-0.9146068,unknown,unknown,,low,site reachable (https://whalsaygolfclub.co.uk/) but no visitor booking found on it or 0 sub-page(s)
Port Bannatyne Golf Club,https://portbannatynegolfclub.co.uk/,55.8567604,-5.0901688,unknown,unknown,,low,site reachable (https://portbannatynegolfclub.co.uk/) but no visitor booking found on it or 0 sub-page(s)
St. Stephen’s Primary School golf course,https://blogs.glowscotland.org.uk/nl/ststephensprimary/,55.8544376,-3.9993658,unknown,unknown,,low,site reachable (https://blogs.glowscotland.org.uk/nl/ststephensprimary/) but no visitor booking found on it or 0 sub-page(s)
Millport Golf Course,https://millportgolfclub.co.uk/,55.7652064,-4.9327676,unknown,unknown,,low,site reachable (https://millportgolfclub.co.uk/) but no visitor booking found on it or 1 sub-page(s)
Craigtoun Course,https://www.standrews.com/golf/courses/the-craigtoun-course,56.3194159,-2.8443965,unknown,unknown,,low,site reachable (https://www.standrews.com/golf/courses/the-craigtoun-course) but no visitor booking found on it or 1 sub-page(s)
Corrie Golf Club,https://www.golfonarran.com/,55.6636092,-5.1610617,unknown,unknown,,low,site reachable (https://www.golfonarran.com/) but no visitor booking found on it or 0 sub-page(s)
Dufftown Golf Club,https://dufftowngolfclub.com/,57.4404442,-3.1582973,brs,public,https://visitors.brsgolf.com/dufftown#/open-competitions,high,found on https://dufftowngolfclub.com/
Bishopshire Golf Club,https://www.bishopshiregolf.club/,56.2090321,-3.3232475,unknown,unknown,,low,site reachable (https://www.bishopshiregolf.club/) but no visitor booking found on it or 1 sub-page(s)
Campbelltown Putting Green,https://www.skdt.org/putting-green/,55.4220026,-5.6002042,unknown,unknown,,low,site reachable (https://www.skdt.org/putting-green/) but no visitor booking found on it or 0 sub-page(s)
Biggar Golf Club,https://www.biggargolfclub.co.uk/,55.6190438,-3.5123627,unknown,unknown,,low,site reachable (https://www.biggargolfclub.co.uk/) but no visitor booking found on it or 1 sub-page(s)
Auchenharvie Golf Course,https://kaleisure.com/location/auchenharvie-golf-course/,55.6355054,-4.7687485,unknown,unknown,,low,site reachable (https://kaleisure.com/location/auchenharvie-golf-course/) but no visitor booking found on it or 0 sub-page(s)
Seton Sands 9 Hole Golf Course,https://www.haven.com/parks/scotland/seton-sands,55.9668033,-2.9267084,unknown,unknown,,low,site reachable (https://www.haven.com/parks/scotland/seton-sands) but no visitor booking found on it or 1 sub-page(s)
Ardeer Golf Club,https://ardeergolfclub.co.uk/,55.6578657,-4.75388,unknown,unknown,,low,site reachable (https://ardeergolfclub.co.uk/) but no visitor booking found on it or 4 sub-page(s)
Cowal Golf Club,https://www.cowalgolfclub.online/,55.9658328,-4.9224019,error,unknown,,low,unreachable even with a browser user agent
Dunecht House Golf Club,https://www.dunechthousegolfclub.co.uk/,57.1585988,-2.4094974,unknown,unknown,,low,site reachable (https://www.dunechthousegolfclub.co.uk/) but no visitor booking found on it or 2 sub-page(s)
St Fillans Golf Club,https://www.st-fillans-golf.com/,56.3888253,-4.1016837,unknown,unknown,,low,site reachable (https://www.st-fillans-golf.com/) but no visitor booking found on it or 2 sub-page(s)
Atholl Palace Hotel Pitch and Putt course,https://www.athollpalace.com/attractions/putting-green/,56.6995576,-3.7162226,unknown,unknown,,low,site reachable (https://www.athollpalace.com/attractions/putting-green/) but no visitor booking found on it or 2 sub-page(s)
Rutherford Castle Golf Course,https://rutherfordcastlegc.org.uk/,55.7700401,-3.3374444,error,unknown,,low,unreachable even with a browser user agent
Irvine Ravenspark Golf Club,https://www.irgc.co.uk/,55.632177,-4.6821751,unknown,unknown,,low,site reachable (https://www.irgc.co.uk/) but no visitor booking found on it or 3 sub-page(s)
Glencruitten Golf Club,https://www.golfoban.com/,56.4117457,-5.4533991,unknown,unknown,,low,site reachable (https://www.golfoban.com/) but no visitor booking found on it or 3 sub-page(s)
Thurso Golf Club,https://thursogolfclub.co.uk/,58.5826497,-3.5523179,unknown,unknown,,low,site reachable (https://thursogolfclub.co.uk/) but no visitor booking found on it or 0 sub-page(s)
Foulford Inn Golf Course,https://foulfordinn.co.uk/,56.4202449,-3.7842242,unknown,unknown,,low,site reachable (https://foulfordinn.co.uk/) but no visitor booking found on it or 0 sub-page(s)
Dalbeattie Golf Club,https://www.dalbeattiegolfclub.co.uk/,54.9410261,-3.8298372,unknown,unknown,,low,site reachable (https://www.dalbeattiegolfclub.co.uk/) but no visitor booking found on it or 2 sub-page(s)
Charleton Golf Club,https://charleton.co.uk/,56.2226571,-2.8672653,unknown,unknown,,low,site reachable (https://charleton.co.uk/) but no visitor booking found on it or 2 sub-page(s)
Kingsbarns Golf Links,https://www.kingsbarns.com/,56.2994358,-2.6413124,unknown,unknown,,low,site reachable (https://www.kingsbarns.com/) but no visitor booking found on it or 3 sub-page(s)
Meldrum House Golf Course,https://www.meldrumhouse.com/golf/,57.3524312,-2.3141866,unknown,unknown,,low,site reachable (https://www.meldrumhouse.com/golf/) but no visitor booking found on it or 1 sub-page(s)
Feddinch Mains,https://amgolf.consultationonline.co.uk/,56.3158902,-2.8303411,error,unknown,,low,unreachable even with a browser user agent
Struie Course,https://royaldornoch.com/struie-course/,57.8734071,-4.0339614,unknown,unknown,,low,site reachable (https://royaldornoch.com/struie-course/) but no visitor booking found on it or 2 sub-page(s)
Kirkcudbright Golf Course,https://www.kirkcudbrightgolf.co.uk/,54.8436283,-4.0353185,unknown,unknown,,low,site reachable (https://www.kirkcudbrightgolf.co.uk/) but no visitor booking found on it or 5 sub-page(s)
Alness Golf Club,https://www.alnessgolf.co.uk/,57.7052408,-4.2638763,unknown,unknown,,low,site reachable (https://www.alnessgolf.co.uk/) but no visitor booking found on it or 2 sub-page(s)
Colonsay Golf Club,https://www.colonsay.org.uk/Things-to-Do/Golf,56.0611026,-6.2441065,unknown,unknown,,low,site reachable (https://colonsay.org.uk/) but no visitor booking found on it or 0 sub-page(s)
Abernethy Golf club,https://www.abernethygolfclub.com/,57.2715495,-3.6499087,unknown,unknown,,low,site reachable (https://www.abernethygolfclub.com/) but no visitor booking found on it or 3 sub-page(s)
Lochwinnoch Golf Club,https://www.lochwinnochgolf.co.uk/,55.7989675,-4.6418245,brs,public,https://visitors.brsgolf.com/lochwinnoch#/course/1,high,found on https://www.lochwinnochgolf.co.uk/book
Craggan Golf Course,https://www.cairngormsactivities.co.uk/golf,57.3118093,-3.6262666,unknown,unknown,,low,site reachable (https://www.cairngormsactivities.co.uk/golf) but no visitor booking found on it or 0 sub-page(s)
Langholm Golf Club,https://www.langholmgolfclub.co.uk/,55.1511422,-2.9905514,unknown,unknown,,low,site reachable (https://www.langholmgolfclub.co.uk/) but no visitor booking found on it or 1 sub-page(s)
Covesea Links,https://covesealinks.com/,57.7208799,-3.3595062,unknown,unknown,,low,site reachable (https://covesealinks.com/) but no visitor booking found on it or 1 sub-page(s)
Hoddom Castle Caravan Site golf course,https://www.hoddomcastle.co.uk/,55.0453783,-3.3176843,unknown,unknown,,low,site reachable (https://www.hoddomcastle.co.uk/) but no visitor booking found on it or 0 sub-page(s)
Lybster Golf Club,https://lybstergolfclub.co.uk/,58.3040876,-3.2823502,unknown,unknown,,low,site reachable (https://lybstergolfclub.co.uk/) but no visitor booking found on it or 1 sub-page(s)
Westray Golf Club,https://westraygolf.org/,59.3257587,-3.0000016,unknown,unknown,,low,site reachable (https://westraygolf.org/) but no visitor booking found on it or 0 sub-page(s)
Kilspindie Golf Club,https://kilspindiegolfclub.co.uk/,56.0096657,-2.881928,intelligent_golf,public,https://www.kilspindiegolfclub.co.uk/visitorbooking/,high,found on https://www.kilspindiegolfclub.co.uk/
Craignure Golf Club,https://craignuregolfclub.co.uk/,56.4831406,-5.7300685,unknown,unknown,,low,site reachable (https://craignuregolfclub.co.uk/) but no visitor booking found on it or 1 sub-page(s)
Tobermory Golf Club,https://www.tobermorygolfclub.com/,56.6289294,-6.0642467,unknown,unknown,,low,site reachable (https://www.tobermorygolfclub.com/) but no visitor booking found on it or 3 sub-page(s)
The Machrie,https://islaygolfclub.co.uk/,55.6643758,-6.2558669,unknown,unknown,,low,site reachable (https://islaygolfclub.co.uk/) but no visitor booking found on it or 0 sub-page(s)
Vaul Golf Club,https://vaulgolfclub.co.uk/,56.5322503,-6.7908114,unknown,unknown,,low,site reachable (https://www.vaulgolfclub.co.uk/) but no visitor booking found on it or 3 sub-page(s)
Rothesay Golf Club,https://www.rothesaygolfclub.co.uk/,55.8329212,-5.0409677,unknown,unknown,,low,site reachable (https://www.rothesaygolfclub.co.uk/) but no visitor booking found on it or 0 sub-page(s)
Uig Lodge golf course,https://www.uiglodge.co.uk/,58.1881348,-7.0146121,unknown,unknown,,low,site reachable (https://www.uiglodge.co.uk/) but no visitor booking found on it or 0 sub-page(s)
Routenburn Golf Club,https://www.routenburngolfclub.co.uk/,55.8211617,-4.875485,unknown,unknown,,low,site reachable (https://www.routenburngolfclub.co.uk/) but no visitor booking found on it or 0 sub-page(s)
Whinhill Golf Course,https://ilactivegolf.com/,55.9326317,-4.760952,error,unknown,,low,unreachable even with a browser user agent
Lochgilphead Golf Club,https://www.lochgilpheadgolfclub.co.uk/,56.0438084,-5.4126526,unknown,unknown,,low,site reachable (https://www.lochgilpheadgolfclub.co.uk/) but no visitor booking found on it or 2 sub-page(s)
Balmoral Estate 9-hole golf course,https://balmoralcastle.com/visiting/balmoral-estate/golf,57.0350902,-3.218303,unknown,unknown,,low,site reachable (https://balmoralcastle.com/visiting/balmoral-estate/explore/golf) but no visitor booking found on it or 0 sub-page(s)
Kyles of Bute Golf Club,https://www.kylesofbutegolfclub.co.uk/,55.8880683,-5.2473303,unknown,unknown,,low,site reachable (https://www.kylesofbutegolfclub.co.uk/) but no visitor booking found on it or 1 sub-page(s)
B. A.  Club Pitch and Putt,https://www.facebook.com/pages/BA-Club/151694704870059,56.832321,-5.079273,unknown,unknown,,low,site reachable (https://www.facebook.com/) but no visitor booking found on it or 2 sub-page(s)
Dunes Golf Centre,https://dunesgolfcentre.co.uk/,57.6765033,-1.9952178,unknown,unknown,,low,site reachable (https://dunesgolfcentre.co.uk/) but no visitor booking found on it or 2 sub-page(s)
Ardfin Golf Course,https://www.ardfin.com/golf/,55.7998414,-6.0206841,unknown,unknown,,low,site reachable (https://www.ardfin.com/golf/) but no visitor booking found on it or 0 sub-page(s)
Craigtoun Country Park Course,https://www.friendsofcraigtoun.org.uk/attractions/park-golf,56.3174881,-2.8406695,unknown,unknown,,low,site reachable (https://www.friendsofcraigtoun.org.uk/attractions/park-golf) but no visitor booking found on it or 2 sub-page(s)
Torrance Course,https://www.standrewsbay.com/,56.32156,-2.7314506,unknown,unknown,,low,site reachable (https://www.fairmont.com/en/hotels/st-andrews/fairmont-st-andrews.html) but no visitor booking found on it or 2 sub-page(s)
Loch Lomond Golf Course,https://www.lochlomond.com/,56.0646353,-4.6357318,unknown,unknown,,low,site reachable (https://www.lochlomond.com/) but no visitor booking found on it or 0 sub-page(s)
Aigas Golf Course,https://aigasgolfcourse.co.uk/,57.4407262,-4.5633891,clubv1,public,https://aigas.hub.clubv1.com/Visitors/booking,high,found on https://aigasgolfcourse.co.uk/
Lochcarron Golf Course,https://lochcarrongolfclub.co.uk/,57.4155408,-5.4725826,unknown,unknown,,low,site reachable (https://lochcarrongolfclub.co.uk/) but no visitor booking found on it or 1 sub-page(s)
"Musselburgh Links, The Old Golf Course",https://www.musselburgholdlinks.co.uk/,55.9465857,-3.0362931,error,unknown,,low,unreachable even with a browser user agent
Old Course Ranfurly Golf Club,https://www.oldranfurly.com/,55.8489582,-4.5773316,error,unknown,,low,unreachable even with a browser user agent
Ranfurly Castle Golf Club,https://www.ranfurlycastlegolfclub.co.uk/,55.8526622,-4.6032974,unknown,unknown,,low,site reachable (https://www.ranfurlycastlegolfclub.co.uk/) but no visitor booking found on it or 5 sub-page(s)
Colville Park Golf Course,https://colvilleparkgc.co.uk/,55.8017242,-3.9805732,unknown,unknown,,low,site reachable (https://colvilleparkgc.co.uk/) but no visitor booking found on it or 2 sub-page(s)
Lochranza Golf Course,https://www.lochranzagolf.com/,55.7022719,-5.2806577,unknown,unknown,,low,site reachable (http://www.lochranzagolf.com/) but no visitor booking found on it or 0 sub-page(s)
Playsport Golf Test Drive Range,https://www.playsportgolf.co.uk/,55.7812641,-4.1792622,unknown,unknown,,low,site reachable (https://playsportgolf.co.uk/) but no visitor booking found on it or 5 sub-page(s)
McDonald Golf Course,https://www.ellongolfclub.co.uk/,57.3712689,-2.0815731,brs,unknown,https://members.brsgolf.com/mcdonald/login,medium,site reachable (https://www.ellongolfclub.co.uk/) but no visitor booking found on it or 5 sub-page(s)
Glenrothes Golf Course,https://www.glenrothesgolf.org.uk,56.1869148,-3.2116407,error,unknown,,low,unreachable even with a browser user agent
Tarbert Golf Club,https://tarbertgolfclub.com/,55.8602246,-5.4421446,unknown,unknown,,low,site reachable (https://tarbertgolfclub.com/) but no visitor booking found on it or 3 sub-page(s)
Dunaverty Golf Club,https://www.dunavertygolfclub.com/,55.3107857,-5.6370325,unknown,unknown,,low,site reachable (https://www.dunavertygolfclub.com/) but no visitor booking found on it or 3 sub-page(s)
Ross Priory Club,https://www.strath.ac.uk/rosspriory/,56.0526034,-4.5415164,unknown,unknown,,low,site reachable (https://www.strath.ac.uk/rosspriory/) but no visitor booking found on it or 0 sub-page(s)
Cally Palace Hotel & Golf Course,https://www.mcmillanhotels.co.uk/hotels/cally-palace-hotel/golf-at-cally-palace,54.8749938,-4.1817143,unknown,unknown,,low,site reachable (https://bespokehotels.com/cally-palace-hotel/golf/) but no visitor booking found on it or 0 sub-page(s)
Guthrie Castle Golf Course,https://www.guthriecastle.com/tour-the-castle-scottish-event-venue/golf-course/,56.6433018,-2.717256,error,unknown,,low,unreachable even with a browser user agent
Forfar Golf Club,https://www.forfargolfclub.co.uk,56.6435919,-2.8478724,error,unknown,,low,unreachable even with a browser user agent
Carnegie Links,https://www.carnegieclub.co.uk/golf-championship-links.html,57.857529,-4.1306581,unknown,unknown,,low,site reachable (https://www.carnegieclub.co.uk/golf-championship-links.html) but no visitor booking found on it or 0 sub-page(s)
Hazlehead Golf Course,https://www.sportaberdeen.co.uk/hazlehead,57.1358399,-2.1892213,unknown,unknown,,low,site reachable (https://www.sportaberdeen.co.uk/venues/hazlehead-18-hole-courses) but no visitor booking found on it or 2 sub-page(s)
Southerness Golf Course,https://southernessgolfclub.com/,54.878041,-3.6131249,brs,unknown,https://members.brsgolf.com/southerness/login,medium,site reachable (https://southernessgolfclub.com/) but no visitor booking found on it or 2 sub-page(s)
Reay Golf Course,https://reaygolfclub.com/,58.5629503,-3.7751396,unknown,unknown,,low,site reachable (https://reaygolfclub.com/) but no visitor booking found on it or 0 sub-page(s)
Carradale Golf Course,https://www.carradalegolf.com/,55.588788,-5.4643124,unknown,unknown,,low,site reachable (https://www.carradalegolf.com/) but no visitor booking found on it or 3 sub-page(s)
Leadhills Golf Course,https://www.leadhillsgolfclub.com/,55.4145522,-3.7537165,unknown,unknown,,low,site reachable (https://www.leadhillsgolfclub.com/) but no visitor booking found on it or 2 sub-page(s)
Portmahomack Golf Club,https://portmahomackgolfclub.com/,57.8343745,-3.8230237,unknown,unknown,,low,site reachable (https://portmahomackgolfclub.com/) but no visitor booking found on it or 2 sub-page(s)
Burrowhead Holiday Village Pitch and Putt course,https://burrowheadholidayvillage.co.uk/,54.6837382,-4.4041571,unknown,unknown,,low,site reachable (https://burrowheadholidayvillage.co.uk/) but no visitor booking found on it or 0 sub-page(s)
Kittocks Course,https://www.standrewsbay.com/,56.3212182,-2.7225081,unknown,unknown,,low,site reachable (https://www.fairmont.com/en/hotels/st-andrews/fairmont-st-andrews.html) but no visitor booking found on it or 2 sub-page(s)
Murrayshall Course,https://www.murrayshall.co.uk/,56.4188389,-3.3655723,unknown,unknown,,low,site reachable (https://www.murrayshall.co.uk/) but no visitor booking found on it or 2 sub-page(s)
Ailsa,,,,not_a_club,out_of_scope,,high,"a course name, not a club name; nothing to search on"
Ashludie Course,,,,not_a_club,out_of_scope,,high,"a course name, not a club name; nothing to search on"
David Lloyd Rouken Glen Golf Club,,,,not_a_club,out_of_scope,,high,not a club a visitor books a round at
Glens Course,,,,not_a_club,out_of_scope,,high,"a course name, not a club name; nothing to search on"
Gullane Childrens Course,,,,not_a_club,out_of_scope,,high,"a course name, not a club name; nothing to search on"
Halkett Course,,,,not_a_club,out_of_scope,,high,"a course name, not a club name; nothing to search on"
Kempston Course,,,,not_a_club,out_of_scope,,high,"a course name, not a club name; nothing to search on"
Lansdowne Course,,,,not_a_club,out_of_scope,,high,"a course name, not a club name; nothing to search on"
Medal Course,,,,not_a_club,out_of_scope,,high,"a course name, not a club name; nothing to search on"
Pitlochry Putting Green,,,,not_a_club,out_of_scope,,high,not a club a visitor books a round at
Rosemount Course,,,,not_a_club,out_of_scope,,high,"a course name, not a club name; nothing to search on"
The Bruce,,,,not_a_club,out_of_scope,,high,"a course name, not a club name; nothing to search on"
The Carnoustie Buddon Course,,,,not_a_club,out_of_scope,,high,"a course name, not a club name; nothing to search on"
The Carnoustie Burnside Course,,,,not_a_club,out_of_scope,,high,"a course name, not a club name; nothing to search on"
The Carnoustie Championship Course,,,,not_a_club,out_of_scope,,high,"a course name, not a club name; nothing to search on"
The Dornock Course,,,,not_a_club,out_of_scope,,high,"a course name, not a club name; nothing to search on"
The Montgomery,,,,not_a_club,out_of_scope,,high,"a course name, not a club name; nothing to search on"
The Nestie,,,,not_a_club,out_of_scope,,high,"a course name, not a club name; nothing to search on"
Elderslie Golf Club,https://eldersliegolfclub.com/,55.8329475,-4.4722228,brs,public,https://visitors.brsgolf.com/elderslie,high,BRS page title: Elderslie Golf Club - Book Tee Times Online - Online Golf Bo
Cowglen Golf Club,https://www.cowglengolfclub.co.uk/,55.8184832,-4.3174518,brs,public,https://visitors.brsgolf.com/cowglen,high,BRS page title: Cowglen Golf Club - Book Tee Times Online - Online Golf Book
Fortrose & Rosemarkie Golf Club,https://www.fortrosegolfclub.co.uk/,57.5783631,-4.1032654,brs,public,https://visitors.brsgolf.com/fortrose,high,BRS page title: Fortrose &amp; Rosemarkie Golf Club - Book Tee Times Online 
Pumpherston Golf Club,https://www.pumpherstongolfclub.co.uk/,55.9073304,-3.4827772,brs,public,https://visitors.brsgolf.com/pumpherston,high,BRS page title: Pumpherston Golf Club - Book Tee Times Online - Online Golf 
Milngavie Golf Club,https://www.milngaviegolfclub.co.uk/,55.958339,-4.3421044,brs,public,https://visitors.brsgolf.com/milngavie,high,BRS page title: Milngavie Golf Club - Book Tee Times Online - Online Golf Bo
Aberdour Golf Club,https://www.aberdourgolfclub.co.uk/,56.0463831,-3.3065996,brs,public,https://visitors.brsgolf.com/aberdour,high,BRS page title: Aberdour Golf Club - Book Tee Times Online - Online Golf Boo
Lochgelly Golf Club,https://www.lochgellygolfclub.co.uk/,56.126636,-3.322197,brs,public,https://visitors.brsgolf.com/lochgelly,high,BRS page title: Lochgelly Golf Club - Book Tee Times Online - Online Golf Bo
Gleddoch Golf and Spa Resort,https://www.gleddoch.com/golf/,55.9157436,-4.5855535,brs,public,https://visitors.brsgolf.com/gleddoch,high,BRS page title: Gleddoch Golf Club - Book Tee Times Online - Online Golf Boo
Shiskine Golf Club,https://www.shiskinegolf.com/,55.506966,-5.3473513,brs,public,https://visitors.brsgolf.com/shiskine,high,BRS page title: Shiskine Golf &amp; Tennis Club - Book Tee Times Online - On
Powfoot Golf Club,https://www.powfootgolfclub.com/,54.9770609,-3.3419755,brs,public,https://visitors.brsgolf.com/powfoot,high,BRS page title: Powfoot Golf Club - Book Tee Times Online - Online Golf Book
Portpatrick Dunskey Golf Club,https://www.portpatrickgolfclub.com/,54.8478127,-5.1201148,brs,public,https://visitors.brsgolf.com/portpatrick,high,BRS page title: Portpatrick Dunskey Golf Club - Book Tee Times Online - Onli
Auchterarder Golf Club,https://www.auchterardergolf.co.uk/home,56.2879046,-3.727848,brs,public,https://visitors.brsgolf.com/auchterarder,high,BRS page title: Auchterarder Golf Club - Book Tee Times Online - Online Golf
North Inch Golf Course,https://www.northinchgolf.co.uk/,56.4092244,-3.4368764,brs,public,https://visitors.brsgolf.com/northinch,high,BRS page title: North Inch Golf Course - Book Tee Times Online - Online Golf
Kingussie Golf Club,https://kingussiegolfclub.co.uk/,57.0914782,-4.0529104,brs,public,https://visitors.brsgolf.com/kingussie,high,BRS page title: Kingussie Golf Club - Book Tee Times Online - Online Golf Bo
Gifford Golf Club,https://www.giffordgolfclub.com/,55.8956452,-2.7590832,brs,public,https://visitors.brsgolf.com/giffordgc,high,BRS page title: Gifford Golf Club - Book Tee Times Online - Online Golf Book
Lamlash Golf Club,https://www.lamlashgolfclub.com/,55.5456052,-5.1288983,brs,public,https://visitors.brsgolf.com/lamlash,high,BRS page title: Lamlash Golf Club - Book Tee Times Online - Online Golf Book
Inchmarlo Golf Resort,https://www.inchmarlogolf.co.uk/,57.0589054,-2.5339817,brs,public,https://visitors.brsgolf.com/inchmarlo,high,BRS page title: Inchmarlo Golf Centre - Book Tee Times Online - Online Golf 
Kintore Golf Club,https://www.kintoregolfclub.net/,57.2431114,-2.3207408,brs,public,https://visitors.brsgolf.com/kintore,high,BRS page title: Kintore Golf Club - Book Tee Times Online - Online Golf Book
Brodick Golf Course,https://www.brodickgolf.com/,55.5838116,-5.1587175,brs,public,https://visitors.brsgolf.com/brodick,high,BRS page title: Brodick Golf Club - Book Tee Times Online - Online Golf Book
