club,status,county,platform,sheets,postcode,reason,evidence_url
Allen Park Golf Centre,live,,brs,1,BT41 2UB,,
Birchwood Park,live,,esp,1,DA2 7HJ,,
Canterbury,live,,intelligent_golf,1,CT1 1TW,,
Chart Hills,live,,esp,1,TN27 8JX,,
Cooden Beach,live,,intelligent_golf,1,TN39 4TR,,
Copthorne,live,,intelligent_golf,2,RH10 3LL,,
Cottesmore Golf Club,live,,esp,1,RH11 9AT,,
Crowborough Beacon Golf Club,live,,intelligent_golf,1,TN6 1UJ,,
Drayton Park Golf Club,live,,brs,1,OX14 4LA,,
Dukes Meadows Golf,live,,brs,1,W4 2SH,,
East Sussex National,live,,shiji,2,BN8 5ES,,
Eastbourne Downs,live,,golf_manager,1,BN20 8ES,,
Haywards Heath,live,,intelligent_golf,1,RH16 1SL,,
Horsham Golf Club,live,,intelligent_golf,1,RH13 0AX,,
Knole Park,live,,intelligent_golf,1,TN15 0HJ,,
Lamberhurst,live,,intelligent_golf,1,TN3 8DT,,
London Club,live,,esp,1,TN15 7EH,,
Mannings Heath,live,,intelligent_golf,2,RH13 6PG,,
Nizels,live,,intelligent_golf,1,TN11 8NU,,
Piltdown,live,,intelligent_golf,1,TN22 3XB,,
Poult Wood Golf Course,live,,gladstone,2,TN11 9QR,,
Prince's,live,,esp,1,CT13 9QB,,
Redlibbets,live,,golf_manager,1,TN15 7HT,,
REGC,live,,intelligent_golf,2,BN20 8BP,,
Royal Cinque Ports Golf Club,live,,intelligent_golf,1,CT14 6RF,,
Slinfold Golf & Country Club,live,,intelligent_golf,2,RH13 0RE,,
Sweetwoods,live,,esp,1,TN8 7AY,,
The Heron,live,,intelligent_golf,3,CM13 3LW,,
The Ridge,live,,intelligent_golf,1,ME17 3JB,,
West Malling,live,,intelligent_golf,2,ME19 5AR,,
Westerham,live,,esp,1,TN16 1QN,,
Wildernesse,live,,intelligent_golf,1,TN15 0JE,,
Willingdon,live,,clubv1,1,BN20 9AA,,
Woodhall Spa National Golf Centre,live,,intelligent_golf,2,LN10 6PU,,
Aylesbury Vale Golf Club,live,bedfordshire,brs,1,LU7 0UJ,,https://visitors.brsgolf.com/aylesburyvale
Bedford and County Golf Club,live,bedfordshire,intelligent_golf,1,MK41 6ET,,https://bedfordcounty.intelligentgolf.co.uk/visitorbooking/
Cainhoe Wood Golf Club,live,bedfordshire,intelligent_golf,1,SG17 5PH,,https://cainhoewood.intelligentgolf.co.uk/visitorbooking/
Leighton Buzzard Golf Club,live,bedfordshire,intelligent_golf,1,LU7 3JF,,https://www.lbgc.co.uk/visitorbooking/
South Beds Golf Club,live,bedfordshire,clubv1,1,LU2 7AE,,https://southbeds.hub.clubv1.com/Visitors/TeeSheet?date=2026-09-11
The Millbrook Golf Club,live,bedfordshire,brs,1,MK45 2JB,,https://visitors.brsgolf.com/millbrook
Tilsworth Golf Course,live,bedfordshire,brs,1,LU7 9PU,,https://visitors.brsgolf.com/tilsworth
Whipsnade Park Golf Club,live,bedfordshire,brs,1,LU2 0FY,,https://visitors.brsgolf.com/whipsnadepark
Billingbear Park Golf Course,live,berkshire,brs,1,RG40 5SJ,,https://visitors.brsgolf.com/billingbearold#/course/1
Bird Hills Golf Centre,live,berkshire,intelligent_golf,1,SL6 3ST,,https://birdhills.intelligentgolf.co.uk/visitorbooking/
Calcot Park Golf Club,live,berkshire,intelligent_golf,1,RG31 7RN,,https://www.calcotpark.com/visitorbooking/
Donnington Grove Country Club,live,berkshire,brs,1,RG14 2LA,,https://visitors.brsgolf.com/donningtongrove#/course/1
Donnington Valley Golf Club,live,berkshire,intelligent_golf,1,RG14 3AG,,https://donningtonvalley.intelligentgolf.co.uk/visitorbooking/
Goring & Streatley Golf Club,live,berkshire,intelligent_golf,1,RG8 9QA,,https://goring.intelligentgolf.co.uk/visitorbooking/
Hennerton Golf Club,live,berkshire,brs,1,RG10 8LT,,https://visitors.brsgolf.com/hennerton/
Newbury & Crookham Golf Club,live,berkshire,intelligent_golf,1,RG19 8BZ,,https://newburygolf.intelligentgolf.co.uk/visitorbooking/
Richings Park Golf and Country Club,live,berkshire,intelligent_golf,1,SL0 9DL,,https://www.richingspark.co.uk/visitorbooking/
Royal Ascot Golf Club,live,berkshire,intelligent_golf,1,SL5 7LJ,,https://royalascot.intelligentgolf.co.uk/visitorbooking/
Temple Golf Course,live,berkshire,intelligent_golf,1,SL6 5LH,,https://www.templegolfclub.co.uk/visitorbooking/
The Caversham,live,berkshire,intelligent_golf,1,RG4 7UT,,https://caversham.intelligentgolf.co.uk/visitorbooking/
The Club at Mapledurham,live,berkshire,intelligent_golf,1,RG4 7UD,,https://golf.theclubatmapledurham.com/visitorbooking/
The West Berkshire Golf Club,live,berkshire,brs,1,RG20 7DU,,https://visitors.brsgolf.com/westberkshire#/course/1
Theale Golf Club,live,berkshire,brs,1,RG7 5EX,,https://visitors.brsgolf.com/theale#/course/1
Winter Hill Golf Course,live,berkshire,golf_manager,1,SL6 9RP,,https://winterhill.golfmanager.com/consumer/home
Abbey Hill Golf Centre,live,buckinghamshire,esp,1,MK8 8AA,,https://www.e-s-p.com/elitelive/book_webpromotion.php?ref=AHcrazygolf&dt=CRAZYGOLF&
Aspley Guise & Woburn Sands Golf Club,live,buckinghamshire,intelligent_golf,1,MK17 8DX,,https://aspley.intelligentgolf.co.uk/visitorbooking/
Beaconsfield Golf Club,live,buckinghamshire,intelligent_golf,1,HP9 2UR,,https://www.beaconsfieldgolfclub.co.uk/visitorbooking/
Chiltern Forest Golf Course,live,buckinghamshire,brs,1,HP22 5NQ,,https://visitors.brsgolf.com/chilternforest#/course/1
Flackwell Heath Golf Course,live,buckinghamshire,intelligent_golf,1,HP10 9PE,,https://www.fhgc.co.uk/visitorbooking/
Harleyford Golf Club,live,buckinghamshire,intelligent_golf,1,SL7 2SP,,https://harleyford.intelligentgolf.co.uk/visitorbooking/
Huntswood Golf Course,live,buckinghamshire,brs,1,SL1 8LS,,https://visitors.brsgolf.com/huntswood#/course/1
Ivinghoe Golf Club,live,buckinghamshire,clubv1,1,LU7 9EF,,https://ivinghoe.hub.clubv1.com/Visitors/TeeSheet?date=2026-09-11
Oakland Park Golf Club,live,buckinghamshire,brs,1,HP8 4LW,,https://visitors.brsgolf.com/oaklandpark#/course/1
Three Locks Golf Club,live,buckinghamshire,brs,1,MK17 9BH,,https://visitors.brsgolf.com/threelocks#/
Wexham Park Golf Centre,live,buckinghamshire,brs,1,SL3 6LS,,https://visitors.brsgolf.com/wexhampark18#/course/1
Whiteleaf Golf Club,live,buckinghamshire,clubv1,1,HP27 0LY,,https://whiteleaf.hub.clubv1.com/Visitors/TeeSheet?date=2026-09-11
Wycombe Heights Golf Centre,live,buckinghamshire,esp,1,HP10 9SZ,,https://www.e-s-p.com/elitelive/book_date.php
Elton Furze Golf Club,live,cambridgeshire,clubv1,1,PE7 3TT,,https://eltonfurze.hub.clubv1.com/visitors/TeeSheet?date=2026-09-11
Ely City Golf Club,live,cambridgeshire,intelligent_golf,1,CB7 4HX,,https://www.elygolf.co.uk/visitorbooking/
Girton Golf Club,live,cambridgeshire,brs,1,CB3 0QE,,https://visitors.brsgolf.com/girton#/course/1
March Golf Club,live,cambridgeshire,clubv1,1,PE15 0YH,,https://marchgc.hub.clubv1.com/Visitors/TeeSheet?date=2026-09-11
Ramsey Golf & Bowls Club,live,cambridgeshire,brs,1,PE26 1DD,,https://visitors.brsgolf.com/ramsey#/course/1
The Old Nene Golf & Country Club,live,cambridgeshire,brs,1,PE26 2XQ,,https://visitors.brsgolf.com/oldnene#/course/1
Alderley Edge Golf Club,live,cheshire,brs,1,SK9 7RU,,https://visitors.brsgolf.com/alderleyedge
Aldersey Green Golf Club,live,cheshire,brs,2,CH3 9EH,,https://visitors.brsgolf.com/alderseygreen#/course/1
Carden Park Golf Club,live,cheshire,golf_manager,1,CH3 9DQ,,https://cardenpark.golfmanager.com/consumer/home
Congleton Golf Club,live,cheshire,brs,1,CW12 3LZ,,https://visitors.brsgolf.com/congletongc#/course/1
Crewe Golf Club,live,cheshire,clubv1,1,CW1 5TB,,https://crewe.hub.clubv1.com/Visitors/TeeSheet?date=2026-09-12
Davenport Golf Club,live,cheshire,intelligent_golf,1,SK12 1TT,,https://davenport.intelligentgolf.co.uk/visitorbooking/
Delamere Forest Golf Club,live,cheshire,brs,1,CW8 2JE,,https://visitors.brsgolf.com/delamereforest
Disley Golf Course,live,cheshire,brs,1,SK12 2JX,,https://visitors.brsgolf.com/disley
Helsby Golf Club,live,cheshire,clubv1,1,WA6 0JB,,https://helsby.hub.clubv1.com/visitors/TeeSheet?date=2026-09-12
Heyrose Golf Club,live,cheshire,brs,1,WA16 0HZ,,https://visitors.brsgolf.com/heyrose
High Legh Park Golf Course,live,cheshire,intelligent_golf,2,WA16 0WA,,https://golf.theclubathighleghpark.com/visitorbooking/
Knutsford Golf Club,live,cheshire,clubv1,1,WA16 6HS,,https://knutsford.hub.clubv1.com/visitors/TeeSheet?date=2026-09-12
Lymm Golf Club,live,cheshire,intelligent_golf,1,WA13 9AN,,https://www.lymmgolfclub.co.uk/visitorbooking/
Runcorn Golf Course,live,cheshire,clubv1,1,WA7 4SU,,https://runcorn.hub.clubv1.com/Visitors/TeeSheet?date=2026-09-17
Sandiway Golf Club,live,cheshire,intelligent_golf,1,CW8 2DJ,,https://sandiway.intelligentgolf.co.uk/visitorbooking/
Upton-by-Chester Golf Club,live,cheshire,intelligent_golf,1,CH2 1EE,,https://www.uptongolf.co.uk/visitorbooking/
Vicars Cross Golf Club,live,cheshire,brs,1,CH3 7HN,,https://visitors.brsgolf.com/vicarscross
Wilmslow Golf Club,live,cheshire,intelligent_golf,1,WA16 7AY,,https://wilmslow.intelligentgolf.co.uk/visitorbooking/
Bowood Park Golf Course,live,cornwall,brs,1,PL32 9RG,,https://visitors.brsgolf.com/bowoodpark#/open-competitions
Bude & North Cornwall Golf Course,live,cornwall,clubv1,1,EX23 8DA,,https://budeandnorthcornwall.hub.clubv1.com/Visitors/TeeSheet?date=2026-09-11
Budock Vean Golf Club,live,cornwall,chronogolf,1,TR11 5LG,,https://www.chronogolf.com/en/club/19557/widget?medium=widget&source=club
Cape Cornwall Club,live,cornwall,brs,1,TR19 7NL,,https://visitors.brsgolf.com/capecornwallclub#/course/1
Lanhydrock Hotel & Golf Club,live,cornwall,brs,1,PL30 5AQ,,https://visitors.brsgolf.com/lanhydrockhotel#/course/1
Launceston Golf Club,live,cornwall,brs,1,PL15 8HF,,https://visitors.brsgolf.com/launceston#/course/1
Mawgan Porth Golf Club,live,cornwall,brs,1,TR8 4DN,,https://visitors.brsgolf.com/merlin#/course/1
Mullion Golf Course,live,cornwall,intelligent_golf,1,TR12 7BP,,https://mullion.intelligentgolf.co.uk/visitorbooking/
Newquay Golf Course,live,cornwall,intelligent_golf,1,TR7 1LT,,https://www.newquaygolfclub.co.uk/visitorbooking/
Perranporth Golf Club,live,cornwall,brs,1,TR6 0AB,,https://visitors.brsgolf.com/perranporth#/course/1
Point at Polzeath Golf Course,live,cornwall,intelligent_golf,1,PL27 6QT,,https://thepoint.intelligentgolf.co.uk/visitorbooking/
Porthpean Golf Club,live,cornwall,brs,1,PL26 6AY,,https://visitors.brsgolf.com/porthpean#/course/1
St Austell Golf Course,live,cornwall,intelligent_golf,1,PL26 7DS,,https://staustell.intelligentgolf.co.uk/visitorbooking/
St Enodoc Golf Club,live,cornwall,intelligent_golf,2,PL27 6SH,,https://stenodoc.intelligentgolf.co.uk/visitorbooking/
St. Mellion International Resort,live,cornwall,chronogolf,2,PL12 6SD,,https://www.chronogolf.com/en/club/18605/widget?medium=widget&source=club
Tehidy Park Golf Club,live,cornwall,intelligent_golf,1,TR14 0HH,,https://tehidy.intelligentgolf.co.uk/visitorbooking/
Truro Golf Club,live,cornwall,brs,1,TR1 3LG,,https://visitors.brsgolf.com/truro#/course/1
Whitsand Bay Golf Club,live,cornwall,brs,1,PL11 3BP,,https://visitors.brsgolf.com/whitsandbay#/
Alston Moor Golf Course,live,cumbria,brs,1,CA9 3DB,,https://visitors.brsgolf.com/alstonmoor#/course/1
Appleby Golf Club,live,cumbria,brs,1,CA16 6JG,,https://visitors.brsgolf.com/appleby#/course/1
Barrow Golf Club,live,cumbria,brs,1,LA14 4QT,,https://www.brsgolf.com/barrow/visitor_home.php
Brampton Golf Club,live,cumbria,intelligent_golf,1,CA8 1HN,,https://brampton.intelligentgolf.co.uk/visitorbooking/
Carlisle Golf Club,live,cumbria,clubv1,1,CA4 8AG,,https://carlisle.hub.clubv1.com/visitors/TeeSheet?date=2026-09-12
Eden Golf Club,live,cumbria,brs,2,CA6 4RA,,https://visitors.brsgolf.com/eden27#/course/1
Furness Golf Club,live,cumbria,clubv1,1,LA14 3LN,,https://furness.hub.clubv1.com/visitors/TeeSheet?date=2026-09-12
Grange Fell Golf Club,live,cumbria,brs,1,LA11 6HB,,https://visitors.brsgolf.com/grangefell?iframe=1#/course/1
Kendal Golf Club,live,cumbria,brs,1,LA9 4PQ,,https://visitors.brsgolf.com/kendal
Kirkby Lonsdale Golf Club,live,cumbria,brs,1,LA6 2LW,,https://visitors.brsgolf.com/kirkbylonsdale#/course/1
Penrith Golf Course,live,cumbria,brs,1,CA11 8SG,,https://visitors.brsgolf.com/penrith
Silloth on Solway Golf Club,live,cumbria,brs,1,CA7 4BL,,https://visitors.brsgolf.com/sillothonsolway
Windermere Golf Club,live,cumbria,brs,1,LA23 3NB,,https://visitors.brsgolf.com/windermere
Workington Golf Club,live,cumbria,clubv1,1,CA14 4SS,,https://workington.hub.clubv1.com/visitors/TeeSheet?date=2026-09-12
Alfreton Golf Club,live,derbyshire,clubv1,1,DE55 7AP,,https://alfreton.hub.clubv1.com/
Bakewell Golf Club,live,derbyshire,brs,1,DE45 1GB,,https://visitors.brsgolf.com/bakewell#/open-competitions
Bondhay Golf Club and Academy,live,derbyshire,brs,1,S80 3EH,,https://visitors.brsgolf.com/bondhay#/course/1
Buxton and High Peak Golf Club,live,derbyshire,brs,1,SK17 7EN,,https://visitors.brsgolf.com/buxtonandhighpeak#/open-competitions
Cavendish Golf Club,live,derbyshire,intelligent_golf,1,SK17 6XF,,https://cavendish.intelligentgolf.co.uk/visitorbooking/
Chesterfield Golf Club,live,derbyshire,clubv1,1,S42 7LA,,https://chesterfield.hub.clubv1.com/Visitors/TeeSheet?date=2026-09-11
Hallowes Golf Club,live,derbyshire,intelligent_golf,1,S18 1UR,,https://www.hallowesgolfclub.co.uk/visitorbooking/
Matlock Golf Club,live,derbyshire,intelligent_golf,1,DE4 5LZ,,https://golf.matlockgolfclub.co.uk/visitorbooking/
Mickleover Golf Course,live,derbyshire,intelligent_golf,1,DE3 9AD,,https://mickleover.intelligentgolf.co.uk/visitorbooking/
Morley Hayes,live,derbyshire,esp,1,DE7 6QA,,http://www.e-s-p.com/elitelive/book_webpromotion.php?ref=MXExecroom&
New Mills Golf Club,live,derbyshire,brs,1,SK22 4QE,,https://visitors.brsgolf.com/newmills#/course/1
Shirland Golf Club,live,derbyshire,brs,1,DE55 6AU,,https://visitors.brsgolf.com/shirland#/course/1
Sickleholme Golf Club,live,derbyshire,clubv1,1,S33 0BN,,https://sickleholme.hub.clubv1.com/Visitors/TeeSheet?date=2026-09-11
Trent Lock Golf Centre,live,derbyshire,brs,2,NG10 3AA,,https://visitors.brsgolf.com/trentlock#/course/1
Axe Cliff Golf Course,live,devon,brs,1,EX12 4AB,,https://visitors.brsgolf.com/axecliff#/course/1
Bigbury Golf Club,live,devon,intelligent_golf,1,TQ7 4BB,,https://www.bigburygolfclub.co.uk/visitorbooking/
Bovey Tracey Golf Club,live,devon,intelligent_golf,1,TQ13 9NG,,https://boveytracey.intelligentgolf.co.uk/visitorbooking/
Churston Golf Club,live,devon,intelligent_golf,1,TQ5 0LA,,https://members.churstongolf.com/visitorbooking/
Dainton Park Golf Club,live,devon,intelligent_golf,1,TQ12 5TN,,https://dainton.intelligentgolf.co.uk/visitorbooking/
Dartmouth Golf And Country Club,live,devon,intelligent_golf,2,TQ9 7FE,,https://dartmouth.intelligentgolf.co.uk/visitorbooking/
Downes Crediton Golf Club,live,devon,intelligent_golf,1,EX17 3PT,,https://www.downescreditongc.co.uk/visitorbooking/
Elfordleigh Hotel Golf & Country Club,live,devon,brs,1,PL7 5EB,,https://visitors.brsgolf.com/elfordleigh#/course/1
Exeter Golf and Country Golf Club,live,devon,intelligent_golf,1,EX2 7AE,,https://exeter.intelligentgolf.co.uk/visitorbooking/
Exminster Golf Centre,live,devon,brs,1,EX6 8GA,,https://visitors.brsgolf.com/exminster#/course/1
Holsworthy Golf Club,live,devon,brs,1,EX22 7HZ,,https://visitors.brsgolf.com/holsworthy#/course/1
Honiton Golf Club,live,devon,intelligent_golf,1,EX14 9TR,,https://www.honitongolfclub.co.uk/visitorbooking/
Illfracombe Golf Club,live,devon,brs,1,EX34 9RT,,https://www.brsgolf.com/ilfracombe/visitor_menu.php
Portmore Golf Park,live,devon,brs,1,EX32 9LB,,https://visitors.brsgolf.com/portmorebarum29#/course/1
Royal North Devon,live,devon,intelligent_golf,1,EX39 1HD,,https://www.royalnorthdevongolfclub.co.uk/visitorbooking/
Saunton Golf Course,live,devon,intelligent_golf,2,EX33 1LG,,https://www.sauntongolf.co.uk/visitorbooking/
Staddon Heights Golf Club,live,devon,brs,1,PL9 9SP,,https://visitors.brsgolf.com/staddonheights#/course/1
Stover Golf Club,live,devon,intelligent_golf,1,TQ12 6QQ,,https://stover.intelligentgolf.co.uk/visitorbooking/
Tavistock Golf Club,live,devon,intelligent_golf,1,PL19 9DZ,,https://www.tavistockgolfclub.co.uk/visitorbooking
Teignmouth Golf Course,live,devon,intelligent_golf,1,TQ14 9NY,,https://Teignmouth.intelligentgolf.co.uk/visitorbooking/
Thurlestone Hotel Golf Course,live,devon,intelligent_golf,1,TQ7 3NZ,,https://thurlestone.intelligentgolf.co.uk/visitorbooking/
Tiverton Golf Club,live,devon,intelligent_golf,1,EX16 4NE,,https://tiverton.intelligentgolf.co.uk/visitorbooking/
Torquay Golf Club,live,devon,intelligent_golf,1,TQ2 8SB,,https://www.torquaygolfclub.co.uk/visitorbooking/
Woodbury Park Hotel & Golf Club,live,devon,intelligent_golf,2,EX5 1JJ,,https://golf.woodburypark.co.uk/visitorbooking/
Yelverton Golf Club,live,devon,clubv1,1,PL20 6BY,,https://yelverton.hub.clubv1.com/Visitors/TeeSheet?date=2026-09-11
Ashley Wood Golf Club,live,dorset,brs,1,DT11 9HN,,https://visitors.brsgolf.com/ashleywood#/course/1
Broadstone Golf Club,live,dorset,intelligent_golf,1,BH18 8DQ,,https://broadstone.intelligentgolf.co.uk/visitorbooking/
Bulbury Woods Golf Club,live,dorset,brs,1,BH16 6HR,,https://visitors.brsgolf.com/bulburywoods#/course/1
Came Down Golf Club,live,dorset,brs,1,DT2 8NR,,https://visitors.brsgolf.com/camedown#/course/1
Christchurch Golf Club - Stour Course,live,dorset,brs,1,BH7 7ES,,https://visitors.brsgolf.com/christchurchmightyclaws#/course/1
Highcliffe Castle Golf Club,live,dorset,intelligent_golf,1,BH23 4LA,,https://www.highcliffecastlegolfclub.co.uk/visitorbooking/
Isle of Purbeck Golf Course,live,dorset,intelligent_golf,2,BH19 3AB,,https://www.purbeckgolf.co.uk/visitorbooking/
Lyme Regis Golf Club,live,dorset,brs,1,DT7 3HQ,,https://visitors.brsgolf.com/lymeregis#/course/1
Meyrick Park Golf Course,live,dorset,intelligent_golf,1,BH2 6LH,,https://golf.theclubatmeyrickpark.com/visitorbooking/
Parley Golf Centre Course,live,dorset,brs,1,BH23 6BB,,https://visitors.brsgolf.com/parley#/course/1
Queen's Park Golf Course,live,dorset,brs,1,BH8 9HA,,https://visitors.brsgolf.com/queensparkgc#/course/1
Sturminster Marshall Golf Club,live,dorset,brs,1,BH21 4BD,,https://visitors.brsgolf.com/sturminstermarshall#/course/1
Wareham Golf Club,live,dorset,clubv1,1,BH20 4DH,,https://wareham.hub.clubv1.com/visitors/TeeSheet?date=2026-09-11
Wessex Golf Centre,live,dorset,clubv1,1,DT4 9XH,,https://wessex.hub.clubv1.com/Visitors/TeeSheet?date=2026-09-11
Yeovil Golf Club,live,dorset,intelligent_golf,2,BA21 5BW,,https://www.yeovilgolfclub.com/visitorbooking/
Bridlington Golf Club,live,eastyorkshire,brs,1,YO15 3NG,,https://www.brsgolf.com/bridlington/members_home.php
Brough Golf Club,live,eastyorkshire,brs,1,HU15 1HB,,https://visitors.brsgolf.com/brough#/course/1
Cottingham Parks Golf and Leisure Club,live,eastyorkshire,intelligent_golf,2,HU16 5SW,,https://www.cottinghamparks.co.uk/visitorbooking/
Driffield Golf Course,live,eastyorkshire,clubv1,1,YO25 9AD,,https://533.hub.clubv1.com/visitors/TeeSheet?date=2026-09-12
Ganstead Park Golf & Events,live,eastyorkshire,brs,1,HU11 4LB,,https://visitors.brsgolf.com/gansteadpark#/course/1
Hull Golf Club,live,eastyorkshire,intelligent_golf,1,HU10 7TJ,,https://hull.intelligentgolf.co.uk/visitorbooking/
Blakes Golf Course,live,essex,brs,1,CM16 6RZ,,https://visitors.brsgolf.com/blakes#/course/1
Braintree Golf Club,live,essex,intelligent_golf,1,CM77 8DD,,https://www.braintreegolfclub.co.uk/visitorbooking/
Brentwood Golf Centre at Hartswood,live,essex,brs,1,CM14 5RJ,,https://visitors.brsgolf.com/brentwood
Canons Brook Golf Course,live,essex,brs,1,CM19 5BE,,https://visitors.brsgolf.com/canonsbrook
Castle Point Golf Course,live,essex,intelligent_golf,1,SS8 9FG,,https://castlepoint.intelligentgolf.co.uk/visitorbooking/
Chigwell Golf Club,live,essex,intelligent_golf,1,IG7 5BH,,https://chigwell.intelligentgolf.co.uk/visitorbooking/
Colne Valley Golf Club,live,essex,intelligent_golf,1,CO6 2LT,,https://colnevalley.intelligentgolf.co.uk/visitorbooking/
Five Lakes,live,essex,intelligent_golf,1,CM9 8HX,,https://www.fivelakesgolfclub.co.uk/visitorbooking/
Garon Park Golf Complex,live,essex,esp,1,SS2 4FA,,https://www.e-s-p.com/elitelive/book_group.php
Golf Kingdom,live,essex,intelligent_golf,1,RM6 6SB,,https://chadwellheath.intelligentgolf.co.uk/visitorbooking/
Haverhill Golf Club,live,essex,clubv1,1,CB9 7UW,,https://haverhill.hub.clubv1.com/visitors/TeeSheet?date=2026-09-12
Ingrebourne Links Golf Course,live,essex,esp,1,RM13 9FL,,http://www.e-s-p.com/elitelive/book_date.php
Maylands Golf Club,live,essex,brs,1,RM3 0AZ,,https://visitors.brsgolf.com/maylands#/course/1
Millers Barn Golf Park,live,essex,brs,1,CO15 2GF,,https://visitors.brsgolf.com/millersbarn#/course/1
Nazeing Golf Club,live,essex,brs,1,EN9 2LW,,https://visitors.brsgolf.com/nazeing#/course/1
Notley Golf Course,live,essex,brs,1,CM8 1ST,,https://visitors.brsgolf.com/notleys#/course/1
Romford Golf Club,live,essex,intelligent_golf,1,RM2 5QB,,https://www.romfordgolfclub.com/visitorbooking/
Stapleford Abbotts Golf Course,live,essex,brs,1,RM4 1JU,,https://visitors.brsgolf.com/staplefordabbottsgc#/course/1
The Rayleigh Club,live,essex,clubv1,1,SS6 9QS,,https://therayleighclub.hub.clubv1.com/
Theydon Bois Golf Club,live,essex,intelligent_golf,1,CM16 4EH,,https://theydonbois.intelligentgolf.co.uk/visitorbooking/
Thorndon Park Golf Club,live,essex,clubv1,1,CM13 3RH,,https://thorndonpark.hub.clubv1.com/visitors/TeeSheet?date=2026-09-10
Three Rivers Golf & Country Club,live,essex,esp,1,CM3 6RR,,
Top Meadow,live,essex,clubv1,1,RM14 3PR,,https://topmeadow.hub.clubv1.com/Visitors/TeeSheet?date=2026-09-10
Wanstead Golf Club,live,essex,brs,1,E11 2LW,,https://visitors.brsgolf.com/wanstead#/course/1
Warley Park Golf Club,live,essex,golf_manager,1,CM13 3DX,,https://warleypark.golfmanager.com/consumer/ebookings?i=1&resourcetype=100080
West Essex Golf Club,live,essex,intelligent_golf,1,E4 7QL,,https://westessex.intelligentgolf.co.uk/visitorbooking/
Woolston Manor Golf & Country Club,live,essex,brs,1,IG7 6BX,,https://visitors.brsgolf.com/woolstonmanor#/course/1
Brickhampton Court Golf Complex,live,gloucestershire,chronogolf,1,GL2 9QF,,https://www.chronogolf.com/en/club/19511/widget?medium=widget&source=club
Bristol Golf Club,live,gloucestershire,intelligent_golf,2,BS32 4DQ,,https://golf.bristolgolfclub.co.uk/visitorbooking/
Cirencester Golf Club,live,gloucestershire,brs,1,GL7 7FA,,https://visitors.brsgolf.com/cirencester#/course/1
Cleeve Hill Golf Club,live,gloucestershire,brs,1,GL52 3PR,,https://visitors.brsgolf.com/cleevehillch#/course/1
Forest Hills Golf Club,live,gloucestershire,intelligent_golf,1,GL16 7QB,,https://foresthills.intelligentgolf.co.uk/visitorbooking/
Gloucester Golf Club,live,gloucestershire,brs,1,GL4 6DX,,https://visitors.brsgolf.com/gloucester#/course/1
Lilley Brook Golf Course,live,gloucestershire,clubv1,1,GL53 8EG,,https://lilleybrook.hub.clubv1.com/visitors/TeeSheet?date=2026-09-11
Minchinhampton Golf Club,live,gloucestershire,intelligent_golf,3,GL6 9BE,,https://members.minchinhamptongolfclub.co.uk/visitorbooking/
Naunton Downs Golf Club,live,gloucestershire,brs,1,GL54 3AE,,https://visitors.brsgolf.com/nauntondownsgc#/course/1
Puckrup Hall Hotel & Golf Club,live,gloucestershire,brs,1,GL20 6EL,,https://visitors.brsgolf.com/puckruphall#/course/1
Rodway Hill Golf Club,live,gloucestershire,brs,1,GL2 8DR,,https://visitors.brsgolf.com/rodwayhill#/course/1
Ross-on-Wye Golf Club,live,gloucestershire,intelligent_golf,1,HR9 7UT,,https://rossonwye.intelligentgolf.co.uk/visitorbooking/
Sherdons Golf Centre,live,gloucestershire,intelligent_golf,1,GL20 7BP,,https://sherdons.intelligentgolf.co.uk/visitorbooking/
South Cerney Golf Course,live,gloucestershire,intelligent_golf,1,GL7 5QD,,https://southcerney.intelligentgolf.co.uk/visitorbooking/
South Herefordshire Golf Club,live,gloucestershire,intelligent_golf,1,HR9 7UA,,https://www.south-herefordshiregc.co.uk/visitorbooking/
Stinchcombe Hill Golf Course,live,gloucestershire,clubv1,1,GL11 6AQ,,https://stinchcombehill.hub.clubv1.com/Visitors/TeeSheet?date=2026-09-11
Thornbury Golf Centre,live,gloucestershire,esp,1,BS35 3XL,,https://www.e-s-p.com/elitelive/book_group.php
Woodlands Golf & Country Club,live,gloucestershire,intelligent_golf,2,BS32 4JZ,,https://woodlands.intelligentgolf.co.uk/visitorbooking/
Altrincham Golf Course,live,greatermanchester,intelligent_golf,1,WA15 7LP,,https://altrincham.intelligentgolf.co.uk/visitorbooking/
Ashton-under-Lyne Golf Club,live,greatermanchester,clubv1,1,OL6 9HT,,https://ashtonunderlyne.hub.clubv1.com/Visitors/TeeSheet?date=2026-09-12
Avro Golf Club,live,greatermanchester,brs,1,SK7 1RN,,https://visitors.brsgolf.com/avro#/course/1
Bramall Park Golf Club,live,greatermanchester,intelligent_golf,1,SK7 3LY,,https://www.bramallparkgolfclub.co.uk/visitorbooking/
Cheadle Golf Club,live,greatermanchester,clubv1,1,SK8 1HU,,https://cheadle.hub.clubv1.com/visitors/TeeSheet?date=2026-09-12
Dukinfield Golf Course,live,greatermanchester,brs,1,SK16 5GF,,https://visitors.brsgolf.com/dukinfield#/course/1
Hazel Grove Golf Club,live,greatermanchester,brs,1,SK7 6LU,,https://visitors.brsgolf.com/hazelgrove#/open-competitions
Heaton Moor Golf Club,live,greatermanchester,clubv1,1,SK4 3NX,,https://heatonmoor.hub.clubv1.com/visitors/TeeSheet?date=2026-09-17
Houldsworth Golf Course,live,greatermanchester,clubv1,1,SK5 6BN,,https://houldsworth.hub.clubv1.com/visitors/TeeSheet?date=2026-09-12
Marple Golf Club,live,greatermanchester,brs,1,SK6 7EL,,https://visitors.brsgolf.com/marple#/course/1
Romiley Golf Course,live,greatermanchester,clubv1,1,SK6 4NT,,https://romiley.hub.clubv1.com/Visitors/TeeSheet?date=2026-09-17
Stamford Golf Club,live,greatermanchester,clubv1,1,SK15 3PY,,https://stamford.hub.clubv1.com/visitors/TeeSheet?date=2026-09-17
Stockport Golf Club,live,greatermanchester,intelligent_golf,1,SK2 5HL,,https://www.stockportgolf.co.uk/visitorbooking/
Werneth Low Golf Course,live,greatermanchester,brs,1,SK14 3AF,,https://visitors.brsgolf.com/wernethlowgc#/course/1
Withington Golf Club,live,greatermanchester,clubv1,1,M22 4UQ,,https://withington.hub.clubv1.com/
Worsley Golf Course,live,greatermanchester,intelligent_golf,1,M30 8AP,,https://worsley.intelligentgolf.co.uk/visitorbooking/
Alton Golf Club,live,hampshire,clubv1,1,GU34 4BU,,https://alton.hub.clubv1.com/Visitors/TeeSheet?date=2026-09-10
Andover Golf Club,live,hampshire,intelligent_golf,1,SP10 2EF,,https://andover.intelligentgolf.co.uk/visitorbooking/
Avington Park Golf Course,live,hampshire,intelligent_golf,1,SO21 1BZ,,https://www.avingtongolf.co.uk/visitorbooking/
Basingstoke Golf Club,live,hampshire,intelligent_golf,1,RG25 2AD,,https://www.basingstokegolfclub.co.uk/visitorbooking/
Bishopswood Golf Course,live,hampshire,intelligent_golf,1,RG26 4AT,,https://www.bishopswood.golf/visitorbooking
Blackwater Valley Golf Centre,live,hampshire,clubv1,1,GU46 7SZ,,https://blackwatervalley.hub.clubv1.com/visitors/TeeSheet?date=2026-09-10
Boundary Lakes Golf Club,live,hampshire,brs,1,SO30 3XH,,https://visitors.brsgolf.com/ageasbowl#/course/1
Bramshaw Golf Course,live,hampshire,chronogolf,2,SO43 7HE,,https://www.chronogolf.com/club/18870/widget?medium=widget&source=club
Burley Golf Club,live,hampshire,intelligent_golf,1,BH24 4BB,,https://burley.intelligentgolf.co.uk/visitorbooking/
Cams Hall Estate Golf Course,live,hampshire,intelligent_golf,5,PO16 8UP,,https://golf.camshallgolf.co.uk/visitorbooking/
East Horton Golf Club,live,hampshire,brs,3,SO50 7EA,,https://visitors.brsgolf.com/easthorton#/course/1
Gosport & Stokes Bay Golf Course,live,hampshire,clubv1,1,PO12 2AT,,https://gsb.hub.clubv1.com/visitors/TeeSheet?date=2026-09-10
Hayling Golf Club,live,hampshire,intelligent_golf,1,PO11 0BX,,https://hayling.intelligentgolf.co.uk/visitorbooking/
Hockley Golf Club,live,hampshire,intelligent_golf,1,SO21 1PL,,https://hockley.intelligentgolf.co.uk/visitorbooking/
Lee-on-the-Solent Golf Course,live,hampshire,intelligent_golf,1,PO13 9PB,,https://www.leegolf.co.uk/visitorbooking/
New Forest Golf Club,live,hampshire,brs,1,SO43 7BU,,https://visitors.brsgolf.com/newforestengland#/open-competitions
Old Thorns,live,hampshire,chronogolf,1,GU30 7PE,,https://www.chronogolf.com/club/18899/widget?medium=widget&source=club
Paultons Golf Centre,live,hampshire,chronogolf,1,SO51 6AN,,https://www.chronogolf.com/club/18539/widget?medium=widget&source=club
Petersfield Golf Club,live,hampshire,intelligent_golf,2,GU33 7QY,,https://www.petersfieldgolfclub.co.uk/visitorbooking/
Royal Winchester Golf Club,live,hampshire,intelligent_golf,1,SO22 5QE,,https://www.royalwinchestergolfclub.com/visitorbooking/
Sherfield Oaks Golf Club,live,hampshire,golf_manager,1,RG27 0HB,,https://sherfieldoaks.golfmanager.com/consumer/ebookings?i=1&resourcetype=100054&date=2025-02-20
Skylark Golf & Country Club,live,hampshire,intelligent_golf,1,PO15 6TJ,,https://skylark.intelligentgolf.co.uk/visitorbooking/
South Winchester Golf Club,live,hampshire,intelligent_golf,1,SO22 5QX,,https://golf.southwinchestergolf.co.uk/visitorbooking/
Southwick Park Golf Course,live,hampshire,intelligent_golf,1,PO17 6EL,,https://www.southwickparkgolfclub.com/visitorbooking/
Stoneham Golf Club,live,hampshire,intelligent_golf,1,SO16 3TT,,https://www.stonehamgolfclub.org.uk/visitorbooking/
Test Valley Golf Club,live,hampshire,intelligent_golf,2,RG25 3DS,,https://testvalley.intelligentgolf.co.uk/visitorbooking/
Waterlooville Golf Course,live,hampshire,clubv1,1,PO8 8AP,,https://waterlooville.hub.clubv1.com/
Weybrook Park Golf Club,live,hampshire,intelligent_golf,3,RG24 9NT,,https://weybrookpark.intelligentgolf.co.uk/visitorbooking/
Wickham Park Golf Course,live,hampshire,intelligent_golf,1,PO17 5PJ,,https://golf.wickhamparkgolf.co.uk/visitorbooking/
Worldham Golf Club,live,hampshire,chronogolf,1,GU34 3BF,,https://www.chronogolf.com/club/19730/widget?medium=widget&source=club
Aldenham Golf Club,live,hertfordshire,brs,2,WD25 8NN,,https://visitors.brsgolf.com/aldenham
Aldwickbury Park Golf Course,live,hertfordshire,esp,1,AL5 1AB,,https://www.e-s-p.com/elitelive/book_date.php
Ash Valley Golf Club,live,hertfordshire,brs,2,SG10 6HD,,https://visitors.brsgolf.com/ashvalley#/course/1
Batchworth Park Golf Club,live,hertfordshire,intelligent_golf,1,WD3 1JS,,https://batchworthpark.intelligentgolf.co.uk/visitorbooking/
Berkhamsted Golf Club,live,hertfordshire,intelligent_golf,1,HP4 2QB,,https://www.berkhamstedgolfclub.co.uk/visitorbooking/
Brocket Hall,live,hertfordshire,intelligent_golf,2,AL8 7XG,,https://brocket.intelligentgolf.co.uk/visitorbooking/
Brookmans Park Golf Course,live,hertfordshire,intelligent_golf,1,AL9 7AT,,https://www.bpgc.co.uk/visitorbooking/
Chesfield Downs Golf Club,live,hertfordshire,intelligent_golf,2,SG4 7EQ,,https://golf.chesfielddownsgolf.co.uk/visitorbooking/
Essendon Country Club,live,hertfordshire,intelligent_golf,2,AL9 6HN,,https://www.essendoncc.co.uk/visitorbooking/
Great Hadham Golf Course,live,hertfordshire,intelligent_golf,1,SG10 6JE,,https://greathadham.intelligentgolf.co.uk/visitorbooking/
Harpenden Golf Course,live,hertfordshire,intelligent_golf,1,AL5 2AX,,https://harpenden.intelligentgolf.co.uk/visitorbooking/
Knebworth Golf Course,live,hertfordshire,intelligent_golf,1,SG3 6NL,,https://www.knebworthgolfclub.com/visitorbooking/
Little Hay Golf Complex,live,hertfordshire,chronogolf,2,HP3 0DT,,https://www.chronogolf.com/en/club/18832/widget?medium=widget&source=club
Mid Herts Golf Club,live,hertfordshire,intelligent_golf,1,AL4 8RS,,https://www.midhertsgolfclub.co.uk/visitorbooking/
Mill Green Golf Club,live,hertfordshire,golf_manager,1,AL7 4TY,,https://millgreen.golfmanager.com/consumer/home?area=100001
Old Fold Manor Golf Course,live,hertfordshire,intelligent_golf,1,EN5 4QN,,https://www.oldfoldmanor.co.uk/visitorbooking/
Pinner Hill Golf Club,live,hertfordshire,intelligent_golf,1,HA5 3YA,,https://www.pinnerhillgc.co.uk/visitorbooking/
Porters Park Golf Club,live,hertfordshire,intelligent_golf,1,WD7 7AZ,,https://www.portersparkgolfclub.co.uk/visitorbooking/
Redbourn Golf Club,live,hertfordshire,esp,1,AL3 7QA,,https://www.e-s-p.com/elitelive/book_date.php
Royston Golf Club,live,hertfordshire,intelligent_golf,1,SG8 5BG,,https://www.roystongolfclub.co.uk/visitorbooking/
The Nine of Herts,live,hertfordshire,intelligent_golf,1,WD3 1JS,,https://nineofherts.intelligentgolf.co.uk/visitorbooking/
Verulam Golf Club,live,hertfordshire,intelligent_golf,1,AL1 1JG,,https://www.verulamgolf.co.uk/visitorbooking/
West Herts Golf Club,live,hertfordshire,intelligent_golf,1,WD3 3GG,,https://www.westhertsgolfclub.co.uk/visitorbooking/
Whitehill Golf,live,hertfordshire,brs,1,SG12 0JS,,https://visitors.brsgolf.com/whitehill#/course/1
Boars Head Golf Centre,live,kent,brs,1,TN6 2XA,,https://visitors.brsgolf.com/boarshead#/course/1
Ashford Golf Club,live,kent/sussex,clubv1,1,TN25 4NT,,
Bexleyheath Golf Club,live,kent/sussex,clubv1,1,DA6 8JS,,
Bognor Regis Golf Club,live,kent/sussex,clubv1,1,PO22 8JD,,https://bognorregis.hub.clubv1.com/Visitors/TeeSheet?date=2026-09-09
Broome Park Golf Club,live,kent/sussex,brs,1,CT4 6QX,,
Chelsfield Lakes Golf Club,live,kent/sussex,esp,1,BR6 9BX,,https://www.e-s-p.com/elitelive/book_group.php
Cherry Lodge Golf Club,live,kent/sussex,brs,1,TN16 3AX,,
Chestfield Golf Club,live,kent/sussex,intelligent_golf,1,CT5 3LU,,https://chestfield.intelligentgolf.co.uk/visitorbooking/
Cuckfield Golf Centre,live,kent/sussex,intelligent_golf,1,RH17 5HY,,
Dale Hill Golf Club,live,kent/sussex,shiji,2,TN5 7DQ,,
Darenth Valley Golf Course,live,kent/sussex,esp,1,TN14 7SA,,
Dyke Golf Club,live,kent/sussex,clubv1,1,BN1 8YJ,,https://dykegolfclub.hub.clubv1.com/visitors/TeeSheet?date=2026-09-09
Etchinghill Golf Club,live,kent/sussex,esp,1,CT18 8FA,,https://www.e-s-p.com/elitelive/book_group.php
Ham Manor,live,kent/sussex,intelligent_golf,1,BN16 4JE,,https://www.hammanor.co.uk/visitorbooking/
Hever Castle Golf Club,live,kent/sussex,intelligent_golf,2,TN8 7NP,,https://hever.intelligentgolf.co.uk/visitorbooking/
Hill Barn Golf Club,live,kent/sussex,esp,1,BN14 9QF,,http://www.e-s-p.com/elitelive/book_group.php
Holtye Golf Club,live,kent/sussex,intelligent_golf,1,TN8 7ED,,https://www.holtye.com/visitorbooking/
Ifield Golf and Country Club,live,kent/sussex,intelligent_golf,1,RH11 0LN,,https://www.ifieldgolf.com/visitorbooking/
Kings Hill Golf Club,live,kent/sussex,clubv1,1,ME19 4GF,,https://kingshill.hub.clubv1.com/Visitors/TeeSheet?date=2026-09-09
Langley Park Golf Course,live,kent/sussex,intelligent_golf,1,BR3 6SZ,,https://langleypark.intelligentgolf.co.uk/visitorbooking/
Leeds Castle Golf Course,live,kent/sussex,brs,1,ME17 1PL,,
Lewes Golf Club,live,kent/sussex,brs,1,BN7 2BB,,https://visitors.brsgolf.com/lewes?iframe=1
Lindfield Golf Course,live,kent/sussex,brs,1,RH16 2QN,,https://visitors.brsgolf.com/lindfield#/course/1
Littlehampton Golf Club,live,kent/sussex,clubv1,1,BN17 5DL,,https://littlehampton.hub.clubv1.com/Visitors/TeeSheet?date=2026-09-09
Lullingstone Park Golf Course,live,kent/sussex,chronogolf,2,BR6 7PX,,https://www.chronogolf.com/en/club/19204/widget?medium=widget&source=club
Lydd Golf Club,live,kent/sussex,brs,1,TN29 9LS,,https://visitors.brsgolf.com/lydd#/course/1
Mercure Hythe Imperial Golf Course,live,kent/sussex,brs,1,CT21 6AE,,https://visitors.brsgolf.com/hythe
Mid Sussex Golf Club,live,kent/sussex,intelligent_golf,1,BN6 8XJ,,https://www.midsussexgolfclub.co.uk/visitorbooking/
Nevill Golf Club,live,kent/sussex,intelligent_golf,1,TN2 5JW,,
North Foreland Golf Club,live,kent/sussex,intelligent_golf,2,CT10 3PU,,https://northforeland.intelligentgolf.co.uk/visitorbooking/
Peacehaven Golf Course,live,kent/sussex,brs,1,BN9 9UH,,https://visitors.brsgolf.com/peacehaven9#/course/1
Pedham Place Golf Centre,live,kent/sussex,esp,1,BR8 8PP,,https://www.e-s-p.com/elitelive/login.php
Pyecombe Golf Course,live,kent/sussex,brs,1,BN45 7FF,,https://visitors.brsgolf.com/pyecombe#/course/1
Rookwood Golf Course,live,kent/sussex,intelligent_golf,1,RH12 3RR,,
Royal Ashdown Forest Golf Club,live,kent/sussex,intelligent_golf,2,RH18 5LR,,https://www.royalashdown.co.uk/visitorbooking/
Royal Blackheath Golf Club,live,kent/sussex,intelligent_golf,1,SE9 5AF,,https://www.royalblackheath.com/visitorbooking/
Seaford Golf Club,live,kent/sussex,intelligent_golf,1,BN25 2JD,,https://seaford.intelligentgolf.co.uk/visitorbooking/
Seaford Head Golf Club,live,kent/sussex,brs,1,BN25 4JS,,https://visitors.brsgolf.com/seafordhead#/course/1
Sedlescombe Golf Club,live,kent/sussex,esp,1,TN33 0SG,,
Selsey Golf Club,live,kent/sussex,intelligent_golf,1,PO20 9DR,,https://selsey.intelligentgolf.co.uk/visitorbooking/
Sheerness Golf Club,live,kent/sussex,clubv1,1,ME12 3AD,,https://sheerness.hub.clubv1.com/Visitors/TeeSheet?date=2026-09-09
Singing Hills Golf Course,live,kent/sussex,intelligent_golf,6,BN6 9EB,,https://www.singinghillsgolfcourse.co.uk/visitorbooking/
St Augustine's Golf Club,live,kent/sussex,brs,1,CT12 5JN,,
Stonelees Golf Centre,live,kent/sussex,intelligent_golf,3,CT12 5DJ,,https://stonelees.intelligentgolf.co.uk/visitorbooking/
Sundridge Park Golf Course,live,kent/sussex,intelligent_golf,2,BR1 3NE,,https://www.sundridgeparkgolfclub.co.uk/visitorbooking/
Tenterden Golf Club,live,kent/sussex,clubv1,1,TN30 7DR,,
The Weald of Kent Golf Course,live,kent/sussex,intelligent_golf,1,TN27 9PT,,https://wealdofkent.intelligentgolf.co.uk/visitorbooking/
Tilgate Forest Golf Centre,live,kent/sussex,intelligent_golf,1,RH10 5EU,,
Walmer and Kingsdown Golf Links,live,kent/sussex,brs,1,CT14 8EP,,https://visitors.brsgolf.com/walmerandkingsdown#/course/1
West Kent Golf Club,live,kent/sussex,intelligent_golf,1,BR6 7LD,,https://www.wkgc.co.uk/visitorbooking/
West Sussex Golf Club,live,kent/sussex,intelligent_golf,1,RH20 2EN,,https://westsussex.intelligentgolf.co.uk/visitorbooking/
Westgate and Birchington Golf Club,live,kent/sussex,brs,1,CT8 8LT,,https://visitors.brsgolf.com/westgatebirchington#/course/1
Brighton & Hove Golf Club,live,kent/sussex/surrey,intelligent_golf,1,BN1 8YJ,,https://brighton.intelligentgolf.co.uk/visitorbooking/
Chichester Golf Club,live,kent/sussex/surrey,esp,1,PO20 1AX,,https://www.e-s-p.com/elitelive/book_date.php
East Brighton Golf Club,live,kent/sussex/surrey,intelligent_golf,1,BN2 5RA,,https://eastbrighton.intelligentgolf.co.uk/visitorbooking/
Hampton Court Palace Golf Club,live,kent/sussex/surrey,golf_manager,1,KT1 4AD,,https://hamptoncourtpalace.golfmanager.com/consumer/ebookings?i=1&resourcetype=100062
Park Wood Golf Club,live,kent/sussex/surrey,brs,1,TN16 2EJ,,https://visitors.brsgolf.com/parkwood#/course/1
Accrington and District Golf Club,live,lancashire,intelligent_golf,1,BB5 4LS,,https://www.accringtongolfclub.com/visitorbooking/
Allerton Manor Golf Club,live,lancashire,intelligent_golf,1,L18 3JT,,https://allertonmanor.intelligentgolf.co.uk/visitorbooking/
Baxenden Golf Course,live,lancashire,brs,1,BB5 2EA,,https://visitors.brsgolf.com/baxendendistrict#/course/1
Berrington Hall Golf Club,live,lancashire,brs,1,WA11 7PY,,https://visitors.brsgolf.com/berringtonhall#/course/1
Blackburn Golf Club,live,lancashire,brs,1,BB2 7AX,,https://visitors.brsgolf.com/blackburn#/course/1
Blackley Golf Club,live,lancashire,intelligent_golf,1,M9 7HW,,https://www.blackleygolfclub.com/visitorbooking/
Bolton Golf Club,live,lancashire,brs,1,BL6 4DR,,https://visitors.brsgolf.com/bolton#/course/1
Breightmet Golf Club,live,lancashire,brs,1,BL2 4HY,,https://visitors.brsgolf.com/breightmet#/course/1
Brookdale Golf Club,live,lancashire,brs,1,M35 9YA,,https://visitors.brsgolf.com/brookdale
Burnley Golf Club,live,lancashire,intelligent_golf,1,BB11 3RW,,https://www.burnleygolfclub.com/visitorbooking/
Chorley Golf Club,live,lancashire,intelligent_golf,1,PR6 9HX,,https://www.chorleygolfclub.co.uk/visitorbooking/
Clitheroe Golf Course,live,lancashire,intelligent_golf,1,BB7 1PP,,https://www.clitheroegolfclub.com/visitorbooking/
Crompton & Royton Golf Club,live,lancashire,brs,1,OL2 6RW,,https://visitors.brsgolf.com/cromptonroyton
Darwen Golf Club,live,lancashire,brs,1,BB3 0LB,,https://visitors.brsgolf.com/darwen#/course/1
Davyhulme Park Golf Club,live,lancashire,intelligent_golf,1,M41 8SA,,https://davyhulme.intelligentgolf.co.uk/visitorbooking/
Dean Wood Golf Club,live,lancashire,intelligent_golf,1,WN8 0QZ,,https://www.deanwoodgolfclub.co.uk/visitorbooking/
Douglas Valley Golf Course,live,lancashire,brs,1,BL6 5HX,,https://visitors.brsgolf.com/douglasvalley#/course/1
Dunscar Golf Club,live,lancashire,brs,1,BL7 9QY,,https://visitors.brsgolf.com/dunscar#/course/1
Ellesmere Golf Club,live,lancashire,brs,1,M28 2RH,,https://visitors.brsgolf.com/ellesmere#/open-competitions
Gathurst Golf Club,live,lancashire,clubv1,1,WN6 8EW,,https://gathurst.hub.clubv1.com/Visitors/TeeSheet?date=2026-09-12
Ghyll Golf Club,live,lancashire,clubv1,1,BB18 6JQ,,https://ghyll.hub.clubv1.com/Visitors/TeeSheet?date=2026-09-12
Grange Park Golf Club,live,lancashire,intelligent_golf,1,WA10 3AG,,https://www.grangeparkgolfclub.co.uk/visitorbooking/
Grange-over-Sands Golf Club,live,lancashire,clubv1,1,LA11 6QX,,https://grangeoversands.hub.clubv1.com/visitors/booking
Greenmount Golf Club,live,lancashire,brs,1,BL8 4LH,,
Haydock Park Golf Club,live,lancashire,intelligent_golf,1,WA12 0HX,,https://www.haydockparkgc.co.uk/visitorbooking/
Hesketh Golf Club,live,lancashire,intelligent_golf,1,PR9 9QQ,,https://hesketh.intelligentgolf.co.uk/visitorbooking/
Heysham Golf Club,live,lancashire,intelligent_golf,1,LA3 3JH,,https://www.heyshamgolfclub.co.uk/visitorbooking/
Hindley Hall Golf Club,live,lancashire,intelligent_golf,1,WN2 2SQ,,https://www.hindleyhallgolfclub.co.uk/visitorbooking/
Houghwood Golf Club,live,lancashire,intelligent_golf,1,WA11 8RL,,https://houghwood.intelligentgolf.co.uk/visitorbooking/
Hurlston Hall Golf Club,live,lancashire,intelligent_golf,1,L40 8HB,,https://hurlston.intelligentgolf.co.uk/visitorbooking/
Huyton & Prescot Golf Club,live,lancashire,clubv1,1,L36 1UA,,https://huytonandprescot.hub.clubv1.com/Visitors/TeeSheet?date=2026-09-12
Knott End Golf Course,live,lancashire,brs,1,FY6 0AA,,https://visitors.brsgolf.com/knottend#/course/1
Lancaster Golf Club,live,lancashire,intelligent_golf,1,LA2 0AJ,,https://www.lancastergc.co.uk/visitorbooking/
Lansil Golf Club,live,lancashire,clubv1,1,LA1 3UA,,https://lansil.hub.clubv1.com/visitors/TeeSheet?date=2026-09-12
Leyland Golf Club,live,lancashire,intelligent_golf,1,PR25 5UD,,https://www.leylandgolfclub.co.uk/visitorbooking/
Lytham Green Drive Golf Course,live,lancashire,brs,1,FY8 4LE,,https://visitors.brsgolf.com/lytham#/course/1
Manchester Golf Club,live,lancashire,brs,1,M24 6XF,,http://www.brsgolf.com/manchester/visitor_home.php
Morecambe Golf Course,live,lancashire,intelligent_golf,1,LA4 6AJ,,https://www.morecambegolfclub.com/visitorbooking/
Mossock Hall Golf Club,live,lancashire,brs,1,L39 6TA,,https://visitors.brsgolf.com/mossockhall#/course/1
Ormskirk Golf Club,live,lancashire,intelligent_golf,1,L40 5UJ,,https://www.ormskirkgolfclub.com/visitorbooking/
Penwortham Golf Course,live,lancashire,brs,1,PR1 0AX,,https://visitors.brsgolf.com/penwortham#/course/1
Pleasington Golf Club,live,lancashire,intelligent_golf,1,BB2 5JL,,https://pleasington.intelligentgolf.co.uk/visitorbooking/
Prestwich Golf Club,live,lancashire,brs,1,M25 9SB,,https://visitors.brsgolf.com/prestwich#/course/1
Rishton Golf Club,live,lancashire,brs,1,BB1 4EE,,https://visitors.brsgolf.com/rishton
Rossendale Golf Club,live,lancashire,intelligent_golf,1,BB4 6LH,,https://www.rossendalegolfclub.net/visitorbooking/
Royal Birkdale Golf Club,live,lancashire,intelligent_golf,1,PR8 2LX,,https://birkdale.intelligentgolf.co.uk/visitorbooking/
Royal Lytham & St Annes Golf Course,live,lancashire,brs,1,FY8 1PB,,https://visitors.brsgolf.com/royallytham
Shaw Hill Golf Club,live,lancashire,brs,1,PR6 7PP,,https://www.brsgolf.com/shawhill/visitor_home.php
Sherdley Park Golf Course,live,lancashire,intelligent_golf,1,WA9 5DE,,https://sherdleypark.intelligentgolf.co.uk/visitorbooking/
Southport Golf Academy,live,lancashire,brs,1,PR4 6JX,,https://visitors.brsgolf.com/southportacademy#/course/1
Southport Old Links Golf Club,live,lancashire,clubv1,1,PR9 7TF,,https://solgc.hub.clubv1.com/visitors/booking
Stand Golf Club,live,lancashire,intelligent_golf,1,M45 7NL,,https://www.standgolfclub.co.uk/visitorbooking/
Stonyhurst Golf Club,live,lancashire,clubv1,1,BB7 9QU,,https://stonyhurst.hub.clubv1.com/visitors/TeeSheet?date=2026-09-12
Werneth Golf Club,live,lancashire,brs,1,OL8 3BB,,https://visitors.brsgolf.com/werneth
West Derby Golf Club,live,lancashire,brs,1,L12 9HQ,,https://visitors.brsgolf.com/westderby#/course/1
West Lancashire Golf Club,live,lancashire,brs,1,L23 8SZ,,https://visitors.brsgolf.com/westlancashire
Westhoughton Golf Club,live,lancashire,clubv1,1,BL5 2BR,,https://westhoughton.hub.clubv1.com/Visitors/TeeSheet?date=2026-09-12
Widnes Golf Club,live,lancashire,brs,1,WA8 7DT,,https://visitors.brsgolf.com/widnes#/course/1
Wilpshire Golf Course,live,lancashire,brs,1,BB1 9LF,,https://visitors.brsgolf.com/wilpshire#/course/1
Woolton Golf Club,live,lancashire,intelligent_golf,1,L25 8SN,,https://www.wooltongolfclub.com/visitorbooking/
Beedles Lake Golf Course,live,leicestershire,brs,2,LE7 3WQ,,https://visitors.brsgolf.com/beedleslake
Charnwood Forest Golf Course,live,leicestershire,intelligent_golf,1,LE12 8TA,,https://www.charnwoodforestgolfclub.com/visitorbooking/
Glen Gorse Golf Club,live,leicestershire,intelligent_golf,1,LE2 4RF,,https://www.glengorsegolfclub.co.uk/visitorbooking/
Greetham Valley Golf Course,live,leicestershire,intelligent_golf,3,LE15 7SN,,https://golf.greethamvalley.co.uk/visitorbooking/
Hinckley Golf Club,live,leicestershire,intelligent_golf,1,LE10 3DR,,https://www.hinckleygolfclub.co.uk/visitorbooking/
Leicestershire Golf Club,live,leicestershire,clubv1,1,LE5 6DJ,,https://theleicestershire.hub.clubv1.com/visitors/TeeSheet?date=2026-09-17
Longcliffe Golf Club,live,leicestershire,clubv1,1,LE11 3YA,,https://longcliffe.hub.clubv1.com/Visitors/TeeSheet?date=2026-09-11
Melton Mowbray Golf Club,live,leicestershire,intelligent_golf,1,LE14 4SD,,https://www.meltonmowbraygolfclub.com/visitorbooking/
Scraptoft Golf Club,live,leicestershire,clubv1,1,LE7 9SJ,,https://scraptoft.hub.clubv1.com/Visitors/TeeSheet?date=2026-07-23
Willesley Park Golf Club,live,leicestershire,brs,1,LE65 2PF,,https://visitors.brsgolf.com/willesley#/course/1
Ashby Decoy Golf Club,live,lincolnshire,clubv1,1,DN17 2AB,,https://ashbydecoy.hub.clubv1.com/Visitors/TeeSheet?date=2026-09-17
Belton Park Golf Club,live,lincolnshire,intelligent_golf,1,NG31 9SH,,https://beltonpark.intelligentgolf.co.uk/visitorbooking/
Blankney Golf Club,live,lincolnshire,intelligent_golf,1,LN4 3AZ,,https://www.blankneygolfclub.co.uk/visitorbooking/
Boston Golf Club,live,lincolnshire,clubv1,1,PE22 7EL,,https://boston.hub.clubv1.com/Visitors/TeeSheet?date=2026-09-11
Carholme Golf Club,live,lincolnshire,clubv1,1,LN1 1AX,,https://carholme.hub.clubv1.com/Visitors/TeeSheet?date=2026-09-17&coursId=357
Holme Hall Golf Course,live,lincolnshire,intelligent_golf,1,DN16 3RF,,https://www.holmehallgolf.co.uk/visitorbooking/
Kirton Holme Golf Club,live,lincolnshire,clubv1,1,PE20 1SY,,https://kirtonholme.hub.clubv1.com/visitors/TeeSheet?date=2026-09-17
Lincoln Golf Club,live,lincolnshire,intelligent_golf,1,LN1 2EG,,https://lincoln.intelligentgolf.co.uk/visitorbooking/
Louth Golf Club,live,lincolnshire,brs,1,LN11 9LJ,,https://visitors.brsgolf.com/louth#/open-competitions
North Shore Golf Course,live,lincolnshire,brs,1,PE25 1DN,,https://visitors.brsgolf.com/northshore
Sleaford Golf Club,live,lincolnshire,clubv1,1,NG34 8PL,,https://sleaford.hub.clubv1.com/Visitors/TeeSheet?date=2026-09-17
Spalding Golf Club,live,lincolnshire,intelligent_golf,1,PE11 4EA,,https://www.spaldinggolfclub.co.uk/visitorbooking/
Stoke Rochford Golf Club,live,lincolnshire,clubv1,1,NG33 5EW,,https://stokerochford.hub.clubv1.com/Visitors/TeeSheet?date=2026-09-17
The Toft Country House Hotel and Golf Club,live,lincolnshire,brs,1,PE10 0BS,,https://visitors.brsgolf.com/toft
Arkley Golf Club,live,london,golf_manager,1,EN5 3HL,,https://arkley9.golfmanager.com/consumer/ebookings?i=1&resourcetype=100031
Bush Hill Park Golf Club,live,london,intelligent_golf,1,N21 2BU,,https://www.bhpgc.com/visitorbooking/
Crews Hill Golf Course,live,london,brs,1,EN2 8AZ,,https://visitors.brsgolf.com/crewshill
Ealing Golf Course,live,london,intelligent_golf,1,W13 8DJ,,https://ealing.intelligentgolf.co.uk/visitorbooking/
Finchley Golf Course,live,london,intelligent_golf,1,NW7 1PU,,https://www.finchleygolfclub.com/visitorbooking/
Fulwell Golf Club,live,london,brs,1,TW12 1JY,,https://visitors.brsgolf.com/fulwell#/course/1%20
Hadley Wood Golf Course,live,london,intelligent_golf,1,EN4 0JJ,,https://www.hadleywoodgc.com/visitorbooking/
Hainault Forest Golf Club,live,london,intelligent_golf,2,IG7 4QW,,https://hainault.intelligentgolf.co.uk/visitorbooking/
Hendon Golf Course,live,london,intelligent_golf,1,NW7 1DG,,https://hendon.intelligentgolf.co.uk/visitorbooking/
Muswell Hill Golf Club,live,london,intelligent_golf,1,N22 7UT,,https://muswellhill.intelligentgolf.co.uk/visitorbooking/
North Middlesex Golf Club,live,london,clubv1,1,N20 0NL,,https://northmiddlesex.hub.clubv1.com/visitors/TeeSheet?date=2026-09-10
Northwood Golf Course,live,london,intelligent_golf,1,HA6 2QW,,https://www.northwoodgolf.co.uk/visitorbooking/
Stanmore Golf Club,live,london,brs,1,HA7 2RL,,https://visitors.brsgolf.com/stanmore#/course/1
Stockley Park Golf Club,live,london,brs,1,UB11 1AQ,,https://visitors.brsgolf.com/stockleypark#/course/1
Strawberry Hill Golf Club,live,london,clubv1,1,TW2 5SD,,https://strawberry.hub.clubv1.com/Visitors/TeeSheet?date=2026-09-13
Sudbury Golf Course,live,london,intelligent_golf,1,UB6 7ED,,https://sudbury.intelligentgolf.co.uk/visitorbooking/
The Inspiration Club,live,london,intelligent_golf,1,UB5 6RD,,https://inspirationclub.intelligentgolf.co.uk/visitorbooking/
Trent Park Golf Course,live,london,brs,1,N14 4UW,,https://visitors.brsgolf.com/trentpark18#/course/1
Wyke Green Golf Club,live,london,clubv1,1,TW7 5PR,,https://wykegreengc.hub.clubv1.com/Visitors/TeeSheet?date=2026-09-12
Alder Root Golf Course,live,merseyside,intelligent_golf,1,WA2 8RZ,,https://alderroot.intelligentgolf.co.uk/visitorbooking/
Bidston Golf Club,live,merseyside,clubv1,1,CH44 2HR,,https://bidston.hub.clubv1.com/visitors/TeeSheet?date=2026-09-12
Bromborough Golf Club,live,merseyside,brs,1,CH63 0NW,,https://visitors.brsgolf.com/bromborough
Caldy Golf Club,live,merseyside,brs,1,CH48 1NB,,https://visitors.brsgolf.com/caldy#/course/1
Formby Ladies Golf Club,live,merseyside,intelligent_golf,1,L37 1YH,,https://formbyladies.intelligentgolf.co.uk/visitorbooking/
Heswall Golf Course,live,merseyside,intelligent_golf,1,CH60 8PB,,https://heswall.intelligentgolf.co.uk/visitorbooking/
Leasowe Golf Club,live,merseyside,clubv1,1,CH46 3RD,,https://leasowe.hub.clubv1.com/visitors/TeeSheet?date=2026-09-12
Prenton Golf Course,live,merseyside,clubv1,1,CH42 8LW,,https://prenton.hub.clubv1.com/visitors/TeeSheet?date=2026-09-17
Wallasey Golf Club,live,merseyside,intelligent_golf,1,CH45 8LA,,https://wallasey.intelligentgolf.co.uk/visitorbooking/
Wirral Golf Club,live,merseyside,brs,1,CH43 6XQ,,https://visitors.brsgolf.com/wirral#/course/1
Cathedral Course,live,newsite,intelligent_golf,2,DH1 1TD,,https://www.e-s-p.com/elitelive/book_date.php
Chartham Park,live,newsite,intelligent_golf,1,RH19 2JT,,https://golf.charthampark.com/visitorbooking/
Twisted Stone Golf Course,live,newsite,brs,1,GU22 8UE,,https://visitors.brsgolf.com/twistedstonegc#/course/1
Barnham Broom,live,norfolk,clubv1,1,NR9 5DE,,https://barnham.hub.clubv1.com/Visitors/Booking
Bawburgh Golf Course,live,norfolk,brs,1,NR9 3LU,,https://visitors.brsgolf.com/bawburgh#/course/1
Caldecott Hall,live,norfolk,brs,1,NR31 9EY,,https://visitors.brsgolf.com/caldecotthall#/course/1
Costessey Park Golf Course,live,norfolk,brs,1,NR8 5AL,,https://visitors.brsgolf.com/costessey#/course/1
Eaton Golf Club Norwich,live,norfolk,brs,1,NR4 6ND,,https://visitors.brsgolf.com/eatonnorfolk#/course/1
Gorleston Golf Club,live,norfolk,clubv1,1,NR31 6JT,,https://gorleston.hub.clubv1.com/visitors/TeeSheet?date=2026-09-17
Great Yarmouth and Caister Golf Club,live,norfolk,brs,1,NR30 5TD,,https://visitors.brsgolf.com/greatyarmouth#/course/1
Hunstanton Golf Club,live,norfolk,intelligent_golf,1,PE36 6JQ,,https://hunstanton.intelligentgolf.co.uk/visitorbooking/
Mattishall Golf Club,live,norfolk,brs,1,NR20 3JZ,,https://visitors.brsgolf.com/mattishall
Sheringham Golf Links,live,norfolk,brs,1,NR26 8HG,,https://visitors.brsgolf.com/sheringham#/course/1
Swaffham Golf Club,live,norfolk,brs,1,PE37 8AE,,http://www.brsgolf.com/swaffham/members_home.php
Thetford Golf Club,live,norfolk,intelligent_golf,1,IP24 3NE,,https://www.thetfordgolfclub.co.uk/visitorbooking/
Collingtree Park Golf Club,live,northamptonshire,brs,1,NN4 0PA,,https://visitors.brsgolf.com/collingtree#/course/1
Hellidon Lakes Golf Club,live,northamptonshire,brs,3,NN11 6GG,,https://visitors.brsgolf.com/hellidon#/
Kilworth Springs,live,northamptonshire,intelligent_golf,1,LE17 6HJ,,https://kilworth.intelligentgolf.co.uk/visitorbooking/
Kingsthorpe Golf Course,live,northamptonshire,brs,1,NN2 7BU,,https://visitors.brsgolf.com/kingsthorpe#/course/1
Market Harborough Golf Club,live,northamptonshire,intelligent_golf,1,LE16 8NB,,https://www.mhgolf.co.uk/visitorbooking/
Oundle Golf Club,live,northamptonshire,brs,1,PE8 5TN,,https://visitors.brsgolf.com/oundle#/course/1
Overstone Park Golf Club,live,northamptonshire,brs,1,NN6 0FF,,https://visitors.brsgolf.com/overstonepark#/course/1
Rushden Golf Club,live,northamptonshire,clubv1,1,NN9 6AN,,https://rushden.hub.clubv1.com/Visitors/TeeSheet?date=2026-09-11
Whittlebury Hall Golf Course,live,northamptonshire,brs,3,NN12 8QH,,https://visitors.brsgolf.com/whittleburypark#/course/1
Allendale Golf Club,live,northeast,brs,1,NE47 9DH,,https://visitors.brsgolf.com/allendale
Alnmouth Golf Club,live,northeast,brs,1,NE66 3BE,,https://visitors.brsgolf.com/alnmouth
Alnwick Castle Golf Club,live,northeast,intelligent_golf,1,NE66 2AG,,https://www.alnwickcastlegolfclub.co.uk/visitorbooking/
Arcot Hall Golf Club,live,northeast,brs,1,NE23 7QP,,https://visitors.brsgolf.com/arcothall?iframe=1
Bamburgh Castle Golf Club,live,northeast,clubv1,1,NE69 7AQ,,https://bamburghcastle.hub.clubv1.com/
Billingham Golf Club,live,northeast,clubv1,1,TS22 5NA,,https://billingham.hub.clubv1.com/Visitors/TeeSheet?date=2026-09-12
Bishop Auckland Golf Club,live,northeast,clubv1,1,DL14 8DL,,https://bishopauckland.hub.clubv1.com/visitors/booking
Blackwell Grange Golf Course,live,northeast,intelligent_golf,1,DL2 2SA,,https://blackwellgrange.intelligentgolf.co.uk/visitorbooking/
Blyth Golf Club,live,northeast,clubv1,1,NE24 4DB,,https://blyth.hub.clubv1.com/Visitors/TeeSheet?date=2026-09-12
Castle Eden Golf Club,live,northeast,clubv1,1,TS27 4SS,,https://castleeden.hub.clubv1.com/visitors/TeeSheet?date=2026-09-12
Chester-le-Street Golf Club,live,northeast,intelligent_golf,1,DH3 4NT,,https://chesterlestreet.intelligentgolf.co.uk/visitorbooking/
Cleveland Golf Club,live,northeast,clubv1,1,TS10 5BJ,,https://cleveland.hub.clubv1.com/Visitors/TeeSheet?date=2026-09-12
Consett & District Golf Club,live,northeast,brs,1,DH8 5XZ,,https://visitors.brsgolf.com/consettdistrict#/course/1
Durham City Golf Course,live,northeast,brs,1,DH7 8HL,,https://visitors.brsgolf.com/durhamcity
Goswick Links Golf Club,live,northeast,intelligent_golf,1,TD15 2RW,,https://members.goswickgolfclub.com/visitorbooking/
Haltwhistle Golf Club,live,northeast,brs,1,CA8 7HA,,https://visitors.brsgolf.com/haltwhistle#/course/1
Hartlepool Golf Club,live,northeast,brs,1,TS24 9QF,,https://visitors.brsgolf.com/hartlepool#/open-competitions
Hexham Golf Club,live,northeast,brs,1,NE46 3RZ,,https://visitors.brsgolf.com/hexham
Hunley Golf Club,live,northeast,intelligent_golf,2,TS12 2QX,,https://hunley.intelligentgolf.co.uk/visitorbooking/
Ingleby Barwick Golf Academy,live,northeast,brs,1,TS17 5LD,,https://visitors.brsgolf.com/inglebybarwick#/course/1
Longhirst Hall Golf Course,live,northeast,brs,1,NE61 3LL,,https://visitors.brsgolf.com/longhirsthall#/course/5
Middlesbrough Golf Club,live,northeast,brs,1,TS8 9EE,,https://visitors.brsgolf.com/middlesbrough#/course/1
Newbiggin by the Sea Golf Club,live,northeast,brs,1,NE64 6DW,,https://visitors.brsgolf.com/newbiggin#/course/1
Ponteland Golf Club,live,northeast,clubv1,1,NE20 9BD,,https://theponteland.hub.clubv1.com/Visitors/TeeSheet?date=2026-09-12
Prudhoe Golf Club,live,northeast,brs,1,NE42 5DU,,https://visitors.brsgolf.com/prudhoe#/course/1
Rothbury Golf Club,live,northeast,brs,1,NE65 7RX,,https://visitors.brsgolf.com/rothbury#/open-competitions
Saltburn Golf Club,live,northeast,intelligent_golf,1,TS12 1PB,,https://saltburnbysea.intelligentgolf.co.uk/visitorbooking/
Seaton Carew Golf Club,live,northeast,brs,1,TS25 1DE,,https://visitors.brsgolf.com/seatoncarew#/course/1
South Moor Golf Club,live,northeast,brs,1,DH9 6AG,,https://visitors.brsgolf.com/southmoor#/open-competitions
Stocksfield Golf Club,live,northeast,intelligent_golf,1,NE43 7RE,,https://www.stocksfieldgolfclub.co.uk/visitorbooking/
Teesside Golf Club,live,northeast,brs,1,TS17 7JS,,https://visitors.brsgolf.com/teesside#/open-competitions
Woodham Golf & Country Club,live,northeast,brs,1,DL5 4PN,,https://visitors.brsgolf.com/woodham#/course/1
Wooler Golf Club,live,northeast,brs,1,NE71 6AN,,https://visitors.brsgolf.com/wooler#/course/1
Ardglass Golf Club,live,northernireland,brs,1,BT30 7TP,,https://visitors.brsgolf.com/ardglass#/course/1
Ballycastle Golf Club,live,northernireland,brs,1,BT54 6QP,,https://visitors.brsgolf.com/ballycastle?utm_source=homepage&utm_medium=cta&utm_campaign=hero_booking#/course/1
Ballymena Golf Course,live,northernireland,brs,1,BT42 4HY,,https://visitors.brsgolf.com/ballymena#/course/1
Balmoral Golf Club,live,northernireland,brs,1,BT9 6GX,,https://visitors.brsgolf.com/balmoral
Blackwood Golf Club,live,northernireland,brs,1,NP12 1EL,,https://visitors.brsgolf.com/blackwoodwales#/
Carnalea Golf Club,live,northernireland,brs,1,BT19 1BQ,,https://visitors.brsgolf.com/carnalea#/course/1
Castlereagh Hills Golf Course,live,northernireland,brs,1,BT5 7TX,,https://visitors.brsgolf.com/castlereaghhills#/course/1
Castlerock Golf Club,live,northernireland,intelligent_golf,2,BT51 4TJ,,https://www.castlerockgc.co.uk/visitorbooking/
City Of Belfast Golf Course,live,northernireland,brs,1,BT36 4RF,,https://visitors.brsgolf.com/cityofbelfast#/course/1
Clandeboye Golf CLub,live,northernireland,intelligent_golf,2,BT23 7PN,,https://www.cgc-ni.com/visitorbooking/
Donaghadee Golf Club,live,northernireland,brs,1,BT21 0PQ,,https://visitors.brsgolf.com/donaghadee?iframe=1
Enniskillen Golf Club,live,northernireland,brs,1,BT74 6HZ,,https://visitors.brsgolf.com/enniskillen#/course/1
Fortwilliam Golf Club,live,northernireland,clubv1,1,BT36 7DU,,https://fortwilliam.hub.clubv1.com/visitors/TeeSheet?date=2026-09-17
Galgorm Castle Golf Club,live,northernireland,brs,1,BT42 1EA,,https://visitors.brsgolf.com/galgorm#/course/1
Golf at Roe Valley,live,northernireland,brs,1,BT49 9FB,,https://visitors.brsgolf.com/roepark#/course/1
Gracehill Golf Club,live,northernireland,brs,1,BT53 8PX,,https://visitors.brsgolf.com/gracehill
Greenisland Golf Club,live,northernireland,brs,1,BT38 8RW,,https://visitors.brsgolf.com/greenisland#/course/1
Helen's Bay Golf Club,live,northernireland,brs,1,BT19 1TL,,https://visitors.brsgolf.com/helensbay#/course/1
Holywood Golf Course,live,northernireland,brs,1,BT18 9LE,,https://visitors.brsgolf.com/holywood#/course/1
Kilkeel Golf Course,live,northernireland,brs,1,BT34 4LB,,https://visitors.brsgolf.com/kilkeel#/course/1
Killymoon Golf Club,live,northernireland,brs,1,BT80 8TW,,https://visitors.brsgolf.com/killymoon#/course/1
Knock Golf Club,live,northernireland,brs,1,BT16 2QX,,https://visitors.brsgolf.com/knock#/course/1
Larne Golf Club,live,northernireland,brs,1,BT40 3RT,,https://visitors.brsgolf.com/larne
Lisburn Golf Course,live,northernireland,brs,1,BT27 5RH,,https://visitors.brsgolf.com/lisburn#/course/1
Lurgan Golf Course,live,northernireland,brs,1,BT67 9BN,,https://visitors.brsgolf.com/lurgan
Malone Golf Club,live,northernireland,brs,2,BT17 9LB,,https://visitors.brsgolf.com/malone
Moyola Park Golf Club,live,northernireland,brs,1,BT45 8DG,,https://visitors.brsgolf.com/moyola#/course/1
Omagh Golf Club,live,northernireland,brs,1,BT78 1HQ,,https://visitors.brsgolf.com/omagh
Ormeau Golf Club,live,northernireland,brs,1,BT7 2FX,,https://visitors.brsgolf.com/ormeau#/course/1
Portadown Golf Club,live,northernireland,brs,1,BT63 5LF,,https://visitors.brsgolf.com/portadown
Rockmount Golf Course,live,northernireland,brs,1,BT8 8EQ,,https://visitors.brsgolf.com/rockmount#/open-competitions
Royal Belfast Golf Club,live,northernireland,brs,1,BT18 0BP,,https://visitors.brsgolf.com/royalbelfast#/course/1
Warrenpoint Golf Club,live,northernireland,brs,1,BT34 3LN,,https://visitors.brsgolf.com/warrenpoint#/course/1
Whitehead Golf Club,live,northernireland,brs,1,BT38 9NZ,,https://visitors.brsgolf.com/whitehead#/course/1
Akebar Park Golf Course,live,northyorkshire,brs,1,DL8 5LY,,https://visitors.brsgolf.com/akebarpark#/course/1
Bentham Golf Club,live,northyorkshire,brs,1,LA2 7AG,,https://visitors.brsgolf.com/bentham#/course/1
Catterick Golf Club,live,northyorkshire,clubv1,1,DL9 3QE,,https://catterick.hub.clubv1.com/visitors/TeeSheet?date=2026-09-12
Drax Golf Club,live,northyorkshire,brs,1,YO8 8PJ,,https://visitors.brsgolf.com/drax#/open-competitions
Easingwold Golf Club,live,northyorkshire,brs,1,YO61 3ET,,https://visitors.brsgolf.com/easingwold#/course/1
Filey Golf Club,live,northyorkshire,brs,1,YO14 9BQ,,https://visitors.brsgolf.com/filey#/open-competitions
Forest Park Golf Club,live,northyorkshire,clubv1,1,YO32 9WD,,https://forestpark.hub.clubv1.com/Visitors/TeeSheet?date=2026-09-12
Fulford Golf Club,live,northyorkshire,brs,1,YO19 4RA,,https://visitors.brsgolf.com/fulford
Kirkbymoorside Golf,live,northyorkshire,clubv1,1,YO62 7HS,,https://kirkbymoorside.hub.clubv1.com/Visitors/TeeSheet?date=2026-09-12
Knaresborough Golf Club,live,northyorkshire,brs,1,HG5 0QQ,,https://visitors.brsgolf.com/knaresborough#/course/1
Masham Golf Course,live,northyorkshire,brs,1,HG4 4NS,,https://visitors.brsgolf.com/masham#/open-competitions
Oakdale Golf Club,live,northyorkshire,intelligent_golf,1,HG1 2LN,,https://oakdale.intelligentgolf.co.uk/visitorbooking/
Pike Hills Golf Club,live,northyorkshire,brs,1,YO23 3UW,,https://visitors.brsgolf.com/pikehills#/open-competitions
Ripon City Golf Club,live,northyorkshire,brs,1,HG4 3HH,,https://visitors.brsgolf.com/riponcity#/course/1
Romanby Golf Club,live,northyorkshire,brs,1,DL7 0PE,,https://visitors.brsgolf.com/romanby#/course/1
Rudding Park Golf Course,live,northyorkshire,brs,2,HG3 1JH,,https://visitors.brsgolf.com/ruddingpark
Scarborough South Cliff Golf Club,live,northyorkshire,brs,1,YO11 3AD,,https://visitors.brsgolf.com/scarboroughsouthcliff#/course/1
Selby Golf Club,live,northyorkshire,brs,1,YO8 9BF,,https://visitors.brsgolf.com/selby#/course/1
Skipton Golf Club,live,northyorkshire,brs,1,BD23 3LF,,https://www.brsgolf.com/skipton/visitor_month.php?course_id=1
Tadcaster Golf Course,live,northyorkshire,golf_manager,1,LS24 9PF,,https://tadcaster.golfmanager.com/consumer/ebookings
Whitby Golf Club,live,northyorkshire,clubv1,1,YO21 3SR,,https://whitby.hub.clubv1.com/visitors/TeeSheet?date=2026-09-12
York Golf Club,live,northyorkshire,intelligent_golf,1,YO32 5XF,,https://york.intelligentgolf.co.uk/visitorbooking/
Bulwell Forest Golf Club,live,nottinghamshire,intelligent_golf,1,NG6 9LQ,,https://www.bulwellforestgolfclub.co.uk/visitorbooking/
Hollinwell,live,nottinghamshire,intelligent_golf,1,NG17 7QR,,https://nottsgolfclub.intelligentgolf.co.uk/visitorbooking/
Mapperley Golf Course,live,nottinghamshire,brs,1,NG3 5LD,,https://visitors.brsgolf.com/mapperley#/course/1
Nottingham City Golf Club,live,nottinghamshire,brs,1,NG6 8LF,,https://visitors.brsgolf.com/bulwellhall#/course/1
Oakmere Park Golf Club,live,nottinghamshire,clubv1,1,NG25 0RH,,https://oakmerepark.hub.clubv1.com/Visitors/TeeSheet?date=2026-09-11
Radcliffe-on-Trent Golf Club,live,nottinghamshire,intelligent_golf,1,NG12 2JH,,https://radcliffe.intelligentgolf.co.uk/visitorbooking/
Ramsdale Golf Centre,live,nottinghamshire,esp,1,NG14 6NU,,https://www.e-s-p.com/elitelive/book_date.php
Retford Golf Club,live,nottinghamshire,clubv1,1,DN22 7UA,,https://retfordgc.hub.clubv1.com/visitors/TeeSheet?date=2026-09-11
Sherwood Forest Golf Club,live,nottinghamshire,intelligent_golf,1,NG18 3EW,,https://sherwoodforest.intelligentgolf.co.uk/visitorbooking/
Southwell Golf Club,live,nottinghamshire,brs,1,NG25 0TS,,https://visitors.brsgolf.com/southwell
Springwater Golf Club,live,nottinghamshire,brs,1,NG14 6FZ,,https://visitors.brsgolf.com/springwater#/course/1
Wollaton Park Golf Club,live,nottinghamshire,brs,1,NG8 1BT,,https://visitors.brsgolf.com/wollatonpark#/course/1
Worksop Golf Club,live,nottinghamshire,clubv1,1,S80 2SQ,,https://worksop.hub.clubv1.com/Visitors/TeeSheet?date=2026-09-11
Badgemore Park Golf Club,live,oxfordshire,intelligent_golf,1,RG9 4NR,,https://badgemorepark.intelligentgolf.co.uk/visitorbooking/
Bicester Golf Hotel & Spa,live,oxfordshire,clubv1,1,OX26 1TH,,https://bicester.hub.clubv1.com/Visitors/TeeSheet?date=2026-09-11
Burford Golf Club,live,oxfordshire,intelligent_golf,1,OX18 4JG,,https://burford.intelligentgolf.co.uk/visitorbooking/
Frilford Heath Golf Course,live,oxfordshire,intelligent_golf,3,OX13 5NW,,https://www.frilfordheath.co.uk/visitorbooking/
Hadden Hill Golf Course,live,oxfordshire,intelligent_golf,2,OX11 7PZ,,https://haddenhill.intelligentgolf.co.uk/visitorbooking/
Henley Golf Club,live,oxfordshire,intelligent_golf,1,RG9 4HG,,https://www.henleygc.com/visitorbooking/
Hinksey Heights Golf Course,live,oxfordshire,clubv1,1,OX1 5AB,,https://hinkseyheights.hub.clubv1.com/Visitors/TeeSheet?date=2026-09-11
Kirtlington Golf Club,live,oxfordshire,intelligent_golf,2,OX5 3JY,,https://members.kirtlingtongolfclub.com/visitorbooking/
Oxford Golf Club,live,oxfordshire,brs,1,OX4 1PF,,https://visitors.brsgolf.com/oxford#/course/1
Rye Hill Golf Club,live,oxfordshire,brs,1,OX15 4RU,,https://visitors.brsgolf.com/ryehill
2019 Course,live,scotland,brs,1,KY1 3LP,,https://visitors.brsgolf.com/cowdenbeath#/course/1
Aberdour Golf Club,live,scotland,brs,1,KY3 0TE,,https://visitors.brsgolf.com/aberdour
Aboyne Golf Course,live,scotland,brs,1,AB34 5HP,,https://visitors.brsgolf.com/aboyne
Aigas Golf Course,live,scotland,clubv1,1,IV4 7AD,,https://aigas.hub.clubv1.com/Visitors/booking
Airdrie Golf Club,live,scotland,clubv1,1,ML6 0PQ,,https://airdrie.hub.clubv1.com/Visitors/TeeSheet?date=2026-09-17
Alford Golf Club,live,scotland,clubv1,1,AB33 8AE,,https://alford.hub.clubv1.com/Visitors/TeeSheet?date=2026-09-17
Auchenblae Golf Course,live,scotland,brs,1,AB30 1ZG,,https://visitors.brsgolf.com/auchenblae#/course/1
Auchmill Golf Course,live,scotland,brs,1,AB16 7FQ,,https://visitors.brsgolf.com/auchmill#/course/1
Auchterarder Golf Club,live,scotland,brs,1,PH3 1LS,,https://visitors.brsgolf.com/auchterarder
Balbirnie Park Golf Club,live,scotland,brs,1,KY7 6NR,,https://visitors.brsgolf.com/balbirniepark#/course/1
Ballindalloch Castle Golf Course,live,scotland,brs,1,AB37 9AX,,https://visitors.brsgolf.com/ballindalloch#/course/1
Ballumbie Castle Golf Course,live,scotland,brs,1,DD5 3GJ,,https://visitors.brsgolf.com/ballumbie
Balnagask Golf Course,live,scotland,brs,2,AB11 8TN,,https://members.brsgolf.com/hazlehead/login
Banchory Golf Club,live,scotland,brs,1,AB31 5TA,,https://visitors.brsgolf.com/banchory#/open-competitions
Bellshill Golf Club,live,scotland,clubv1,1,ML4 2RZ,,https://bellshill.hub.clubv1.com/Visitors/TeeSheet?date=2026-09-17
Bishopbriggs Golf Club,live,scotland,clubv1,1,G64 2EF,,https://bishopbriggs.hub.clubv1.com/
Blair Atholl Golf Club,live,scotland,brs,1,PH18 5TG,,https://visitors.brsgolf.com/blairatholl#/course/1
Boat of Garten Golf and Tennis Club,live,scotland,intelligent_golf,1,PH24 3BQ,,https://boatofgarten.intelligentgolf.co.uk/visitorbooking/
Bonnyton Golf Club,live,scotland,brs,1,G76 0QA,,https://visitors.brsgolf.com/bonnyton#/open-competitions
Braehead Golf Club,live,scotland,brs,1,FK10 2NT,,https://visitors.brsgolf.com/braehead#/course/1
Braemar Golf Club,live,scotland,clubv1,1,AB35 5XX,,https://braemar.hub.clubv1.com/visitors/TeeSheet?date=2026-09-17
Brailgowrie Golf Club,live,scotland,intelligent_golf,3,PH10 6LG,,https://blairgowrie.intelligentgolf.co.uk/visitorbooking/
Brechin Golf Club,live,scotland,brs,1,DD9 7PD,,https://visitors.brsgolf.com/brechin#/course/1
Broomieknowe Golf Course,live,scotland,clubv1,1,EH19 2HZ,,https://broomieknowe.hub.clubv1.com/visitors/TeeSheet?date=2026-09-17
Brora Golf Club,live,scotland,intelligent_golf,1,KW9 6QS,,https://www.broragolfclub.co.uk/visitorbooking/
Bruntsfield Links,live,scotland,intelligent_golf,1,EH4 6JH,,https://www.bruntsfieldlinks.co.uk/visitorbooking/
Buchanan Castle Golf Club,live,scotland,clubv1,1,G63 0HY,,https://buchanancastle.hub.clubv1.com/Visitors/TeeSheet?date=2026-09-17
Buckpool Golf Club,live,scotland,brs,1,AB56 1DU,,https://visitors.brsgolf.com/buckpool#/open-competitions
Callander Golf Club,live,scotland,brs,1,FK17 8EN,,https://visitors.brsgolf.com/callander/
Campsie Golf Club,live,scotland,brs,1,G66 7GX,,https://visitors.brsgolf.com/campsie#/course/1
Cawder Golf Club,live,scotland,clubv1,1,G64 3QD,,https://cawder.hub.clubv1.com/Visitors/booking
Clober Golf Club,live,scotland,brs,1,G62 7HP,,https://visitors.brsgolf.com/clober
Clydebank & District Golf Course,live,scotland,brs,1,G81 5QY,,https://visitors.brsgolf.com/clydebankdistrict#/course/1
Cowden,live,scotland,brs,2,FK14 7JH,,https://visitors.brsgolf.com/muckhart#/open-competitions
Cowglen Golf Club,live,scotland,brs,1,G43 1AU,,https://visitors.brsgolf.com/cowglen
Craibstone Golf Course,live,scotland,clubv1,1,AB21 9SX,,https://craibstone.hub.clubv1.com/Visitors/TeeSheet?date=2026-09-17
Craigewan Course,live,scotland,brs,2,AB42 3JZ,,https://www.brsgolf.com/peterhead/visitor_home.php
Craigmillar Park Golf Club,live,scotland,intelligent_golf,1,EH9 3HG,,https://www.craigmillarpark.co.uk/visitorbooking/
Crieff Golf Club,live,scotland,intelligent_golf,2,PH7 3LU,,https://crieff.intelligentgolf.co.uk/visitorbooking/
Cupar Golf Club,live,scotland,brs,1,KY15 5JT,,https://visitors.brsgolf.com/cupar#/course/1
Dalziel Golf Course,live,scotland,brs,1,ML1 5RZ,,https://visitors.brsgolf.com/dalzielpark#/course/1
Deeside Golf Club,live,scotland,clubv1,1,AB15 9DL,,https://deeside.hub.clubv1.com/Visitors/TeeSheet?date=2026-09-17
Dougalston Golf Course,live,scotland,brs,1,G62 8HJ,,https://visitors.brsgolf.com/dougalston#/course/1
Douglas Park Golf Club,live,scotland,clubv1,1,G61 2TJ,,https://douglaspark.hub.clubv1.com/Visitors/TeeSheet?date=2026-09-17
Downfield,live,scotland,brs,1,DD2 3QP,,https://visitors.brsgolf.com/downfield#/open-competitions
Drumoig Golf Course,live,scotland,brs,1,KY16 0DS,,https://visitors.brsgolf.com/drumoig
Duddingston Golf Course,live,scotland,intelligent_golf,1,EH15 3QD,,https://www.duddingstongolfclub.co.uk/visitorbooking/
Duff House Royal Golf Club,live,scotland,clubv1,1,AB45 3TA,,https://duffhouseroyal.hub.clubv1.com/Visitors/TeeSheet?date=2026-09-17
Dufftown Golf Club,live,scotland,brs,1,AB55 4BT,,https://visitors.brsgolf.com/dufftown#/open-competitions
Dullatur Golf Course,live,scotland,clubv1,1,G68 0DW,,https://dullatur.hub.clubv1.com/Visitors/TeeSheet?date=2026-09-17
Dumbarnie Links,live,scotland,brs,1,KY8 6JQ,,https://visitors.brsgolf.com/dumbarnie#/course/1
Dumfries and Galloway Golf Course,live,scotland,brs,1,DG2 7NY,,https://visitors.brsgolf.com/dumfriesandgalloway#/open-competitions
Dunbar Golf Club,live,scotland,intelligent_golf,1,EH42 1BW,,https://www.dunbargolfclub.com/visitorbooking/
Dundas Parks Golf Club,live,scotland,clubv1,1,EH30 9SS,,https://dundasparks.hub.clubv1.com/Visitors/TeeSheet?date=2026-09-17
Dundonald Links,live,scotland,brs,1,KA11 5BF,,https://visitors.brsgolf.com/dundonald#/course/1
Dunkeld and Birnam Golf Club,live,scotland,brs,1,PH8 0ES,,https://visitors.brsgolf.com/dunkeldbirnam
East Kilbride Golf Club,live,scotland,brs,1,G74 3XY,,https://visitors.brsgolf.com/eastkilbride
East Renfrewshire Golf Club,live,scotland,brs,1,G77 6RT,,https://visitors.brsgolf.com/eastrenfrewshire#/course/1
Edzell Golf Club,live,scotland,brs,1,DD9 7TF,,https://visitors.brsgolf.com/edzell9#/course/1
Elderslie Golf Club,live,scotland,brs,1,PA5 9AZ,,https://visitors.brsgolf.com/elderslie
Elgin Golf Club,live,scotland,brs,1,IV30 8SX,,https://visitors.brsgolf.com/elgin#/open-competitions
Elie Golf Course,live,scotland,intelligent_golf,1,KY9 1AS,,https://www.golfhouseclub.co.uk/visitorbooking/
Erskine Golf Club,live,scotland,clubv1,1,PA7 5PH,,https://erskine.hub.clubv1.com/Visitors/TeeSheet?date=2026-09-17
Falkirk Golf Club,live,scotland,brs,1,FK2 7YP,,https://visitors.brsgolf.com/falkirk#/course/1
Falkirk Tryst Golf Club,live,scotland,brs,1,FK5 4BD,,https://visitors.brsgolf.com/falkirktryst#/open-competitions
Fereneze Golf Club,live,scotland,brs,1,G78 1HJ,,https://visitors.brsgolf.com/fereneze#/course/1
Forbes of Kingennie Golf Course,live,scotland,brs,1,DD5 3RD,,https://visitors.brsgolf.com/forbesofkingennie#/course/1
Forres Golf Club,live,scotland,brs,1,IV36 2RF,,https://visitors.brsgolf.com/forres#/course/1
Fortrose & Rosemarkie Golf Club,live,scotland,brs,1,IV10 8SE,,https://visitors.brsgolf.com/fortrose
Garmouth & Kingston Golf Course,live,scotland,clubv1,1,IV32 7NJ,,https://gandkgc.hub.clubv1.com/Visitors/TeeSheet?date=2026-09-17
Gifford Golf Club,live,scotland,brs,1,EH41 4JE,,https://visitors.brsgolf.com/giffordgc
Gleddoch Golf and Spa Resort,live,scotland,brs,1,PA14 6YE,,https://visitors.brsgolf.com/gleddoch
Gleneagles Golf Resort,live,scotland,chronogolf,3,PH3 1NF,,https://www.chronogolf.com/club/19640/widget?medium=widget&source=club
Gogarburn Golf Course,live,scotland,clubv1,1,EH28 8NN,,https://gogarburn.hub.clubv1.com/Visitors/TeeSheet?date=2026-09-17
Golspie Golf Club,live,scotland,brs,1,KW10 6ST,,https://visitors.brsgolf.com/golspie#/course/1
Greenburn Golf Course,live,scotland,clubv1,1,EH47 9HJ,,https://greenburn.hub.clubv1.com/Visitors/TeeSheet?date=2026-09-17
Greenock Golf Club,live,scotland,brs,1,PA16 8RE,,https://visitors.brsgolf.com/greenock
Gullane Golf Club,live,scotland,brs,3,EH31 2BB,,https://visitors.brsgolf.com/gullane
Harburn Golf Club,live,scotland,clubv1,1,EH55 8RT,,https://harburn.hub.clubv1.com/Visitors/TeeSheet?date=2026-09-17
Hayston Golf Club,live,scotland,brs,1,G66 1RN,,https://visitors.brsgolf.com/hayston#/course/1
Hilton Park Golf Club,live,scotland,brs,2,G62 7HB,,https://visitors.brsgolf.com/hiltonpark
Hollandbush Golf Course,live,scotland,clubv1,1,ML11 0JS,,https://hollandbush.hub.clubv1.com/Visitors/TeeSheet?date=2026-09-17
Huntly Golf Club,live,scotland,clubv1,1,AB54 4SH,,https://huntly.hub.clubv1.com/Visitors/TeeSheet?date=2026-09-17
Inchmarlo Golf Resort,live,scotland,brs,1,AB31 4BQ,,https://visitors.brsgolf.com/inchmarlo
Innerleithen Golf Club,live,scotland,brs,1,EH44 6NJ,,https://visitors.brsgolf.com/innerleithen#/course/1
Insch Golf Club,live,scotland,brs,1,AB52 6JY,,https://visitors.brsgolf.com/insch
Inverness Golf Club,live,scotland,brs,1,IV2 3XQ,,https://visitors.brsgolf.com/inverness#/course/1
Inverurie Golf Club,live,scotland,brs,1,AB51 5JB,,https://visitors.brsgolf.com/inverurie#/open-competitions
Isle of Skye Golf Club,live,scotland,clubv1,1,IV48 8TD,,https://isleofskye.hub.clubv1.com/Visitors/TeeSheet?date=2026-09-17
Kelso Golf Club,live,scotland,clubv1,1,TD5 7SL,,https://kelso.hub.clubv1.com/visitors/TeeSheet?date=2026-09-17
Kilmacolm Golf Club,live,scotland,clubv1,1,PA13 4NQ,,https://kilmacolm.hub.clubv1.com/visitors/TeeSheet?date=2026-09-17
Kilspindie Golf Club,live,scotland,intelligent_golf,1,EH32 0PR,,https://www.kilspindiegolfclub.co.uk/visitorbooking/
King James VI Golf Club,live,scotland,intelligent_golf,1,PH2 8NS,,https://www.kingjamesvi.co.uk/visitorbooking/
King's Acre Golf Course,live,scotland,intelligent_golf,1,EH18 1AU,,https://kingsacre.intelligentgolf.co.uk/visitorbooking/
Kingsknowe Golf Course,live,scotland,intelligent_golf,1,EH14 2JD,,https://www.kingsknowe.com/visitorbooking/
Kingussie Golf Club,live,scotland,brs,1,PH21 1LR,,https://visitors.brsgolf.com/kingussie
Kintore Golf Club,live,scotland,brs,1,AB51 0UR,,https://visitors.brsgolf.com/kintore
Kirkhill Golf Club,live,scotland,brs,1,G72 8YN,,https://visitors.brsgolf.com/kirkhill#/course/1
Kirkintilloch Golf Club,live,scotland,intelligent_golf,1,G66 1RN,,https://kirkintilloch.intelligentgolf.co.uk/visitorbooking/
Kirriemuir,live,scotland,brs,1,DD8 4LN,,https://visitors.brsgolf.com/kirriemuir#/open-competitions
Ladybank Golf Club,live,scotland,brs,1,KY15 7RA,,https://visitors.brsgolf.com/ladybank#/course/1
Lanark Golf Club,live,scotland,brs,2,ML11 7RX,,https://visitors.brsgolf.com/lanark
Largs Golf Course,live,scotland,clubv1,1,KA30 8EU,,https://largs.hub.clubv1.com/visitors/TeeSheet?date=2026-09-17
Lilliardsedge Holiday Park & Golf Course,live,scotland,brs,1,TD8 6TZ,,https://visitors.brsgolf.com/lilliardsedge#/course/1
Linlithgow Golf Club,live,scotland,brs,1,EH49 6QF,,https://visitors.brsgolf.com/linlithgow
Littlehill Golf Course,live,scotland,brs,1,G64 1UT,,https://visitors.brsgolf.com/littlehill#/course/1
Lochgelly Golf Club,live,scotland,brs,1,KY5 9PD,,https://visitors.brsgolf.com/lochgelly
Lochmaben Golf Club,live,scotland,brs,1,DG11 1NT,,https://visitors.brsgolf.com/lochmaben
Lochwinnoch Golf Club,live,scotland,brs,1,PA12 4AN,,https://visitors.brsgolf.com/lochwinnoch#/course/1
Longniddry Golf Course,live,scotland,intelligent_golf,1,EH32 0NL,,https://www.longniddrygolfclub.co.uk/visitorbooking/
Loudoun Gowf Club,live,scotland,clubv1,1,KA4 8PA,,https://loudoungowf.hub.clubv1.com/Visitors/TeeSheet?date=2026-09-17
Macdonald Spey Valley Championship Golf Course,live,scotland,brs,1,PH22 1RD,,https://visitors.brsgolf.com/speyvalley#/open-competitions
Machrihanish Links,live,scotland,clubv1,1,PA28 6PT,,https://machrihanish.hub.clubv1.com/Visitors/TeeSheet?date=2026-09-17
Maverston Golf Course,live,scotland,clubv1,1,IV30 8LR,,https://maverston.hub.clubv1.com/Visitors/TeeSheet?date=2026-09-17
McDonald Golf Course,live,scotland,brs,1,AB41 9AW,,https://members.brsgolf.com/mcdonald/login
Mearns Castle Golf Academy,live,scotland,brs,1,G77 5RR,,https://visitors.brsgolf.com/mearnscastle#/course/1
Merchants of Edinburgh Golf Club,live,scotland,brs,1,EH10 5PY,,https://visitors.brsgolf.com/merchantsofedinburgh#/course/1
Milnathort Golf Club,live,scotland,brs,1,KY13 9XA,,https://visitors.brsgolf.com/milnathortgolfclub#/course/1
Milngavie Golf Club,live,scotland,brs,1,G62 8EP,,https://visitors.brsgolf.com/milngavie
Mortonhall Golf Course,live,scotland,brs,1,EH10 6PB,,https://visitors.brsgolf.com/mortonhall
Muir of Ord Golf Club,live,scotland,brs,1,IV6 7SX,,https://visitors.brsgolf.com/muiroford#/course/1
Murrayfield Golf Course,live,scotland,intelligent_golf,1,EH12 6EU,,https://www.murrayfieldgolfclub.co.uk/visitorbooking/
Musselburgh Golf Course,live,scotland,brs,1,EH21 6SA,,https://visitors.brsgolf.com/musselburgh#/course/1
Nairn Dunbar Golf Course,live,scotland,brs,1,IV12 5AE,,https://visitors.brsgolf.com/nairndunbargolf#/course/1
Nairn Golf Club,live,scotland,brs,2,IV12 4HB,,https://visitors.brsgolf.com/nairngc#/course/1
Newburgh Golf Club,live,scotland,brs,1,AB41 6BY,,https://visitors.brsgolf.com/newburghonythan
Newmachar Golf Club,live,scotland,clubv1,1,AB21 7UU,,https://newmachar.hub.clubv1.com/Visitors/TeeSheet?date=2026-09-17
North Inch Golf Course,live,scotland,brs,1,PH1 5HS,,https://visitors.brsgolf.com/northinch
Nunfield Golf Course,live,scotland,brs,1,DG1 1JX,,https://visitors.brsgolf.com/dumfriesandcounty#/course/1
Paisley Golf Club,live,scotland,clubv1,1,PA2 8TZ,,https://paisley.hub.clubv1.com/Visitors/TeeSheet?date=2026-09-17
Panmure Links,live,scotland,brs,1,DD7 7DX,,https://visitors.brsgolf.com/panmure#/course/1
Paul Lawrie Golf Centre,live,scotland,chronogolf,1,AB12 5YN,,https://www.chronogolf.com/club/19810/widget?medium=widget&source=club
Peebles Golf Club,live,scotland,brs,1,EH45 8EU,,https://visitors.brsgolf.com/peebles#/course/1
Pitfirrane Course,live,scotland,clubv1,1,KY12 8FZ,,https://dunfermline.hub.clubv1.com/Visitors/TeeSheet?date=2026-09-17
Pitlochry Golf Course,live,scotland,brs,1,PH16 5QY,,https://visitors.brsgolf.com/pitlochry
Pollok Golf Course,live,scotland,intelligent_golf,1,G43 1BG,,https://pollok.intelligentgolf.co.uk/visitorbooking/
Portlethen Golf Club,live,scotland,brs,1,AB12 4YA,,https://visitors.brsgolf.com/portlethen#/course/1
Portpatrick Dunskey Golf Club,live,scotland,brs,1,DG9 8TB,,https://visitors.brsgolf.com/portpatrick
Powfoot Golf Club,live,scotland,brs,1,DG12 5QE,,https://visitors.brsgolf.com/powfoot
Practise area,live,scotland,brs,1,FK8 3AA,,https://visitors.brsgolf.com/stirling#/course/1
Prestonfield Golf Course,live,scotland,intelligent_golf,1,EH16 5HS,,https://prestonfield.intelligentgolf.co.uk/visitorbooking/
Pumpherston Golf Club,live,scotland,brs,1,EH53 0LQ,,https://visitors.brsgolf.com/pumpherston
Ratho Park Golf Club,live,scotland,intelligent_golf,1,EH28 8NX,,https://www.rathoparkgolfclub.co.uk/visitorbooking/
Rothes Golf Course,live,scotland,brs,1,AB38 7AN,,https://visitors.brsgolf.com/rothes#/course/1
Rowallan Castle Golf Course,live,scotland,brs,1,KA3 2LP,,https://visitors.brsgolf.com/rowallancastle/#/course/1
Royal Musselburgh Golf Course,live,scotland,brs,1,EH32 9RP,,https://visitors.brsgolf.com/royalmusselburgh#/open-competitions
Schawpark Golf course,live,scotland,clubv1,1,FK10 3AX,,https://alloa.hub.clubv1.com/visitors/TeeSheet?date=2026-09-17
Scotscraig Golf Club,live,scotland,intelligent_golf,1,DD6 9DZ,,https://scotscraig.intelligentgolf.co.uk/visitorbooking/
Southerness Golf Course,live,scotland,brs,1,DG2 8AX,,https://members.brsgolf.com/southerness/login
St Michaels Golf Club,live,scotland,brs,1,KY16 0DX,,https://visitors.brsgolf.com/stmichaels#/course/1
St. Cuthbert Golf Club,live,scotland,clubv1,1,KA9 2SX,,https://prestwickstcuthbert.hub.clubv1.com/Visitors/TeeSheet?date=2026-09-17
Stonehaven Golf Club,live,scotland,brs,1,AB39 3RH,,https://visitors.brsgolf.com/stonehaven#/course/1
Stranraer Golf Club,live,scotland,brs,1,DG9 0LF,,https://visitors.brsgolf.com/stranraer#/course/1
Strathaven Golf Club,live,scotland,intelligent_golf,1,ML10 6XZ,,https://www.strathavengc.com/visitorbooking/
Strathendrick Golf Club,live,scotland,brs,1,G63 0EY,,https://visitors.brsgolf.com/strathendrick#/course/1
Strathmore Golf Centre,live,scotland,brs,1,PH11 8NZ,,https://visitors.brsgolf.com/strathmore
Tain Golf Club,live,scotland,clubv1,1,IV19 1PD,,https://tain.hub.clubv1.com/
Tarland Golf Club,live,scotland,brs,1,AB34 4TB,,https://visitors.brsgolf.com/tarland
The Baird Course,live,scotland,brs,1,KY9 1AS,,https://visitors.brsgolf.com/elie#/course/1
The North Berwick Golf Club,live,scotland,intelligent_golf,1,EH39 4BB,,https://www.northberwickgolfclub.com/visitorbooking/
The Royal Burgess Golfing Society of Edinburgh,live,scotland,clubv1,1,EH4 6BU,,https://rbgs.hub.clubv1.com/Visitors/TeeSheet?date=2026-09-17
The West Kilbride Golf Club,live,scotland,brs,1,KA23 9HT,,https://visitors.brsgolf.com/westkilbride#/course/1
Thornhill Golf Course,live,scotland,brs,1,DG3 5DW,,https://visitors.brsgolf.com/thornhill#/open-competitions
Tillicoultry Golf Club,live,scotland,clubv1,1,FK13 6AZ,,https://tillicoultry.hub.clubv1.com/visitors/TeeSheet?date=2026-09-17
Torphins Golf Club,live,scotland,brs,1,AB31 4JU,,https://visitors.brsgolf.com/torphins#/
Torwoodlee Golf Course,live,scotland,clubv1,1,TD1 2NE,,https://torwoodlee.hub.clubv1.com/Visitors/TeeSheet?date=2026-09-17
Turnhouse Golf Club,live,scotland,brs,1,EH12 0AD,,https://visitors.brsgolf.com/turnhouse#/course/1
Wee Demon golf course,live,scotland,brs,2,G83 8QZ,,https://visitors.brsgolf.com/cameronhouse#/course/3
West Lothian Golf Course,live,scotland,clubv1,1,EH49 7RH,,https://westlothian.hub.clubv1.com/Visitors/TeeSheet?date=2026-09-17
Wishaw Golf Club,live,scotland,brs,1,ML2 7PH,,https://visitors.brsgolf.com/wishaw#/open-competitions
Bridgnorth Golf Club,live,shropshire,brs,1,WV16 4SF,,https://visitors.brsgolf.com/bridgnorth
Church Stretton Golf Club,live,shropshire,clubv1,1,SY6 6JH,,https://churchstretton.hub.clubv1.com/Visitors/TeeSheet?date=2026-09-17
Market Drayton Golf Club,live,shropshire,intelligent_golf,1,TF9 2HX,,https://www.marketdraytongolfclub.co.uk/visitorbooking/
Oswestry Golf Course,live,shropshire,brs,1,SY11 4JJ,,https://visitors.brsgolf.com/oswestry#/course/1
Shifnal Golf Club,live,shropshire,brs,1,TF11 8QL,,https://visitors.brsgolf.com/shifnal#/course/1
Shrewsbury Golf Club,live,shropshire,intelligent_golf,1,SY5 7BL,,https://shrewsbury.intelligentgolf.co.uk/visitorbooking/
The Wrekin Golf Club,live,shropshire,brs,1,TF6 5BX,,https://visitors.brsgolf.com/wrekin#/
Bath Golf Club,live,somerset,intelligent_golf,1,BA2 6JG,,https://www.bathgolfclub.org.uk/visitorbooking/
Bristol & Clifton Golf Club,live,somerset,intelligent_golf,1,BS8 3TH,,https://www.bristolandcliftongolfclub.co.uk/visitorbooking/
Burnham & Berrow Golf Club,live,somerset,intelligent_golf,2,TA8 2LX,,https://burnham.intelligentgolf.co.uk/visitorbooking/
Clevedon Golf Club,live,somerset,intelligent_golf,1,BS21 7AA,,https://www.clevedongolfclub.co.uk/visitorbooking/
Enmore Park Golf Club,live,somerset,intelligent_golf,1,TA5 2AN,,https://www.enmorepark.co.uk/visitorbooking/
Filton Golf Course,live,somerset,clubv1,1,BS10 6LL,,https://filton.hub.clubv1.com/visitors/TeeSheet?date=2026-09-11
Henbury Golf Club,live,somerset,intelligent_golf,1,BS10 7QB,,https://www.henburygolfclub.co.uk/visitorbooking/
Long Ashton Golf Club,live,somerset,intelligent_golf,1,BS41 9DN,,https://longashton.intelligentgolf.co.uk/visitorbooking/
Long Sutton Golf Club,live,somerset,intelligent_golf,1,TA10 9JU,,https://longsutton.intelligentgolf.co.uk/visitorbooking/
Mendip Spring Golf Club - Brinsea Championship Course,live,somerset,intelligent_golf,2,BS49 5JT,,https://www.mendipspringgolfclub.com/visitorbooking/
Oake Manor Golf Course,live,somerset,intelligent_golf,1,TA4 1BA,,https://oakemanor.intelligentgolf.co.uk/visitorbooking/
Orchardleigh Golf Club,live,somerset,brs,1,BA11 2PB,,https://visitors.brsgolf.com/orchardleigh
Saltford Golf Club,live,somerset,intelligent_golf,1,BS31 3AA,,https://www.saltfordgolfclub.co.uk/visitorbooking/
Tall Pines Golf Club,live,somerset,intelligent_golf,1,BS48 3DJ,,https://tallpines.intelligentgolf.co.uk/visitorbooking/
Tickenham Golf Club,live,somerset,brs,1,BS21 6RY,,https://visitors.brsgolf.com/tickenham#/course/1
Wells Golf Club,live,somerset,intelligent_golf,1,BA5 3DS,,https://www.wellsgolfclub.co.uk/visitorbooking/
Weston-super-Mare Golf Club,live,somerset,intelligent_golf,1,BS23 4UL,,https://westonsupermare.intelligentgolf.co.uk/visitorbooking/
Woodspring Golf & Country Club,live,somerset,intelligent_golf,3,BS41 9LR,,https://woodspring.intelligentgolf.co.uk/visitorbooking/
Abbeydale Golf Club,live,southyorkshire,intelligent_golf,1,S17 4RH,,https://www.abbeydalegolfclub.co.uk/visitorbooking/
Hillsborough Golf Club,live,southyorkshire,intelligent_golf,1,S6 4BE,,https://www.hillsboroughgolfclub.co.uk/visitorbooking/
Lees Hall Golf Club,live,southyorkshire,clubv1,1,S8 8LL,,https://leeshall.hub.clubv1.com/visitors/TeeSheet?date=2026-09-12
Lindrick Golf Club,live,southyorkshire,intelligent_golf,1,S81 8BH,,https://lindrick.intelligentgolf.co.uk/visitorbooking/
Owston Hall Golf Course,live,southyorkshire,brs,1,DN5 0LP,,https://visitors.brsgolf.com/owstonhall#/course/1
Rotherham Golf Club,live,southyorkshire,intelligent_golf,1,S65 4NU,,https://rotherham.intelligentgolf.co.uk/visitorbooking/
Sandhill Golf Course,live,southyorkshire,brs,1,S72 0HW,,https://visitors.brsgolf.com/sandhill#/course/1
Silkstone Golf Course,live,southyorkshire,intelligent_golf,1,S75 4LD,,https://www.silkstonegolfclub.co.uk/visitorbooking/
Tankersley Park Golf Course,live,southyorkshire,intelligent_golf,1,S35 4LG,,https://tankersley.intelligentgolf.co.uk/visitorbooking/
Town Moor Golf Course,live,southyorkshire,brs,1,DN4 5HU,,https://visitors.brsgolf.com/doncastertownmoor#/open-competitions
Waterfront Golf,live,southyorkshire,brs,1,S63 7BU,,https://visitors.brsgolf.com/waterfront
Wath Golf Club,live,southyorkshire,brs,1,S62 7SJ,,https://visitors.brsgolf.com/wath#/course/1
Wortley Golf Course,live,southyorkshire,intelligent_golf,1,S35 7DF,,https://www.wortleygolfclub.co.uk/visitorbooking/
Aston Wood Golf Club,live,staffordshire,brs,1,B74 4EU,,https://visitors.brsgolf.com/astonwood#/course/1
Barlaston Golf Club,live,staffordshire,intelligent_golf,1,ST15 8UX,,https://barlaston.intelligentgolf.co.uk/visitorbooking/
Beau Desert Golf Club,live,staffordshire,intelligent_golf,1,WS12 0PJ,,https://beaudesert.intelligentgolf.co.uk/visitorbooking/
Brocton Hall Golf Club,live,staffordshire,intelligent_golf,1,ST17 0TH,,https://www.broctonhall.com/visitorbooking/
Burslem Golf Course,live,staffordshire,brs,1,ST6 7JT,,https://visitors.brsgolf.com/burslem#/course/1
Greenway Hall Golf Club,live,staffordshire,brs,1,ST9 9LJ,,https://visitors.brsgolf.com/greenwayhallgc#/course/1
JCB Golf & Country Club,live,staffordshire,intelligent_golf,1,ST14 5HY,,https://www.jcbgolfandcountryclub.com/visitorbooking/
Lichfield Golf & Country Club,live,staffordshire,intelligent_golf,2,WS15 4QD,,https://www.lichfieldgolfclub.com/visitorbooking/
Penn Common Golf Course,live,staffordshire,brs,1,WV4 5JN,,https://visitors.brsgolf.com/penn#/course/1
The Mount Golf & Country Club,live,staffordshire,intelligent_golf,1,WV6 7HL,,https://pertonpark.intelligentgolf.co.uk/visitorbooking/
Uttoxeter Golf Course,live,staffordshire,intelligent_golf,1,ST14 8JR,,https://www.uttoxetergolfclub.com/visitorbooking/
Whittington Heath Golf Club,live,staffordshire,intelligent_golf,1,WS14 9GX,,https://whittingtonheath.intelligentgolf.co.uk/visitorbooking/
Brett Vale Golf Course,live,suffolk,intelligent_golf,1,IP7 5LR,,https://www.brettvalegolf.co.uk/visitorbooking/
Bungay & Waveney Valley Golf Club,live,suffolk,brs,1,NR35 1DS,,http://www.brsgolf.com/bungaywaveney/members_home.php
Bury St Edmunds Golf Club - Championship Course,live,suffolk,brs,2,IP28 6LG,,https://visitors.brsgolf.com/burystedmundsgc#/course/1
Diss Golf Club,live,suffolk,clubv1,1,IP21 4AA,,https://diss.hub.clubv1.com/Visitors/TeeSheet?date=2026-09-17
Ipswich Golf Club,live,suffolk,clubv1,1,IP3 8UQ,,https://ipswichgc.hub.clubv1.com/Visitors/TeeSheet?date=2026-09-11
Newton Green Golf Course,live,suffolk,brs,1,CO10 0QN,,https://visitors.brsgolf.com/newtongreen#/course/1
Rookery Park Golf Club - Main Course,live,suffolk,brs,1,NR33 8HJ,,https://visitors.brsgolf.com/rookerypark#/course/1
Rushmere Golf Course,live,suffolk,clubv1,1,IP4 5QQ,,https://rushmere.hub.clubv1.com/Visitors/TeeSheet?date=2026-09-17
St Audrys Golf Club,live,suffolk,clubv1,1,IP12 1SX,,https://staudrys.hub.clubv1.com/Visitors/TeeSheet?date=2026-09-11
Stowmarket Golf Club,live,suffolk,clubv1,1,IP14 3EF,,https://stowmarket.hub.clubv1.com/Visitors/TeeSheet?date=2026-09-11
Thorpeness Hotel & Golf Club,live,suffolk,intelligent_golf,1,IP16 4NH,,https://thorpeness.intelligentgolf.co.uk/visitorbooking/
Ufford Park Golf Course,live,suffolk,brs,1,IP12 1QW,,https://www.brsgolf.com/uffordpark/visitor_menu.php
Abbey Moor Golf Club,live,surrey,brs,1,KT15 2XU,,https://visitors.brsgolf.com/abbeymoor#/course/1
Addington Court Golf Club,live,surrey,intelligent_golf,3,CR0 9AA,,https://golf.addingtoncourt-golfclub.co.uk/visitorbooking/
Addington Palace Golf Club,live,surrey,clubv1,1,CR0 5BB,,
Banstead Downs Golf Club,live,surrey,brs,1,SM2 7DD,,https://visitors.brsgolf.com/bansteaddowns#/course/1
Bramley Golf Club,live,surrey,intelligent_golf,1,GU5 0AL,,https://www.bramleygolfclub.co.uk/visitorbooking/
Burhill Golf Club,live,surrey,esp,1,KT12 4BX,,https://www.e-s-p.com/elitelive/book_group.php
Chipstead Golf Club,live,surrey,intelligent_golf,1,CR5 3LN,,
Chobham Golf Club,live,surrey,intelligent_golf,1,GU21 2TZ,,https://chobhamgolf.intelligentgolf.co.uk/visitorbooking/
Clandon Golf,live,surrey,brs,1,GU4 7AA,,https://visitors.brsgolf.com/clandon#/course/1
Clandon Regis Golf Club,live,surrey,intelligent_golf,1,GU4 7TT,,https://clandonregis.intelligentgolf.co.uk/visitorbooking/
Coombe Wood Golf Club,live,surrey,intelligent_golf,1,KT2 7NS,,https://www.coombewoodgolf.com/visitorbooking/
Cranleigh Golf Club,live,surrey,esp,1,GU6 7NG,,
Croham Hurst Golf Course,live,surrey,intelligent_golf,1,CR2 7HJ,,https://www.chgc.co.uk/visitorbooking/
Dorking Golf Club,live,surrey,intelligent_golf,1,RH5 4BX,,https://www.dorkinggolfclub.co.uk/visitorbooking/
Epsom Downs Golf Club,live,surrey,intelligent_golf,1,KT17 4JR,,https://www.epsomgolfclub.co.uk/visitorbooking/
Gatton Manor Golf Course,live,surrey,brs,1,RH5 5PQ,,https://visitors.brsgolf.com/gattonmanorgc#/course/1
Guildford Golf Club,live,surrey,intelligent_golf,1,GU1 2HL,,https://guildford.intelligentgolf.co.uk/visitorbooking/
Hindhead Golf Club,live,surrey,intelligent_golf,1,GU26 6HY,,https://www.hindheadgolfclub.co.uk/visitorbooking/
Horne Park Golf Academy,live,surrey,intelligent_golf,1,RH6 9JZ,,https://hornepark.intelligentgolf.co.uk/visitorbooking/
Hurtmore Golf Club,live,surrey,brs,1,GU7 2RN,,https://visitors.brsgolf.com/hurtmore#/course/1
Kingswood Golf & Country Club,live,surrey,intelligent_golf,1,KT20 6NE,,https://www.kingswood-golf.co.uk/visitorbooking/
Limpsfield Chart Golf Club,live,surrey,intelligent_golf,1,RH8 0SL,,https://www.limpsfieldchartgolf.co.uk/visitorbooking/
Lingfield Park Golf Course,live,surrey,brs,1,RH7 6PQ,,https://visitors.brsgolf.com/lingfield
Malden Golf Club,live,surrey,clubv1,1,KT3 4RS,,https://malden.hub.clubv1.com/visitors/TeeSheet?date=2026-09-09
Milford Golf Club,live,surrey,intelligent_golf,1,GU8 5HS,,https://golf.milfordgolf.co.uk/visitorbooking/
Mitcham Golf Club,live,surrey,clubv1,1,CR4 4HN,,https://mitcham.hub.clubv1.com/Visitors/TeeSheet?date=2026-09-09
North Downs Golf Course,live,surrey,golf_manager,1,CR3 7AA,,https://northdownsgolfclub.golfmanager.com/consumer/ebookings?i=1&resourcetype=100038
Pyrford Golf Club,live,surrey,golf_manager,1,GU22 8XR,,https://pyrfordlakes.golfmanager.com/consumer/ebookings?i=1&resourcetype=100070
Reigate Heath Golf Club,live,surrey,intelligent_golf,1,RH2 8QR,,https://members.reigateheathgc.com/visitorbooking/
Reigate Hill Golf Club,live,surrey,intelligent_golf,1,RH2 0TU,,https://reigatehill.intelligentgolf.co.uk/visitorbooking/?_ga=2.64304687.1214820610.1568516977-1622409640.1568516977
Royal Mid-Surrey Golf Club,live,surrey,intelligent_golf,3,TW9 2SB,,
Shirley Park Golf Club,live,surrey,intelligent_golf,1,CR0 7LB,,https://www.shirleyparkgolfclub.co.uk/visitorbooking/
Silvermere Golf Club,live,surrey,brs,1,KT11 1EF,,
Sunbury Golf,live,surrey,intelligent_golf,2,TW17 8QA,,https://golf.sunburygolf.co.uk/visitorbooking/
Surbiton Golf Club,live,surrey,brs,1,KT9 1UG,,https://visitors.brsgolf.com/surbiton#/course/1
Surrey Downs Golf Club,live,surrey,brs,1,KT20 6JS,,https://visitors.brsgolf.com/surreydowns#/course/1
Surrey National Golf Club,live,surrey,esp,1,CR3 5AA,,https://www.e-s-p.com/elitelive/book_group.php
Sutton Green Golf Club,live,surrey,esp,1,GU4 7QF,,https://www.e-s-p.com/elitelive/book_date.php
Thames Ditton and Esher Golf Club,live,surrey,brs,1,KT10 9AL,,https://visitors.brsgolf.com/thames#/course/1
The Drift Golf Club,live,surrey,intelligent_golf,1,KT24 5HD,,
The Leatherhead Club,live,surrey,intelligent_golf,1,KT22 0EE,,https://www.theleatherheadclub.com/visitorbooking/
The Richmond Golf Club,live,surrey,clubv1,1,TW10 7AS,,https://therichmond.hub.clubv1.com/Visitors/TeeSheet?date=2026-09-09
The Woldingham Golf Club,live,surrey,esp,1,CR3 7HA,,https://www.e-s-p.com/elitelive/book_group.php
Tyrrells Wood Golf Course,live,surrey,intelligent_golf,1,KT22 8QP,,https://www.tyrrellswoodgolfclub.com/visitorbooking/
West Byfleet Golf Club,live,surrey,intelligent_golf,1,KT14 6AA,,https://westbyfleet.intelligentgolf.co.uk/visitorbooking/
West Surrey Golf Club,live,surrey,intelligent_golf,1,GU8 5AF,,https://www.wsgc.co.uk/visitorbooking/
Woodcote Park Golf Club,live,surrey,brs,1,CR5 2QQ,,https://visitors.brsgolf.com/woodcotepark?iframe=1
Backworth Golf Club,live,tyneandwear,brs,1,NE27 0AH,,https://visitors.brsgolf.com/backworth#/course/1
Boldon Golf Club,live,tyneandwear,brs,1,NE36 0PQ,,https://visitors.brsgolf.com/boldon#/open-competitions
Garesfield Golf Course,live,tyneandwear,brs,1,NE17 7AP,,https://www.brsgolf.com/garesfield/visitor_home.php?framed=true
Gosforth Golf Club,live,tyneandwear,brs,1,NE3 5ER,,https://visitors.brsgolf.com/gosforth/#/course/1
Heworth Golf Club,live,tyneandwear,brs,1,NE10 8XY,,https://visitors.brsgolf.com/heworth#/course/1
Northumberland Golf Club,live,tyneandwear,intelligent_golf,1,NE3 5HT,,https://northumberland.intelligentgolf.co.uk/visitorbooking/
Westerhope Golf Club,live,tyneandwear,brs,1,NE5 1PP,,https://visitors.brsgolf.com/westerhope
Whickham Golf Club,live,tyneandwear,brs,1,NE16 5BD,,https://www.brsgolf.com/whickham/visitor_home.php
Anglesey Golf Course,live,wales,clubv1,1,LL64 5QX,,https://anglesey.hub.clubv1.com/visitors/TeeSheet?date=2026-09-17
Ashburnham Golf Club,live,wales,brs,1,SA16 0HN,,https://visitors.brsgolf.com/ashburnhamgc#/course/1
Bargoed Golf Course,live,wales,brs,1,CF81 9GF,,https://visitors.brsgolf.com/bargoed#/course/1
Bryn Meadows,live,wales,brs,1,CF82 7SN,,https://visitors.brsgolf.com/brynmeadows#/course/1
Caernarfon Golf Club,live,wales,brs,1,LL54 5RP,,https://visitors.brsgolf.com/caernarfon
Cardiff Golf Club,live,wales,intelligent_golf,1,CF23 6SJ,,https://cardiff.intelligentgolf.co.uk/visitorbooking/
Carmarthen Golf Club,live,wales,brs,1,SA33 6EH,,https://visitors.brsgolf.com/carmarthen#/open-competitions
Clwb Golff Porth Llechog / Bull Bay Golf Club,live,wales,brs,1,LL68 9RY,,https://visitors.brsgolf.com/bullbaygc#/course/1
Clyne Golf Club,live,wales,brs,1,SA3 5DS,,https://visitors.brsgolf.com/clyne
Coed y Mwstwr Golf Club,live,wales,brs,1,CF35 6AF,,https://visitors.brsgolf.com/coedymwstwr#/course/1
Conwy Golf Club,live,wales,brs,1,LL32 8GJ,,https://visitors.brsgolf.com/conwy
Denbigh Golf Course,live,wales,brs,1,LL16 5AA,,https://visitors.brsgolf.com/denbigh
Dinas Powys Golf Club,live,wales,brs,1,CF64 4AJ,,https://visitors.brsgolf.com/dinaspowisgc#/open-competitions
Glynneath Golf Club,live,wales,brs,1,SA11 5UH,,https://visitors.brsgolf.com/glynneathgc#/course/1
Henllys Golf Club,live,wales,brs,1,LL58 8HU,,https://visitors.brsgolf.com/henllys#/course/1
Holyhead Golf Club,live,wales,clubv1,1,LL65 2YL,,https://holyhead.hub.clubv1.com/visitors/TeeSheet?date=2026-09-17
Holywell Golf Course,live,wales,clubv1,1,CH8 8LQ,,https://holywell.hub.clubv1.com/Visitors/TeeSheet?date=2026-09-17
Llanwern Golf Club,live,wales,brs,1,NP19 4EZ,,https://visitors.brsgolf.com/llanwern#/course/1
Mond Valley Golf Club,live,wales,brs,1,SA6 5NX,,https://visitors.brsgolf.com/mondvalley
Mountain Ash Golf Course,live,wales,clubv1,1,CF45 4DT,,https://mountainash.hub.clubv1.com/visitors/TeeSheet?date=2026-09-17
Newport Golf Club,live,wales,intelligent_golf,1,NP10 9FX,,https://newport.intelligentgolf.co.uk/visitorbooking/
North Wales Golf Club,live,wales,brs,1,LL30 2DZ,,https://visitors.brsgolf.com/northwales#/course/1
Pontypridd Golf Club,live,wales,brs,1,CF37 4DJ,,https://visitors.brsgolf.com/pontypridd
Prestatyn Golf Course,live,wales,brs,1,LL19 7AZ,,https://visitors.brsgolf.com/prestatyn#/course/1
Pwllheli Golf Course,live,wales,brs,1,LL53 5PS,,https://visitors.brsgolf.com/pwllheli#/course/1
Rhondda Golf Club,live,wales,clubv1,1,CF43 3PW,,https://rhondda.hub.clubv1.com/Visitors/TeeSheet?date=2026-09-17
Rhuddlan Golf Course,live,wales,clubv1,1,LL18 6LB,,https://rhuddlan.hub.clubv1.com/Visitors/TeeSheet?date=2026-09-17
Royal Porthcawl Golf Club,live,wales,intelligent_golf,1,CF36 3UW,,https://royalporthcawl.intelligentgolf.co.uk/visitorbooking/
Tenby Golf Club,live,wales,brs,1,SA70 7PW,,https://visitors.brsgolf.com/tenby
Tredegar Park Golf Club,live,wales,intelligent_golf,1,NP10 9TG,,https://tredegar.intelligentgolf.co.uk/visitorbooking/
Vale of Llangollen Golf Club,live,wales,brs,1,LL20 7PR,,https://visitors.brsgolf.com/llangollen#/course/1
West Monmouthshire Golf Club,live,wales,brs,1,NP23 4QT,,https://visitors.brsgolf.com/westmonmouthshire#/open-competitions
Woodlake Park Golf Club,live,wales,brs,1,NP4 0TE,,https://visitors.brsgolf.com/woodlake#/course/
Wrexham Golf Club,live,wales,intelligent_golf,1,LL13 9SB,,https://www.wrexhamgolfclub.co.uk/visitorbooking/
Ansty Golf Centre,live,warwickshire,golf_manager,1,CV7 9JL,,https://anstygolfcentre.golfmanager.com/consumer/home?area=100001
Atherstone Golf Club,live,warwickshire,brs,1,CV9 2RL,,https://visitors.brsgolf.com/atherstone#/course/1
Coventry Golf Club,live,warwickshire,intelligent_golf,1,CV3 6RJ,,https://coventry.intelligentgolf.co.uk/visitorbooking/
Kenilworth Golf Club,live,warwickshire,intelligent_golf,1,CV8 2EA,,https://www.kenilworthgolfclub.co.uk/visitorbooking/
Lea Marston Golf Course,live,warwickshire,brs,1,B76 0BY,,https://visitors.brsgolf.com/leamarston#/course/1
Maxstoke Park Golf Course,live,warwickshire,clubv1,1,B46 2BU,,https://maxstokepark.hub.clubv1.com/Visitors/TeeSheet?date=2026-09-17
Rugby Golf Club,live,warwickshire,intelligent_golf,1,CV21 3RD,,https://www.rugbygolfclub.co.uk/visitorbooking/
Stoneleigh Deer Park Golf Club,live,warwickshire,brs,3,CV8 3DR,,https://visitors.brsgolf.com/stoneleighdeer#/course/1
Stratford Oaks Golf Course,live,warwickshire,intelligent_golf,1,CV37 0EZ,,https://stratfordoaks.intelligentgolf.co.uk/visitorbooking/
Stratford on Avon Golf Club,live,warwickshire,intelligent_golf,1,CV37 7BA,,https://stratford.intelligentgolf.co.uk/visitorbooking/
The Welcombe Golf Club,live,warwickshire,brs,1,CV37 0NR,,https://visitors.brsgolf.com/thewelcombe#/course/1
Welford-on-Avon Golf Course,live,warwickshire,intelligent_golf,1,CV37 8EG,,https://welford.intelligentgolf.co.uk/visitorbooking/
Whitefields,live,warwickshire,clubv1,1,CV23 9LF,,https://whitefields.hub.clubv1.com/visitors/TeeSheet?date=2026-09-11
Calderfields Golf and Country Club,live,westmidlands,brs,1,WS4 2JS,,https://visitors.brsgolf.com/calderfields#/course/1
Copsewood Grange Golf Course,live,westmidlands,brs,1,CV3 1JP,,https://visitors.brsgolf.com/copsewoodgrange#/course/1
Copt Heath Golf Club,live,westmidlands,intelligent_golf,1,B93 9LN,,https://www.coptheathgolf.co.uk/visitorbooking/
Dudley Golf Club,live,westmidlands,intelligent_golf,1,B65 9DP,,https://www.dudleygolfclub.com/visitorbooking/
Edgbaston Golf Course,live,westmidlands,intelligent_golf,1,B15 3TB,,https://www.edgbastongc.co.uk/visitorbooking/
Great Barr Golf Club,live,westmidlands,clubv1,1,B43 7BA,,https://greatbarrgc.hub.clubv1.com/Visitors/TeeSheet?date=2026-09-11
Harborne Golf Club,live,westmidlands,intelligent_golf,1,B32 2JE,,https://www.harbornegolfclub.org.uk/visitorbooking/
Little Aston Golf Club,live,westmidlands,intelligent_golf,1,B74 3UP,,https://littleaston.intelligentgolf.co.uk/visitorbooking/
Nailcote Hall,live,westmidlands,brs,1,CV7 7DE,,https://visitors.brsgolf.com/nailcotehall#/course/1
Sandwell Park Golf Club,live,westmidlands,clubv1,1,B70 6TQ,,https://sandwellpark.hub.clubv1.com/Visitors/TeeSheet?date=2026-09-17
The South Staffordshire Golf Club,live,westmidlands,brs,1,WV6 9BQ,,https://visitors.brsgolf.com/southstaffordshire#/course/1
Walmley Golf Club,live,westmidlands,intelligent_golf,1,B72 1HR,,https://www.walmleygolfclub.co.uk/visitorbooking/
Walsall Golf Club,live,westmidlands,clubv1,1,WS1 3EY,,https://walsallgc.hub.clubv1.com/visitors/TeeSheet?date=2026-09-11
Wergs Golf Club,live,westmidlands,brs,1,WV6 8UA,,https://visitors.brsgolf.com/wergs#/course/1
Alwoodley Golf Club,live,westyorkshire,intelligent_golf,1,LS17 8SA,,https://alwoodley.intelligentgolf.co.uk/visitorbooking/
Baildon Golf Club,live,westyorkshire,brs,1,BD17 6LE,,https://visitors.brsgolf.com/baildon?iframe=1#/course/1
Bingley St Ives Golf Club,live,westyorkshire,clubv1,1,BD16 1AT,,https://bingley.hub.clubv1.com/visitors/TeeSheet?date=2026-09-12
Bracken Ghyll Golf Club,live,westyorkshire,clubv1,1,LS29 0SL,,http://brackenghyll.hub.clubv1.com/visitors/booking
Bradford Golf Course,live,westyorkshire,brs,1,LS20 8NP,,https://visitors.brsgolf.com/bradford#/course/1
Bradford Moor Golf Club,live,westyorkshire,brs,1,BD2 4RW,,https://visitors.brsgolf.com/bradfordmoor#/course/1
Branshaw Golf Course,live,westyorkshire,brs,1,BD22 7ES,,https://visitors.brsgolf.com/branshaw#/course/1
Clayton Golf Club,live,westyorkshire,brs,1,BD14 6LQ,,https://visitors.brsgolf.com/claytongolf#/course/1
Crosland Heath Golf Course,live,westyorkshire,brs,1,HD4 7AF,,https://visitors.brsgolf.com/croslandheath#/course/1
Crow Nest Park Golf Club,live,westyorkshire,brs,1,HD6 2LN,,https://visitors.brsgolf.com/crownestpark#/course/1
Dewsbury Golf Course,live,westyorkshire,clubv1,1,WF14 8HJ,,https://dewsbury.hub.clubv1.com/Visitors/TeeSheet?date=2026-09-17
Garforth Golf Club,live,westyorkshire,brs,1,LS25 2DS,,https://visitors.brsgolf.com/garforth#/course/1
Halifax Golf Club,live,westyorkshire,brs,1,HX2 8XR,,https://visitors.brsgolf.com/halifax#/course/1
Headingley Golf Club,live,westyorkshire,brs,1,LS16 8DW,,https://visitors.brsgolf.com/headingley#/course/1
Horsforth Golf Course,live,westyorkshire,brs,1,LS18 5EX,,https://visitors.brsgolf.com/horsforth#/course/1
Huddersfield Golf Club,live,westyorkshire,intelligent_golf,1,HD2 2EP,,https://www.huddersfield-golf.co.uk/visitorbooking/
Ilkley Golf Club,live,westyorkshire,brs,1,LS29 0BE,,https://visitors.brsgolf.com/ilkley#/course/1
Keighley Golf Course,live,westyorkshire,intelligent_golf,1,BD20 6DH,,https://www.keighleygolfclub.com/visitorbooking/
Lightcliffe Golf Club,live,westyorkshire,brs,1,HX3 8SW,,https://visitors.brsgolf.com/lightcliffe#/course/1
Longley Park,live,westyorkshire,brs,1,HD5 9AX,,https://visitors.brsgolf.com/longley
Low Laithes Golf Course,live,westyorkshire,clubv1,1,WF5 9AP,,https://lowlaithes.hub.clubv1.com/Visitors/TeeSheet?date=2026-09-17
Marsden Golf Club,live,westyorkshire,brs,1,HD7 6NN,,https://visitors.brsgolf.com/marsden#/course/1
Moor Allerton Golf Course,live,westyorkshire,brs,1,LS17 9NH,,https://visitors.brsgolf.com/moorallerton
Northcliffe Golf Course,live,westyorkshire,intelligent_golf,1,BD9 6SQ,,https://www.northcliffegc.org.uk/visitorbooking/
Pontefract and District Golf Club,live,westyorkshire,brs,1,WF8 4QS,,https://visitors.brsgolf.com/pontefract
Queensbury Golf Club,live,westyorkshire,clubv1,1,BD13 1QF,,https://queensbury.hub.clubv1.com/Visitors/TeeSheet?date=2026-09-12
Ryburn Golf Club,live,westyorkshire,clubv1,1,HX6 3QP,,https://ryburn.hub.clubv1.com/visitors/TeeSheet?date=2026-09-12
Sand Moor Golf Course,live,westyorkshire,brs,1,LS17 7DJ,,https://visitors.brsgolf.com/sandmoor
Scarcroft Golf Course,live,westyorkshire,brs,1,LS14 3BL,,https://visitors.brsgolf.com/scarcroft
Shay Grange Golf Course,live,westyorkshire,brs,1,BD9 6BR,,https://visitors.brsgolf.com/expressgcbradford#/course/1
Shipley Golf Club,live,westyorkshire,clubv1,1,BD16 1LX,,https://shipley.hub.clubv1.com/visitors/TeeSheet?date=2026-09-12
South Bradford Golf Course,live,westyorkshire,clubv1,1,BD6 1BJ,,https://southbradford.hub.clubv1.com/Visitors/TeeSheet?date=2024-09-03
Wakefield Golf Club,live,westyorkshire,intelligent_golf,1,WF2 6JH,,https://www.wakefieldgolfclub.co.uk/visitorbooking/
Whitwood Golf Club,live,westyorkshire,brs,1,WF10 5PZ,,https://visitors.brsgolf.com/whitwood#/course/1
Woodhall Hills Golf Club,live,westyorkshire,brs,1,LS28 5UN,,https://visitors.brsgolf.com/woodhallhills
Woodsome Hall Golf Club,live,westyorkshire,intelligent_golf,1,HD8 0LQ,,https://www.woodsome.co.uk/visitorbooking/
Basset Down Golf Course,live,wiltshire,intelligent_golf,1,SN4 9QW,,https://www.basset-down.com/visitorbooking/
Hamptworth Golf & Country Club,live,wiltshire,intelligent_golf,1,SP5 2DU,,https://hamptworth.intelligentgolf.co.uk/visitorbooking/
High Post Golf Club,live,wiltshire,intelligent_golf,1,SP4 6AT,,https://www.highpostgolfclub.co.uk/visitorbooking/
Marlborough Golf Course,live,wiltshire,intelligent_golf,1,SN8 1DU,,https://www.marlboroughgolfclub.co.uk/visitorbooking/
Ogbourne Downs Golf Club,live,wiltshire,intelligent_golf,1,SN8 1TB,,https://ogbournedowns.intelligentgolf.co.uk/visitorbooking/
Rushmore Golf Club,live,wiltshire,intelligent_golf,1,SP5 5QB,,https://www.rushmoregolfclub.co.uk/visitorbooking/
Salisbury Golf Centre,live,wiltshire,intelligent_golf,2,SP2 8PR,,https://salisbury.intelligentgolf.co.uk/visitorbooking/?course=1
Tidworth Garrison Golf Club,live,wiltshire,intelligent_golf,1,SP9 7AF,,https://www.tidworthgolfclub.co.uk/visitorbooking/
Upavon Golf Club,live,wiltshire,intelligent_golf,1,SN9 6BQ,,https://www.upavongolfclub.co.uk/visitorbooking/
Whitley Golf Club,live,wiltshire,brs,1,SN12 8EQ,,https://visitors.brsgolf.com/whitley#/course/1
Wiltshire Golf and Country Club,live,wiltshire,brs,2,SN4 7PB,,https://visitors.brsgolf.com/wiltshire#/course/1
Bewdley Pines Golf Club,live,worcestershire,brs,1,DY12 1LY,,https://visitors.brsgolf.com/bewdleypines?iframe=1#/course/1
Bromsgrove Golf Centre,live,worcestershire,brs,1,B60 1LD,,https://visitors.brsgolf.com/bromsgrove#/course/1
Churchill & Blakedown Golf Club,live,worcestershire,clubv1,1,DY10 3NB,,https://822.hub.clubv1.com/Visitors/TeeSheet?date=2026-09-17
Droitwich Golf Course,live,worcestershire,clubv1,1,WR9 0BE,,https://droitwich.hub.clubv1.com/Visitors/TeeSheet?date=2026-09-17
Evesham Golf Course,live,worcestershire,clubv1,1,WR10 2QS,,https://evesham.hub.clubv1.com/Visitors/TeeSheet?date=2026-09-11
Gaudet Luce Golf Course,live,worcestershire,esp,1,WR9 7JR,,https://www.e-s-p.com/elitelive/book_group.php
The Abbey Hotel,live,worcestershire,brs,1,B98 9BE,,https://visitors.brsgolf.com/theabbey#/course/1
The Kidderminster Golf Club,live,worcestershire,intelligent_golf,1,DY10 3HL,,https://kidderminster.intelligentgolf.co.uk/visitorbooking/
Wharton Park Golf & Country Club,live,worcestershire,intelligent_golf,1,DY12 2QW,,https://www.whartonpark.co.uk/visitorbooking/
Belhus Park Golf Club,parked,essex,gladstone,1,RM15 4QR,Impulse Leisure's Cloudflare blocks the CI runner (works from a normal connection),https://impulseleisure.gladstonego.cloud/book
Bromley Golf Centre,parked,kent/sussex,gladstone,2,BR2 8JF,Mytime Active's Cloudflare blocks the CI runner (works from a normal connection),
High Elms Golf Course,parked,kent/sussex,gladstone,2,BR6 7JL,Mytime Active's Cloudflare blocks the CI runner (works from a normal connection),
Orpington Golf Centre,parked,kent/sussex,gladstone,3,BR5 3HY,Mytime Active's Cloudflare blocks the CI runner (works from a normal connection),https://mytimeactive.gladstonego.cloud/book
Hatchford Brook Golf Course,parked,westmidlands,gladstone,1,B26 3SS,Mytime Active's Cloudflare blocks the CI runner (works from a normal connection),https://mytimeactive.gladstonego.cloud/book
Lickey Hills Golf Course,parked,westmidlands,gladstone,1,B45 8RR,Mytime Active's Cloudflare blocks the CI runner (works from a normal connection),https://mytimeactive.gladstonego.cloud/book
Dunstable Downs Golf Course,no_visitor_booking,bedfordshire,clubv1,0,,"on clubv1, but visitor booking is switched off",
John O'Gaunt Golf Course,no_visitor_booking,bedfordshire,intelligent_golf,0,,booking page requires a member login,
Mowsbury Golf Course,no_visitor_booking,bedfordshire,clubv1,0,,"on clubv1, but visitor booking is switched off",
East Berkshire Golf Club,no_visitor_booking,berkshire,intelligent_golf,0,,booking page requires a member login,
Maidenhead Golf Course,no_visitor_booking,berkshire,intelligent_golf,0,,booking page requires a member login,
The Berkshire Golf Club,no_visitor_booking,berkshire,intelligent_golf,0,,booking page requires a member login,
Buckingham Golf Club,no_visitor_booking,buckinghamshire,clubv1,0,,"on clubv1, but visitor booking is switched off",
Burnham Beeches Golf Club,no_visitor_booking,buckinghamshire,intelligent_golf,0,,booking page requires a member login,
Ellesborough Golf Club,no_visitor_booking,buckinghamshire,clubv1,0,,"on clubv1, but visitor booking is switched off",
Eaton Golf Club (Waverton),no_visitor_booking,cheshire,clubv1,0,,"on clubv1, but visitor booking is switched off",
Portal Golf and Country Club,no_visitor_booking,cheshire,clubv1,0,,"on clubv1, but visitor booking is switched off",
Prestbury Golf Club,no_visitor_booking,cheshire,clubv1,0,,"on clubv1, but visitor booking is switched off",
Sandbach Golf Club,no_visitor_booking,cheshire,clubv1,0,,"on clubv1, but visitor booking is switched off",
Keswick Golf Club,no_visitor_booking,cumbria,clubv1,0,,"on clubv1, but visitor booking is switched off",
Seascale Golf Club,no_visitor_booking,cumbria,clubv1,0,,"on clubv1, but visitor booking is switched off",
Sedbergh Golf Club,no_visitor_booking,cumbria,brs,0,,"on brs, but visitor booking is switched off",
St. Bees School Golf Course,no_visitor_booking,cumbria,clubv1,0,,"on clubv1, but visitor booking is switched off",
Ulverston Golf Club,no_visitor_booking,cumbria,clubv1,0,,"on clubv1, but visitor booking is switched off",
Whitehaven Golf Club,no_visitor_booking,cumbria,esp,0,,booking page requires a member login,
Chapel-en-le-Frith Golf Club,no_visitor_booking,derbyshire,clubv1,0,,"on clubv1, but visitor booking is switched off",
Ormonde Fields Golf Course,no_visitor_booking,derbyshire,clubv1,0,,"on clubv1, but visitor booking is switched off",
Okehampton Golf Course,no_visitor_booking,devon,clubv1,0,,"on clubv1, but visitor booking is switched off",
Sidmouth Golf Club,no_visitor_booking,devon,clubv1,0,,"on clubv1, but visitor booking is switched off",
Bridport and West Dorset Golf Club,no_visitor_booking,dorset,clubv1,0,,"on clubv1, but visitor booking is switched off",
Bridport Golf Club,no_visitor_booking,dorset,clubv1,0,,"on clubv1, but visitor booking is switched off",
Crane Valley - Valley Course,no_visitor_booking,dorset,clubv1,0,,"on clubv1, but visitor booking is switched off",
Crane Valley - Woodland Course,no_visitor_booking,dorset,clubv1,0,,"on clubv1, but visitor booking is switched off",
Ferndown Golf Club,no_visitor_booking,dorset,intelligent_golf,0,,booking page requires a member login,
Basildon Golf Course,no_visitor_booking,essex,intelligent_golf,0,,"on intelligent_golf, but visitor booking is switched off",
Boyce Hill Golf Course,no_visitor_booking,essex,clubv1,0,,"on clubv1, but visitor booking is switched off",
Burnham-on-Crouch Golf Club,no_visitor_booking,essex,clubv1,0,,"on clubv1, but visitor booking is switched off",
Clacton-on-Sea Golf Club,no_visitor_booking,essex,clubv1,0,,"on clubv1, but visitor booking is switched off",
Epping Golf Course,no_visitor_booking,essex,clubv1,0,,"on clubv1, but visitor booking is switched off",
Frinton Golf Club,no_visitor_booking,essex,clubv1,0,,"on clubv1, but visitor booking is switched off",
Gosfield Lake Golf Club,no_visitor_booking,essex,clubv1,0,,"on clubv1, but visitor booking is switched off",
Harwich & Dovercourt Golf Club,no_visitor_booking,essex,clubv1,0,,"on clubv1, but visitor booking is switched off",
Thorpe Hall Golf Course,no_visitor_booking,essex,clubv1,0,,"on clubv1, but visitor booking is switched off",
Upminster Golf Club,no_visitor_booking,essex,clubv1,0,,"on clubv1, but visitor booking is switched off",
Woodford Golf Club,no_visitor_booking,essex,clubv1,0,,"on clubv1, but visitor booking is switched off",
Kendleshire Golf Club,no_visitor_booking,gloucestershire,intelligent_golf,0,,booking page requires a member login,https://kendleshire.intelligentgolf.co.uk/visitorbooking/
Star Golf Golf Club,no_visitor_booking,gloucestershire,intelligent_golf,0,,"on intelligent_golf, but visitor booking is switched off",
Ashton on Mersey Golf Club,no_visitor_booking,greatermanchester,clubv1,0,,"on clubv1, but visitor booking is switched off",
Ashton-in-Makerfield Golf Club,no_visitor_booking,greatermanchester,intelligent_golf,0,,booking page requires a member login,
Chorlton-cum-Hardy Golf Club,no_visitor_booking,greatermanchester,clubv1,0,,"on clubv1, but visitor booking is switched off",
Hale Golf Course,no_visitor_booking,greatermanchester,clubv1,0,,"on clubv1, but visitor booking is switched off",
Northenden Golf Course,no_visitor_booking,greatermanchester,intelligent_golf,0,,booking page requires a member login,
Ringway Golf Club,no_visitor_booking,greatermanchester,intelligent_golf,0,,booking page requires a member login,
Alresford Golf Club,no_visitor_booking,hampshire,intelligent_golf,0,,booking page requires a member login,
Blackmoor Golf Club,no_visitor_booking,hampshire,intelligent_golf,0,,booking page requires a member login,https://blackmoor.intelligentgolf.co.uk/visitorbooking/
Brokenhurst Manor Golf Club,no_visitor_booking,hampshire,intelligent_golf,0,,booking page requires a member login,
Corhampton Golf Club,no_visitor_booking,hampshire,clubv1,0,,"on clubv1, but visitor booking is switched off",
Liphook Golf Club,no_visitor_booking,hampshire,intelligent_golf,0,,booking page requires a member login,
Wellow Golf Club,no_visitor_booking,hampshire,clubv1,0,,"on clubv1, but visitor booking is switched off",
Moor Park Golf Club,no_visitor_booking,hertfordshire,intelligent_golf,0,,"on intelligent_golf, but visitor booking is switched off",
Sandy Lodge Golf Club,no_visitor_booking,hertfordshire,intelligent_golf,0,,booking page requires a member login,
Aquarius Golf Club,no_visitor_booking,kent/sussex,unknown,0,,booking page requires a member login,
Bearsted Golf Club,no_visitor_booking,kent/sussex,clubv1,0,,"on clubv1, but visitor booking is switched off",
Beauport Park Golf Course,no_visitor_booking,kent/sussex,clubv1,0,,"on clubv1, but visitor booking is switched off",
Boughton Golf Club,no_visitor_booking,kent/sussex,clubv1,0,,"on clubv1, but visitor booking is switched off",
Chislehurst Golf Course,no_visitor_booking,kent/sussex,intelligent_golf,0,,booking page requires a member login,
Dartford Golf Club,no_visitor_booking,kent/sussex,clubv1,0,,"on clubv1, but visitor booking is switched off",
Eltham Warren Golf Club,no_visitor_booking,kent/sussex,clubv1,0,,"on clubv1, but visitor booking is switched off",
Faversham Golf Course,no_visitor_booking,kent/sussex,clubv1,0,,"on clubv1, but visitor booking is switched off",
Mid Kent Golf Club,no_visitor_booking,kent/sussex,clubv1,0,,"on clubv1, but visitor booking is switched off",
Sittingbourne & Milton Regis Golf Club,no_visitor_booking,kent/sussex,intelligent_golf,0,,booking page requires a member login,
The Royal Eastbourne Golf Club,no_visitor_booking,kent/sussex,intelligent_golf,0,,"on intelligent_golf, but visitor booking is switched off",
Golf At Goodwood,no_visitor_booking,kent/sussex/surrey,intelligent_golf,0,,booking page requires a member login,
Royal Automobile Country Club Golf Club,no_visitor_booking,kent/sussex/surrey,unknown,0,,booking page requires a member login,
West Hove Golf Club,no_visitor_booking,kent/sussex/surrey,clubv1,0,,"on clubv1, but visitor booking is switched off",
Blundells Hill Golf Club,no_visitor_booking,lancashire,clubv1,0,,"on clubv1, but visitor booking is switched off",
Deane Golf Club,no_visitor_booking,lancashire,clubv1,0,,"on clubv1, but visitor booking is switched off",
Fleetwood Golf Course,no_visitor_booking,lancashire,intelligent_golf,0,,booking page requires a member login,
Garstang Golf Course,no_visitor_booking,lancashire,unknown,0,,booking page requires a member login,
Nelson Golf Club,no_visitor_booking,lancashire,clubv1,0,,"on clubv1, but visitor booking is switched off",
Pike Fold Golf Club,no_visitor_booking,lancashire,clubv1,0,,"on clubv1, but visitor booking is switched off",
Rochdale Golf Club,no_visitor_booking,lancashire,clubv1,0,,"on clubv1, but visitor booking is switched off",
Towneley Golf Club,no_visitor_booking,lancashire,clubv1,0,,"on clubv1, but visitor booking is switched off",
Wigan Golf Club,no_visitor_booking,lancashire,intelligent_golf,0,,booking page requires a member login,
Birstall Golf Club,no_visitor_booking,leicestershire,clubv1,0,,"on clubv1, but visitor booking is switched off",
Cosby Golf Club,no_visitor_booking,leicestershire,intelligent_golf,0,,booking page requires a member login,
Forest Hill Golf & Conference Centre,no_visitor_booking,leicestershire,clubv1,0,,"on clubv1, but visitor booking is switched off",
Lutterworth Golf Club,no_visitor_booking,leicestershire,intelligent_golf,0,,booking page requires a member login,
Cleethorpes Golf Club,no_visitor_booking,lincolnshire,clubv1,0,,"on clubv1, but visitor booking is switched off",
Grimsby Golf Club,no_visitor_booking,lincolnshire,clubv1,0,,"on clubv1, but visitor booking is switched off",
Market Rasen Golf Club,no_visitor_booking,lincolnshire,clubv1,0,,"on clubv1, but visitor booking is switched off",
Waltham Windmill Golf Club,no_visitor_booking,lincolnshire,clubv1,0,,"on clubv1, but visitor booking is switched off",
Cuddington Golf Course,no_visitor_booking,london,intelligent_golf,0,,booking page requires a member login,
Hampstead Golf Club,no_visitor_booking,london,clubv1,0,,"on clubv1, but visitor booking is switched off",
Coronation Course,no_visitor_booking,newsite,unknown,0,,booking page requires a member login,
Saffron Walden Golf Club,no_visitor_booking,newsite,intelligent_golf,0,,booking page requires a member login,
Fakenham Golf Club,no_visitor_booking,norfolk,clubv1,0,,"on clubv1, but visitor booking is switched off",
Mundesley Golf Course,no_visitor_booking,norfolk,clubv1,0,,"on clubv1, but visitor booking is switched off",
Royal Cromer Golf Club,no_visitor_booking,norfolk,clubv1,0,,"on clubv1, but visitor booking is switched off",
Kettering Golf Club,no_visitor_booking,northamptonshire,clubv1,0,,"on clubv1, but visitor booking is switched off",
Barnard Castle Golf Course,no_visitor_booking,northeast,clubv1,0,,"on clubv1, but visitor booking is switched off",
Beamish Park Golf Course,no_visitor_booking,northeast,unknown,0,,"on unknown, but visitor booking is switched off",
Eaglescliffe Golf Course,no_visitor_booking,northeast,clubv1,0,,"on clubv1, but visitor booking is switched off",
Morpeth Golf Club,no_visitor_booking,northeast,clubv1,0,,"on clubv1, but visitor booking is switched off",
Seaham Golf Club,no_visitor_booking,northeast,intelligent_golf,0,,"on intelligent_golf, but visitor booking is switched off",
Wilton Golf Course,no_visitor_booking,northeast,clubv1,0,,"on clubv1, but visitor booking is switched off",
Cairndhu Golf Course,no_visitor_booking,northernireland,clubv1,0,,"on clubv1, but visitor booking is switched off",
Cloverhill Golf Club,no_visitor_booking,northernireland,brs,0,,"on brs, but visitor booking is switched off",
Gilling Castle Golf Club,no_visitor_booking,northyorkshire,unknown,0,,booking page requires a member login,
Thirsk & Northallerton Golf Club,no_visitor_booking,northyorkshire,clubv1,0,,"on clubv1, but visitor booking is switched off",
Studley Wood Golf Club,no_visitor_booking,oxfordshire,clubv1,0,,"on clubv1, but visitor booking is switched off",
Baberton Golf Course,no_visitor_booking,scotland,clubv1,0,,"on clubv1, but visitor booking is switched off",
Balmore Golf Club,no_visitor_booking,scotland,clubv1,0,,"on clubv1, but visitor booking is switched off",
Bearsden Golf Club,no_visitor_booking,scotland,clubv1,0,,"on clubv1, but visitor booking is switched off",
Bothwell Castle Golf Club,no_visitor_booking,scotland,clubv1,0,,"on clubv1, but visitor booking is switched off",
Caldwell Golf Club,no_visitor_booking,scotland,clubv1,0,,"on clubv1, but visitor booking is switched off",
Carluke Golf Club,no_visitor_booking,scotland,brs,0,,booking page requires a member login,
Castle Park Golf Course,no_visitor_booking,scotland,unknown,0,,"on unknown, but visitor booking is switched off",
Cathcart Castle Golf Course,no_visitor_booking,scotland,intelligent_golf,0,,booking page requires a member login,
Cawdor Castle Golf Club,no_visitor_booking,scotland,unknown,0,,booking page requires a member login,
Crow Wood Golf Club,no_visitor_booking,scotland,clubv1,0,,"on clubv1, but visitor booking is switched off",
Dunblane New Golf Club,no_visitor_booking,scotland,clubv1,0,,"on clubv1, but visitor booking is switched off",
Easter Moffat Golf Club,no_visitor_booking,scotland,clubv1,0,,"on clubv1, but visitor booking is switched off",
Glenbervie Golf Course,no_visitor_booking,scotland,clubv1,0,,"on clubv1, but visitor booking is switched off",
Irvine Golf Club,no_visitor_booking,scotland,clubv1,0,,"on clubv1, but visitor booking is switched off",
Lenzie Golf Club,no_visitor_booking,scotland,intelligent_golf,0,,booking page requires a member login,
Lundin Golf Club,no_visitor_booking,scotland,clubv1,0,,"on clubv1, but visitor booking is switched off",
Moray Golf Club,no_visitor_booking,scotland,clubv1,0,,"on clubv1, but visitor booking is switched off",
Newbattle Golf Club,no_visitor_booking,scotland,clubv1,0,,"on clubv1, but visitor booking is switched off",
Oldmeldrum Golf Club,no_visitor_booking,scotland,clubv1,0,,"on clubv1, but visitor booking is switched off",
Pitreavie Golf Club,no_visitor_booking,scotland,clubv1,0,,"on clubv1, but visitor booking is switched off",
Portland Course,no_visitor_booking,scotland,clubv1,0,,"on clubv1, but visitor booking is switched off",
Prestwick Golf Club,no_visitor_booking,scotland,clubv1,0,,"on clubv1, but visitor booking is switched off",
Royal Aberdeen Golf Club,no_visitor_booking,scotland,clubv1,0,,"on clubv1, but visitor booking is switched off",
Sandyhills Golf Club,no_visitor_booking,scotland,clubv1,0,,"on clubv1, but visitor booking is switched off",
Shotts Golf Club,no_visitor_booking,scotland,clubv1,0,,"on clubv1, but visitor booking is switched off",
Tulliallan Golf Club,no_visitor_booking,scotland,clubv1,0,,"on clubv1, but visitor booking is switched off",
Vale of Leven Golf Club,no_visitor_booking,scotland,clubv1,0,,"on clubv1, but visitor booking is switched off",
Western Gailes Golf Club,no_visitor_booking,scotland,clubv1,0,,"on clubv1, but visitor booking is switched off",
Williamwood Golf Club,no_visitor_booking,scotland,clubv1,0,,"on clubv1, but visitor booking is switched off",
Ludlow Golf Club,no_visitor_booking,shropshire,clubv1,0,,"on clubv1, but visitor booking is switched off",
Hallamshire Golf Club,no_visitor_booking,southyorkshire,unknown,0,,"on unknown, but visitor booking is switched off",
Thornhurst Manor Golf Course,no_visitor_booking,southyorkshire,unknown,0,,booking page requires a member login,
Trentham Park Golf Course,no_visitor_booking,staffordshire,clubv1,0,,"on clubv1, but visitor booking is switched off",
Wolstanton Golf Club,no_visitor_booking,staffordshire,clubv1,0,,"on clubv1, but visitor booking is switched off",
Center Parcs Elveden Forest,no_visitor_booking,suffolk,unknown,0,,booking page requires a member login,
Seckford Golf Club,no_visitor_booking,suffolk,clubv1,0,,"on clubv1, but visitor booking is switched off",
Bletchingley Golf Course,no_visitor_booking,surrey,clubv1,0,,"on clubv1, but visitor booking is switched off",
Camberley Heath Golf Club,no_visitor_booking,surrey,intelligent_golf,0,,booking page requires a member login,
Purley Downs Golf Club,no_visitor_booking,surrey,intelligent_golf,0,,booking page requires a member login,
Puttenham Golf Club,no_visitor_booking,surrey,intelligent_golf,0,,booking page requires a member login,
Royal Wimbledon Golf Course,no_visitor_booking,surrey,intelligent_golf,0,,booking page requires a member login,
Langland Bay Golf Club,no_visitor_booking,wales,clubv1,0,,"on clubv1, but visitor booking is switched off",
Maesdu Golf Club,no_visitor_booking,wales,clubv1,0,,"on clubv1, but visitor booking is switched off",
Wenvoe Castle Golf Club,no_visitor_booking,wales,clubv1,0,,"on clubv1, but visitor booking is switched off",
Nuneaton Golf Club,no_visitor_booking,warwickshire,clubv1,0,,"on clubv1, but visitor booking is switched off",
Druids Heath Golf Club,no_visitor_booking,westmidlands,clubv1,0,,"on clubv1, but visitor booking is switched off",
Fulford Heath Golf Club,no_visitor_booking,westmidlands,clubv1,0,,"on clubv1, but visitor booking is switched off",
Halesowen Golf Club,no_visitor_booking,westmidlands,clubv1,0,,"on clubv1, but visitor booking is switched off",
Hearsall Golf Club,no_visitor_booking,westmidlands,intelligent_golf,0,,booking page requires a member login,
Oxley Park Golf Club,no_visitor_booking,westmidlands,clubv1,0,,"on clubv1, but visitor booking is switched off",
Howley Hall Golf Course,no_visitor_booking,westyorkshire,clubv1,0,,"on clubv1, but visitor booking is switched off",
West Wilts Golf Club,no_visitor_booking,wiltshire,clubv1,0,,"on clubv1, but visitor booking is switched off",
The Vale Golf and Country Club,no_visitor_booking,worcestershire,intelligent_golf,0,,booking page requires a member login,
Galley Hills Course,out_of_scope,bedfordshire,not_a_club,0,,"a course name, not a club name; nothing to search on",
Warden Hills Course,out_of_scope,bedfordshire,not_a_club,0,,"a course name, not a club name; nothing to search on",
Bradfield College Golf Club,out_of_scope,berkshire,not_a_club,0,,not a club a visitor books a round at,
Deanwood Park Gold Course,out_of_scope,berkshire,not_a_club,0,,"a course name, not a club name; nothing to search on",
The Bunker Indoor Golf Simulator,out_of_scope,berkshire,not_a_club,0,,not a club a visitor books a round at,
Wellington College Golf Course,out_of_scope,berkshire,not_a_club,0,,not a club a visitor books a round at,
Chiltern Hospital Golf Course,out_of_scope,buckinghamshire,not_a_club,0,,not a club a visitor books a round at,
Southfield,out_of_scope,buckinghamshire,not_a_club,0,,"a course name, not a club name; nothing to search on",
Priory Golf & Activity Centre,out_of_scope,cambridgeshire,not_a_club,0,,not a club a visitor books a round at,
Emerald Championship Course,out_of_scope,cheshire,not_a_club,0,,"a course name, not a club name; nothing to search on",
Hengar Manor Country Park Pitch and Putt course,out_of_scope,cornwall,not_a_club,0,,not a club a visitor books a round at,
Hoburne Holiday Park Doublebois,out_of_scope,cornwall,not_a_club,0,,not a club a visitor books a round at,
Killiow Country Club,out_of_scope,cornwall,not_a_club,0,,"a course name, not a club name; nothing to search on",
St Erth Pitch and Putt,out_of_scope,cornwall,not_a_club,0,,not a club a visitor books a round at,
Cayman Golf (Pitch and Putt),out_of_scope,devon,not_a_club,0,,not a club a visitor books a round at,
Torbay Golf Centre (Pitch and Putt),out_of_scope,devon,not_a_club,0,,not a club a visitor books a round at,
Chewton Glen Hotel Executive Course,out_of_scope,dorset,not_a_club,0,,"a course name, not a club name; nothing to search on",
Lodmoor Pitch and Putt,out_of_scope,dorset,not_a_club,0,,not a club a visitor books a round at,
Boothferry Golf Club,out_of_scope,eastyorkshire,golfnow,0,,GolfNow/TeeItUp only — excluded by policy,
Burstwick Country Club,out_of_scope,eastyorkshire,not_a_club,0,,"a course name, not a club name; nothing to search on",
Leigh Golf Range,out_of_scope,essex,not_a_club,0,,not a club a visitor books a round at,
Painswick Golf Course,out_of_scope,gloucestershire,golfnow,0,,GolfNow/TeeItUp only — excluded by policy,
Pitch and Putt,out_of_scope,greatermanchester,not_a_club,0,,not a club a visitor books a round at,
Charlton Lakeside Leisure Centre,out_of_scope,hampshire,not_a_club,0,,not a club a visitor books a round at,
City Park Starter Shack,out_of_scope,hampshire,not_a_club,0,,not a club a visitor books a round at,
Hoburne Holiday Park Bashley,out_of_scope,hampshire,not_a_club,0,,not a club a visitor books a round at,
Mini Golf,out_of_scope,hampshire,not_a_club,0,,not a club a visitor books a round at,
Woodland course,out_of_scope,hampshire,not_a_club,0,,"a course name, not a club name; nothing to search on",
MFA Adventure Golf,out_of_scope,herefordshire,not_a_club,0,,not a club a visitor books a round at,
Melbourne Course,out_of_scope,hertfordshire,not_a_club,0,,"a course name, not a club name; nothing to search on",
Palmerston Course,out_of_scope,hertfordshire,not_a_club,0,,"a course name, not a club name; nothing to search on",
The Grove,out_of_scope,hertfordshire,not_a_club,0,,"a course name, not a club name; nothing to search on",
Allhallows Holiday Park Golf Course,out_of_scope,kent,not_a_club,0,,not a club a visitor books a round at,
Goffs Park Pitch and Putt,out_of_scope,kent,not_a_club,0,,not a club a visitor books a round at,
Leas Course,out_of_scope,kent,not_a_club,0,,"a course name, not a club name; nothing to search on",
Putting Green,out_of_scope,kent,not_a_club,0,,not a club a visitor books a round at,
Avisford Park Golf Club,out_of_scope,kent/sussex,golfnow,0,,GolfNow/TeeItUp only — excluded by policy,
Short Course,out_of_scope,lancashire,not_a_club,0,,"a course name, not a club name; nothing to search on",
Woolfox,out_of_scope,leicestershire,not_a_club,0,,"a course name, not a club name; nothing to search on",
North Shore Pitch And Putt,out_of_scope,lincolnshire,not_a_club,0,,not a club a visitor books a round at,
Willows Caravan Park Executive Course,out_of_scope,lincolnshire,not_a_club,0,,not a club a visitor books a round at,
Championship Course,out_of_scope,london,not_a_club,0,,"a course name, not a club name; nothing to search on",
David Lloyd Hampton,out_of_scope,london,not_a_club,0,,not a club a visitor books a round at,
Falconwood Course,out_of_scope,london,not_a_club,0,,"a course name, not a club name; nothing to search on",
Harrow School Golf Course,out_of_scope,london,not_a_club,0,,not a club a visitor books a round at,
Horsenden Hill Activity Centre,out_of_scope,london,not_a_club,0,,not a club a visitor books a round at,
Mill Hill Golf Course,out_of_scope,london,golfnow,0,,GolfNow/TeeItUp only — excluded by policy,
Queens Park Pitch and Putt,out_of_scope,london,not_a_club,0,,not a club a visitor books a round at,
South Norwood Pitch and Putt,out_of_scope,london,not_a_club,0,,not a club a visitor books a round at,
The Oaks - Acorn Course,out_of_scope,london,not_a_club,0,,"a course name, not a club name; nothing to search on",
The Oaks Horley Course,out_of_scope,london,not_a_club,0,,"a course name, not a club name; nothing to search on",
Tudor Park Footgolf Course,out_of_scope,london,not_a_club,0,,not a club a visitor books a round at,
Crazy Golf,out_of_scope,norfolk,not_a_club,0,,not a club a visitor books a round at,
Hunstanton Putting Green,out_of_scope,norfolk,not_a_club,0,,not a club a visitor books a round at,
Ocean View Golf Course,out_of_scope,norfolk,golfnow,0,,GolfNow/TeeItUp only — excluded by policy,https://vip.teeitup.com/plus-template-4/email-club/
Darlington Golf Course,out_of_scope,northeast,golfnow,0,,GolfNow/TeeItUp only — excluded by policy,
Bushfoot Golf Club,out_of_scope,northernireland,not_a_club,0,,not a club a visitor books a round at,
Cloghogue Pitch and Putt,out_of_scope,northernireland,not_a_club,0,,not a club a visitor books a round at,
Kilrea Golf Course,out_of_scope,northernireland,golfnow,0,,GolfNow/TeeItUp only — excluded by policy,
Rory McIlroy's backyard course,out_of_scope,northernireland,not_a_club,0,,"a course name, not a club name; nothing to search on",
Conyngham Hall Leisure Park pitch and putt course,out_of_scope,northyorkshire,not_a_club,0,,not a club a visitor books a round at,
Peasholm Pitch and Putt,out_of_scope,northyorkshire,not_a_club,0,,not a club a visitor books a round at,
Radley College Golf Course,out_of_scope,oxfordshire,not_a_club,0,,not a club a visitor books a round at,
St. Edward's School Golf Course,out_of_scope,oxfordshire,not_a_club,0,,not a club a visitor books a round at,
Ailsa,out_of_scope,scotland,not_a_club,0,,"a course name, not a club name; nothing to search on",
Ashludie Course,out_of_scope,scotland,not_a_club,0,,"a course name, not a club name; nothing to search on",
Dalmilling Golf Course,out_of_scope,scotland,golfnow,0,,GolfNow/TeeItUp only — excluded by policy,
David Lloyd Rouken Glen Golf Club,out_of_scope,scotland,not_a_club,0,,not a club a visitor books a round at,
Girvan,out_of_scope,scotland,golfnow,0,,GolfNow/TeeItUp only — excluded by policy,
Glens Course,out_of_scope,scotland,not_a_club,0,,"a course name, not a club name; nothing to search on",
Gullane Childrens Course,out_of_scope,scotland,not_a_club,0,,"a course name, not a club name; nothing to search on",
Haddington Golf Course,out_of_scope,scotland,golfnow,0,,GolfNow/TeeItUp only — excluded by policy,
Halkett Course,out_of_scope,scotland,not_a_club,0,,"a course name, not a club name; nothing to search on",
Kempston Course,out_of_scope,scotland,not_a_club,0,,"a course name, not a club name; nothing to search on",
Lansdowne Course,out_of_scope,scotland,not_a_club,0,,"a course name, not a club name; nothing to search on",
Liberton Golf Course,out_of_scope,scotland,golfnow,0,,GolfNow/TeeItUp only — excluded by policy,
Maybole Golf Course,out_of_scope,scotland,golfnow,0,,GolfNow/TeeItUp only — excluded by policy,
Medal Course,out_of_scope,scotland,not_a_club,0,,"a course name, not a club name; nothing to search on",
Pitlochry Putting Green,out_of_scope,scotland,not_a_club,0,,not a club a visitor books a round at,
Rosemount Course,out_of_scope,scotland,not_a_club,0,,"a course name, not a club name; nothing to search on",
The Bruce,out_of_scope,scotland,not_a_club,0,,"a course name, not a club name; nothing to search on",
The Carnoustie Buddon Course,out_of_scope,scotland,not_a_club,0,,"a course name, not a club name; nothing to search on",
The Carnoustie Burnside Course,out_of_scope,scotland,not_a_club,0,,"a course name, not a club name; nothing to search on",
The Carnoustie Championship Course,out_of_scope,scotland,not_a_club,0,,"a course name, not a club name; nothing to search on",
The Dornock Course,out_of_scope,scotland,not_a_club,0,,"a course name, not a club name; nothing to search on",
The Montgomery,out_of_scope,scotland,not_a_club,0,,"a course name, not a club name; nothing to search on",
The Nestie,out_of_scope,scotland,not_a_club,0,,"a course name, not a club name; nothing to search on",
Turnberry,out_of_scope,scotland,golfnow,0,,GolfNow/TeeItUp only — excluded by policy,https://www.turnberry.co.uk/default.aspx?p=TrackHyperlink&URL=https%3a%2f%2ftrump-turnberry-resort-3-courses.book.teeitup.com%2f&ssid=112365314740&fid=14019654133
Arscott,out_of_scope,shropshire,golfnow,0,,GolfNow/TeeItUp only — excluded by policy,https://091307cb-a6d5-4cc3-8714-39354a7b5824.play.teeitup.golf/
Hawkstone Course,out_of_scope,shropshire,not_a_club,0,,"a course name, not a club name; nothing to search on",
Saphire Course,out_of_scope,shropshire,not_a_club,0,,"a course name, not a club name; nothing to search on",
Worlebury Golf Course,out_of_scope,somerset,golfnow,0,,GolfNow/TeeItUp only — excluded by policy,
18 hole Blue Monster Course,out_of_scope,southyorkshire,not_a_club,0,,"a course name, not a club name; nothing to search on",
The Range Woodfarm,out_of_scope,staffordshire,not_a_club,0,,not a club a visitor books a round at,
Gunton Hall Pitch and Putt,out_of_scope,suffolk,not_a_club,0,,not a club a visitor books a round at,
Sleepy Hole Golf Course,out_of_scope,suffolk,golfnow,0,,GolfNow/TeeItUp only — excluded by policy,https://sleepy-hole-golf-course.book.teeitup.com
Stoke by Nayland Resort - Constable Course,out_of_scope,suffolk,not_a_club,0,,"a course name, not a club name; nothing to search on",
Stoke by Nayland Resort - Gainsborough Course,out_of_scope,suffolk,not_a_club,0,,"a course name, not a club name; nothing to search on",
Suffolk Golf Course,out_of_scope,suffolk,golfnow,0,,GolfNow/TeeItUp only — excluded by policy,https://suffolk-golf-course.book.teeitup.golf
Cranleigh School Golf Course,out_of_scope,surrey,not_a_club,0,,not a club a visitor books a round at,
Frimley Lodge Pitch and Putt,out_of_scope,surrey,not_a_club,0,,not a club a visitor books a round at,
Main Course,out_of_scope,surrey,not_a_club,0,,"a course name, not a club name; nothing to search on",
The Church,out_of_scope,surrey,not_a_club,0,,"a course name, not a club name; nothing to search on",
The Garden,out_of_scope,surrey,not_a_club,0,,"a course name, not a club name; nothing to search on",
The Mill,out_of_scope,surrey,not_a_club,0,,"a course name, not a club name; nothing to search on",
TopGolf Surrey,out_of_scope,surrey,not_a_club,0,,not a club a visitor books a round at,
Aberdulais Golf Range & Academy,out_of_scope,wales,not_a_club,0,,not a club a visitor books a round at,
Celtic Manor Montgomerie Course,out_of_scope,wales,not_a_club,0,,"a course name, not a club name; nothing to search on",
Indoor Golf at Redz,out_of_scope,wales,not_a_club,0,,not a club a visitor books a round at,
St Pierre Mathern Course,out_of_scope,wales,not_a_club,0,,"a course name, not a club name; nothing to search on",
St Pierre Old Course,out_of_scope,wales,not_a_club,0,,"a course name, not a club name; nothing to search on",
Tycroes Golf Range,out_of_scope,wales,not_a_club,0,,not a club a visitor books a round at,
Golf Range,out_of_scope,warwickshire,not_a_club,0,,not a club a visitor books a round at,
18-hole pitch and putt course,out_of_scope,westmidlands,not_a_club,0,,not a club a visitor books a round at,
Handsworth Golf Club,out_of_scope,westmidlands,golfnow,0,,GolfNow/TeeItUp only — excluded by policy,
War Memorial Park 'FootGolf' Course,out_of_scope,westmidlands,not_a_club,0,,not a club a visitor books a round at,
Ben Rhydding Golf Club,out_of_scope,westyorkshire,golfnow,0,,GolfNow/TeeItUp only — excluded by policy,
Thornes Park Pitch and Putt,out_of_scope,westyorkshire,not_a_club,0,,not a club a visitor books a round at,
Ravenmeadow Pitch and Putt,out_of_scope,worcestershire,not_a_club,0,,not a club a visitor books a round at,
Worcester Golf Range,out_of_scope,worcestershire,not_a_club,0,,not a club a visitor books a round at,
Abbotsley Golf Hotel,unresolved,bedfordshire,unknown,0,,site reachable (https://www.abbotsley.com/) but no visitor booking found on it or 0 sub-page(s),
Beadlow Manor,unresolved,bedfordshire,no_site,0,,no working website found,
Bedfordshire Golf Club,unresolved,bedfordshire,intelligent_golf,0,,intelligent_golf seen but no confirmed public visitor sheet — worth another look,
Caddington Golf Club,unresolved,bedfordshire,no_site,0,,no working website found,
Chalgrave Manor Golf Club,unresolved,bedfordshire,unknown,0,,homepage loaded (https://chalgravegolf.co.uk/) but no platform signal found on it or 2 booking-ish link(s),
Colmworth and North Beds Golf Club,unresolved,bedfordshire,chronogolf,0,,chronogolf seen but no confirmed public visitor sheet — worth another look,https://www.chronogolf.com/club/colmworth-golf-club
Colworth Golf Club,unresolved,bedfordshire,unknown,0,,homepage loaded (https://sharnbrookgolfclub.co.uk/) but no platform signal found on it or 0 booking-ish link(s,
Henlow Golf Club,unresolved,bedfordshire,unknown,0,,homepage loaded (https://henlowgolfclub.com/) but no platform signal found on it or 3 booking-ish link(s),
Kingsway Golf Centre Biggleswade,unresolved,bedfordshire,chronogolf,0,,chronogolf seen but no confirmed public visitor sheet — worth another look,https://www.chronogolf.com/club/19693/widget?medium=widget&source=club#?date=2025-12-15
Luton Hoo Golf Course,unresolved,bedfordshire,unknown,0,,site reachable (https://www.lutonhoo.co.uk/) but no visitor booking found on it or 2 sub-page(s),
Pavenham Park Golf Club,unresolved,bedfordshire,unknown,0,,homepage loaded (https://www.pavenhampark.com/) but no platform signal found on it or 1 booking-ish link(s),
Sharnbrook Golf Club,unresolved,bedfordshire,unknown,0,,homepage loaded (https://sharnbrookgolfclub.co.uk/) but no platform signal found on it or 0 booking-ish link(s,
Stockwood Park Golf Centre,unresolved,bedfordshire,error,0,,site refused or failed to load,
Wyboston Lakes Golf Course,unresolved,bedfordshire,unknown,0,,homepage loaded (https://www.wybostonlakesgolfclub.co.uk/) but no platform signal found on it or 1 booking-ish,
Bearwood Lakes Golf Club,unresolved,berkshire,unknown,0,,homepage loaded (https://www.bearwoodlakes.co.uk/) but no platform signal found on it or 1 booking-ish link(s),
Bisham Abbey Golf Club,unresolved,berkshire,no_site,0,,no working website found,
Castle Royle Golf & Country Club,unresolved,berkshire,unknown,0,,homepage loaded (https://www.theclubcompany.com/castle-royle) but no platform signal found on it or 2 booking-,
Datchet Golf Club,unresolved,berkshire,unknown,0,,homepage loaded (https://www.datchetgolfclub.co.uk/) but no platform signal found on it or 4 booking-ish link(,
Downshire Golf Complex,unresolved,berkshire,unknown,0,,homepage loaded (https://www.downshiregolf.co.uk/) but no platform signal found on it or 2 booking-ish link(s),
Eton College Golf Course,unresolved,berkshire,unknown,0,,homepage loaded (https://www.etoncollege.com/) but no platform signal found on it or 3 booking-ish link(s),
GolfPlex Entertainment Centre,unresolved,berkshire,unknown,0,,homepage loaded (https://golfplex.co.uk/) but no platform signal found on it or 2 booking-ish link(s),
Home Park Golf Course,unresolved,berkshire,no_site,0,,no working website found,
Lavender Park Golf Centre,unresolved,berkshire,unknown,0,,homepage loaded (https://lavenderparkgolf.co.uk/) but no platform signal found on it or 3 booking-ish link(s),
Mill Ride Golf & Country Club,unresolved,berkshire,intelligent_golf,0,,intelligent_golf seen but no confirmed public visitor sheet — worth another look,https://www.mill-ride.com/visitorbooking
Oakley Court Hotel Golf Course,unresolved,berkshire,error,0,,site refused or failed to load,
Reading Golf Club,unresolved,berkshire,error,0,,site refused or failed to load,
Sand Martins Golf Club,unresolved,berkshire,unknown,0,,homepage loaded (https://www.sandmartins.com/) but no platform signal found on it or 5 booking-ish link(s),
Sonning Golf Club,unresolved,berkshire,intelligent_golf,0,,intelligent_golf seen but no confirmed public visitor sheet — worth another look,https://sonning.intelligentgolf.co.uk/visitorbooking/
Sunningdale Golf Club,unresolved,berkshire,intelligent_golf,0,,intelligent_golf seen but no confirmed public visitor sheet — worth another look,https://www.sunningdalegolfclub.co.uk/visitorbooking/
Swinley Forest Golf Club,unresolved,berkshire,no_site,0,,no working website found,
Wessex Downs Golf Course,unresolved,berkshire,no_site,0,,no working website found,
Wokefield Park,unresolved,berkshire,no_site,0,,no working website found,
Wokingham Family Golf,unresolved,berkshire,unknown,0,,homepage loaded (https://www.wokinghamfamilygolf.co.uk/) but no platform signal found on it or 2 booking-ish l,
Bow Brickhill Heath,unresolved,buckinghamshire,no_site,0,,no working website found,
Buckinghamshire Golf Course,unresolved,buckinghamshire,intelligent_golf,0,,intelligent_golf seen but no confirmed public visitor sheet — worth another look,
Chiltern Hills Golf Course,unresolved,buckinghamshire,no_site,0,,no working website found,
Gerrards Cross Golf Club,unresolved,buckinghamshire,no_site,0,,no working website found,
Harewood Downs Golf Course,unresolved,buckinghamshire,no_site,0,,no working website found,
Hazlemere Golf Club,unresolved,buckinghamshire,unknown,0,,site reachable (https://www.hazlemeregolfclub.co.uk/) but no visitor booking found on it or 0 sub-page(s),
Hedsor Golf Course,unresolved,buckinghamshire,unknown,0,,homepage loaded (https://hedsorgolfcourse.co.uk/) but no platform signal found on it or 1 booking-ish link(s),
Lambourne Golf Club,unresolved,buckinghamshire,intelligent_golf,0,,intelligent_golf seen but no confirmed public visitor sheet — worth another look,https://www.intelligentgolf.co.uk
Ley Hill GC,unresolved,buckinghamshire,no_site,0,,no working website found,
Magnolia Park,unresolved,buckinghamshire,unknown,0,,homepage loaded (https://magnoliapark.co.uk/) but no platform signal found on it or 0 booking-ish link(s),
Mentmore Golf and Country Club,unresolved,buckinghamshire,no_site,0,,no working website found,
Silverstone Golf Club,unresolved,buckinghamshire,unknown,0,,homepage loaded (https://www.silverstonegolfclub.co.uk/) but no platform signal found on it or 3 booking-ish l,
Stoke Park Golf Course,unresolved,buckinghamshire,dead_link,0,,no working website found,
The South Buckinghamshire Golf Course,unresolved,buckinghamshire,unknown,0,,homepage loaded (https://thesouthbuckinghamshire.co.uk/) but no platform signal found on it or 0 booking-ish l,
Thorney Park Golf Club,unresolved,buckinghamshire,unknown,0,,homepage loaded (https://thorneypark.com/) but no platform signal found on it or 2 booking-ish link(s),
Weston Turville  Golf Club,unresolved,buckinghamshire,unknown,0,,site reachable (https://buydomainnames.co.uk/domain/westonturvillegc.co.uk?offer=parked) but no visitor bookin,
Windmill Hill Golf Centre,unresolved,buckinghamshire,unknown,0,,homepage loaded (https://www.windmillhillgc.co.uk/) but no platform signal found on it or 1 booking-ish link(s,
Woburn Golf Club,unresolved,buckinghamshire,no_site,0,,no working website found,
Brampton Park Golf Club,unresolved,cambridgeshire,clubv1,0,,clubv1 seen but no confirmed public visitor sheet — worth another look,https://default.hub.clubv1.com/
Ely On Par Golf Club,unresolved,cambridgeshire,unknown,0,,homepage loaded (https://elydrivingrange.co.uk/) but no platform signal found on it or 2 booking-ish link(s),
Heydon Grange Golf & Country Club,unresolved,cambridgeshire,unknown,0,,homepage loaded (https://www.heydongrangegolf.co.uk/) but no platform signal found on it or 4 booking-ish link,
Kawartha Golf & Country Club,unresolved,cambridgeshire,no_site,0,,no working website found,
Kingsway Golf Club,unresolved,cambridgeshire,chronogolf,0,,chronogolf seen but no confirmed public visitor sheet — worth another look,https://www.chronogolf.com/club/19693/widget?medium=widget&source=club
Lakeside Lodge Golf & Country Club,unresolved,cambridgeshire,esp,0,,esp seen but no confirmed public visitor sheet — worth another look,
Liftlock Golf Club,unresolved,cambridgeshire,no_site,0,,no working website found,
Meridian Golf hole #1,unresolved,cambridgeshire,no_site,0,,no working website found,
Peterborough Golf & Country Club,unresolved,cambridgeshire,no_site,0,,no working website found,
St Ives Golf Club,unresolved,cambridgeshire,chronogolf,0,,chronogolf seen but no confirmed public visitor sheet — worth another look,https://www.chronogolf.com/club/st-ives-hunts-golf-club
St Neots Golf Club,unresolved,cambridgeshire,error,0,,site refused or failed to load,
Stilton Oaks Golf Course,unresolved,cambridgeshire,no_site,0,,no working website found,
Tydd St Giles Golf Course,unresolved,cambridgeshire,error,0,,site refused or failed to load,
Wandlebury,unresolved,cambridgeshire,brs,0,,brs seen but no confirmed public visitor sheet — worth another look,
Whaddon Golf Centre,unresolved,cambridgeshire,no_site,0,,no working website found,
Adlington Golf Centre,unresolved,cheshire,unknown,0,,homepage loaded (https://adlingtongolfcentre.co.uk/) but no platform signal found on it or 4 booking-ish link(,
Alsager Golf and Country Club,unresolved,cheshire,brs,0,,brs seen but no confirmed public visitor sheet — worth another look,
Antrobus Golf Course,unresolved,cheshire,no_site,0,,no working website found,
Astbury Golf Course,unresolved,cheshire,clubv1,0,,clubv1 seen but no confirmed public visitor sheet — worth another look,
Cheshire Golf Course,unresolved,cheshire,unknown,0,,homepage loaded (https://www.cheshiregolf.org.uk/) but no platform signal found on it or 1 booking-ish link(s),
Croft Golf Centre,unresolved,cheshire,unknown,0,,homepage loaded (https://www.croftgolfcentre.co.uk/) but no platform signal found on it or 1 booking-ish link(,
Ellesmere Port Golf Club,unresolved,cheshire,no_site,0,,no working website found,
Hartford Golf Club,unresolved,cheshire,unknown,0,,homepage loaded (https://www.hartfordgolfclub.co.uk/) but no platform signal found on it or 3 booking-ish link,
Macclesfield Golf Club,unresolved,cheshire,no_site,0,,no working website found,
Malkins Bank Golf Course,unresolved,cheshire,unknown,0,,homepage loaded (https://malkinsbankgolfclub.co.uk/) but no platform signal found on it or 0 booking-ish link(,
Marton Meadows Golf Course,unresolved,cheshire,error,0,,site refused or failed to load,
Mere Golf and Country Club,unresolved,cheshire,unknown,0,,homepage loaded (https://www.fairmont.com/en/hotels/mere/fairmont-cheshire-the-mere.html) but no platform sign,
Mottram Hall Golf Club,unresolved,cheshire,no_site,0,,no working website found,
Nicklaus Golf Course,unresolved,cheshire,no_site,0,,no working website found,
Pott Shrigley Golf Club,unresolved,cheshire,no_site,0,,no working website found,
Poulton Golf Club,unresolved,cheshire,no_site,0,,no working website found,
Pryors Hayes Golf Club,unresolved,cheshire,unknown,0,,homepage loaded (https://competitions.pryorshayes.co.uk/) but no platform signal found on it or 0 booking-ish ,
Styal Golf Club,unresolved,cheshire,no_site,0,,no working website found,
Sutton Hall Golf Club,unresolved,cheshire,unknown,0,,homepage loaded (https://www.suttonhallgolf.co.uk/) but no platform signal found on it or 0 booking-ish link(s,
TFG Golf Course (Penketh),unresolved,cheshire,no_site,0,,no working website found,
True Fit Golf Centre,unresolved,cheshire,unknown,0,,homepage loaded (https://truefitgolfcentre.com/) but no platform signal found on it or 0 booking-ish link(s),
Tytherington Golf Club,unresolved,cheshire,no_site,0,,no working website found,
Vale Royal Golf Club,unresolved,cheshire,no_site,0,,no working website found,
Warrington Golf Club,unresolved,cheshire,intelligent_golf,0,,intelligent_golf seen but no confirmed public visitor sheet — worth another look,https://www.warringtongolfclub.co.uk/visitorbooking/
Westminster Park Municipal Golf Course,unresolved,cheshire,gladstone,0,,gladstone seen but no confirmed public visitor sheet — worth another look,https://brio.gladstonego.cloud/book
Woodside Golf Club,unresolved,cheshire,no_site,0,,no working website found,
Wychwood Park Golf Club,unresolved,cheshire,no_site,0,,no working website found,
Archie's Family Golf Centre,unresolved,cornwall,no_site,0,,no working website found,
Atlantic Reach Golf Course,unresolved,cornwall,unknown,0,,homepage loaded (https://atlanticreach.co.uk/) but no platform signal found on it or 7 booking-ish link(s),
China Fleet Country Club,unresolved,cornwall,esp,0,,esp seen but no confirmed public visitor sheet — worth another look,https://www.e-s-p.com/elitelive/book_group.php
Clowance Golf Course,unresolved,cornwall,no_site,0,,no working website found,
Falmouth Golf Club,unresolved,cornwall,unknown,0,,homepage loaded (https://www.abovethebay.co.uk/golf) but no platform signal found on it or 4 booking-ish link(,
Gillyflower Golf,unresolved,cornwall,no_site,0,,no working website found,
GwelanMor Golf Course,unresolved,cornwall,unknown,0,,homepage loaded (https://cove.co.uk/other-resorts-and-scenic-parks/) but no platform signal found on it or 4 b,
Helston Golf Course,unresolved,cornwall,no_site,0,,no working website found,
Holywell Bay Golf Club,unresolved,cornwall,unknown,0,,homepage loaded (https://holywellbaygolf.co.uk/) but no platform signal found on it or 1 booking-ish link(s),
Isles-of-Scilly Golf Club,unresolved,cornwall,unknown,0,,homepage loaded (https://www.islesofscillygolfandbowlsclub.co.uk/) but no platform signal found on it or 2 boo,
Ivyleaf Golf Course,unresolved,cornwall,unknown,0,,homepage loaded (https://www.ivyleafgolf.com/) but no platform signal found on it or 1 booking-ish link(s),
Looe Golf Club,unresolved,cornwall,error,0,,site refused or failed to load,
Praa Sands Golf Course,unresolved,cornwall,unknown,0,,homepage loaded (https://haulfrynholidays.co.uk/holidays/welcome-to-praa-sands-holiday-park/) but no platform ,
Radnor Golf and Leisure,unresolved,cornwall,intelligent_golf,0,,intelligent_golf seen but no confirmed public visitor sheet — worth another look,
Retallack Resort Pitch and Putt Golf Course,unresolved,cornwall,error,0,,site refused or failed to load,
Sea Acres 9 hole course,unresolved,cornwall,unknown,0,,homepage loaded (https://www.parkdeanresorts.co.uk/location/cornwall/sea-acres/) but no platform signal found ,
St Kew Golf Club,unresolved,cornwall,unknown,0,,site reachable (https://stkewgc.com/) but no visitor booking found on it or 0 sub-page(s),
Summerheights Golf Links,unresolved,cornwall,no_site,0,,no working website found,
The Carlyon Bay Hotel Golf Club,unresolved,cornwall,brs,0,,brs seen but no confirmed public visitor sheet — worth another look,
Tregenna Castle Resort,unresolved,cornwall,dead_link,0,,no working website found,
Treloy Golf Club,unresolved,cornwall,unknown,0,,homepage loaded (https://treloygolfclub.co.uk/) but no platform signal found on it or 1 booking-ish link(s),
Trethorne Golf Club,unresolved,cornwall,unknown,0,,homepage loaded (https://trethornegolfclub.com/) but no platform signal found on it or 6 booking-ish link(s),
Trevose Golf & Country Club,unresolved,cornwall,brs,0,,brs seen but no confirmed public visitor sheet — worth another look,
West Cornwall Golf Club,unresolved,cornwall,error,0,,site refused or failed to load,
Beckside Golf Club,unresolved,cumbria,unknown,0,,homepage loaded (https://golfdealfinder.com/golf-courses/england/beckside-golf-club) but no platform signal fo,
Brayton Park Golf Club,unresolved,cumbria,unknown,0,,homepage loaded (https://www.braytonpark.co.uk/) but no platform signal found on it or 3 booking-ish link(s),
Carus Green Golf Club,unresolved,cumbria,unknown,0,,homepage loaded (https://www.carusgreen.co.uk/) but no platform signal found on it or 5 booking-ish link(s),
Casterton Golf Course,unresolved,cumbria,brs,0,,brs seen but no confirmed public visitor sheet — worth another look,
Casterton Par-3 Course,unresolved,cumbria,brs,0,,brs seen but no confirmed public visitor sheet — worth another look,
Cockermouth Golf Club,unresolved,cumbria,brs,0,,brs seen but no confirmed public visitor sheet — worth another look,
Cowanhead Estate Golf Course,unresolved,cumbria,error,0,,site refused or failed to load,
Dalston Hall Holiday Park golf course,unresolved,cumbria,unknown,0,,homepage loaded (https://www.dalstonhallholidaypark.co.uk/) but no platform signal found on it or 0 booking-is,
Dunnerholme Golf Course,unresolved,cumbria,brs,0,,brs seen but no confirmed public visitor sheet — worth another look,
Eccle Riggs Leisure Club,unresolved,cumbria,unknown,0,,homepage loaded (https://eccleriggsleisureclub.co.uk/) but no platform signal found on it or 0 booking-ish lin,
Eskdale Golf Course,unresolved,cumbria,unknown,0,,site reachable (https://eskdalegolf.co.uk/) but no visitor booking found on it or 0 sub-page(s),
Maryport Golf Club,unresolved,cumbria,unknown,0,,homepage loaded (https://www.manchestereveningnews.co.uk/special-features/betting-sites-uk-popular-bookmakers-,
Penrith Golf Hub,unresolved,cumbria,unknown,0,,homepage loaded (https://www.penrithgolfhub.co.uk/) but no platform signal found on it or 0 booking-ish link(s,
Rampside Golf,unresolved,cumbria,no_site,0,,no working website found,
Riverside Public Golf Course,unresolved,cumbria,unknown,0,,homepage loaded (https://www.riverside-golf-club.co.uk/) but no platform signal found on it or 1 booking-ish l,
Silecroft Golf Club,unresolved,cumbria,unknown,0,,homepage loaded (https://silecroftgolfclub.co.uk/) but no platform signal found on it or 5 booking-ish link(s),
Stony Holme Golf Club,unresolved,cumbria,error,0,,site refused or failed to load,
Ashbourne Golf Club,unresolved,derbyshire,brs,0,,brs seen but no confirmed public visitor sheet — worth another look,
Barlborough Links Golf Club,unresolved,derbyshire,no_site,0,,no working website found,
Birchall Golf and Leisure,unresolved,derbyshire,no_site,0,,no working website found,
Birley Wood Golf Club,unresolved,derbyshire,no_site,0,,no working website found,
Brailsford Golf Course,unresolved,derbyshire,brs,0,,brs seen but no confirmed public visitor sheet — worth another look,
Breadsall Priory Golf Course - Moorland Course,unresolved,derbyshire,no_site,0,,no working website found,
Breadsall Priory Golf Course - Priory Course,unresolved,derbyshire,dead_link,0,,no working website found,
Broughton Heath Golf Course,unresolved,derbyshire,dead_link,0,,no working website found,
Burton-on-Trent Golf Club,unresolved,derbyshire,error,0,,site refused or failed to load,
Chevin Vale Golf Course,unresolved,derbyshire,no_site,0,,no working website found,
Derby Golf Centre,unresolved,derbyshire,unknown,0,,homepage loaded (https://derbygolfacademy.wordpress.com/) but no platform signal found on it or 1 booking-ish ,
Dore and Totley Golf Club,unresolved,derbyshire,no_site,0,,no working website found,
Glossop & District Golf Club,unresolved,derbyshire,no_site,0,,no working website found,
Horsley Lodge Golf Club,unresolved,derbyshire,intelligent_golf,0,,intelligent_golf seen but no confirmed public visitor sheet — worth another look,
Kedleston Park Golf Club,unresolved,derbyshire,intelligent_golf,0,,intelligent_golf seen but no confirmed public visitor sheet — worth another look,https://www.kedlestonparkgolfclub.co.uk/visitorbooking/
Manor (Laceby) Golf Club,unresolved,derbyshire,no_site,0,,no working website found,
South Chesterfield Golf Club,unresolved,derbyshire,no_site,0,,no working website found,
Stanedge Golf Club,unresolved,derbyshire,brs,0,,brs seen but no confirmed public visitor sheet — worth another look,
Swadlincote Golf Centre,unresolved,derbyshire,unknown,0,,homepage loaded (https://justgolfswadlincote.com/) but no platform signal found on it or 5 booking-ish link(s),
Tapton Park Golf Club,unresolved,derbyshire,unknown,0,,homepage loaded (https://taptonparkgolfclub.com/) but no platform signal found on it or 0 booking-ish link(s),
Tapton Park Golf Club (Dobbin Course),unresolved,derbyshire,no_site,0,,no working website found,
The Pastures Golf Club,unresolved,derbyshire,unknown,0,,homepage loaded (https://pasturesgolfclub.co.uk/) but no platform signal found on it or 4 booking-ish link(s),
Ashbury Golf Course,unresolved,devon,error,0,,site refused or failed to load,
Bay Hotel Golf Course,unresolved,devon,no_site,0,,no working website found,
Boringdon Park Golf Club,unresolved,devon,unknown,0,,site reachable (https://boringdonpark.com/) but no visitor booking found on it or 1 sub-page(s),
Bovey Castle Golf Course,unresolved,devon,unknown,0,,homepage loaded (https://www.boveycastle.com/) but no platform signal found on it or 13 booking-ish link(s),
Clovelly Golf Course,unresolved,devon,no_site,0,,no working website found,
Dawlish Approach Golf,unresolved,devon,no_site,0,,no working website found,
Dawlish Warren Golf Club,unresolved,devon,brs,0,,brs seen but no confirmed public visitor sheet — worth another look,
Devon Golf & Conference Centre,unresolved,devon,no_site,0,,no working website found,
Dinnaton Golf Course,unresolved,devon,no_site,0,,no working website found,
East Devon Golf Club,unresolved,devon,unknown,0,,site reachable (https://www.edgc.co.uk/) but no visitor booking found on it or 0 sub-page(s),
Fingle Glen Golf Club,unresolved,devon,unknown,0,,site reachable (https://yctrust.uk/) but no visitor booking found on it or 0 sub-page(s),
Great Torrington Golf Club,unresolved,devon,unknown,0,,site reachable (https://www.torringtongolfclub.co.uk/) but no visitor booking found on it or 3 sub-page(s),
Hartland Forest,unresolved,devon,unknown,0,,homepage loaded (https://hartlandforestgolfclub.co.uk/) but no platform signal found on it or 0 booking-ish li,
Highbullen Golf Course,unresolved,devon,no_site,0,,no working website found,
Ilfracombe Golf Club,unresolved,devon,brs,0,,brs seen but no confirmed public visitor sheet — worth another look,
Libbaton Golf Club,unresolved,devon,error,0,,site refused or failed to load,
Mettaford Golf Course,unresolved,devon,no_site,0,,no working website found,
Mortehoe and Woolacombe Golf Club,unresolved,devon,unknown,0,,homepage loaded (https://www.woolacombe.co.uk/devon-holidays/golf-breaks) but no platform signal found on it o,
Oak Meadow Golf Club,unresolved,devon,no_site,0,,no working website found,
Otter Valley Golf Centre,unresolved,devon,error,0,,site refused or failed to load,
Plymouth Golf Centre,unresolved,devon,no_site,0,,no working website found,
Sparkwell Golf Course,unresolved,devon,no_site,0,,no working website found,
Teign Valley Golf Club,unresolved,devon,unknown,0,,site reachable (https://buydomainnames.co.uk/domain/teignvalleygolf.co.uk?offer=parked) but no visitor booking,
Thorn Park Golf Centre,unresolved,devon,no_site,0,,no working website found,
Vic Ambler Golf Centre,unresolved,devon,no_site,0,,no working website found,
Warren Golf Club (Devon) Golf Club,unresolved,devon,brs,0,,brs seen but no confirmed public visitor sheet — worth another look,
Welbeck Manor Golf Club,unresolved,devon,error,0,,site refused or failed to load,
Westcountry Golf Academy,unresolved,devon,unknown,0,,homepage loaded (https://www.wgagolf.co.uk/) but no platform signal found on it or 1 booking-ish link(s),
Willingcott Valley Golf Course,unresolved,devon,no_site,0,,no working website found,
Wrangaton Golf Course,unresolved,devon,no_site,0,,no working website found,
Barnbougle Dunes Golf Course,unresolved,dorset,no_site,0,,no working website found,
Barnbougle Lost Farm Golf Course,unresolved,dorset,no_site,0,,no working website found,
Canford Golf Club,unresolved,dorset,unknown,0,,homepage loaded (https://www.canford.com/golf-club) but no platform signal found on it or 3 booking-ish link(s,
Charminster Golf Club,unresolved,dorset,error,0,,site refused or failed to load,
Dudmoor Farm Golf Course,unresolved,dorset,unknown,0,,homepage loaded (https://dudmoorfarmgolfcourse.co.uk/) but no platform signal found on it or 1 booking-ish lin,
Dudsbury Golf Club & Hotel,unresolved,dorset,unknown,0,,site reachable (https://dudsburygolfclub.co.uk/) but no visitor booking found on it or 0 sub-page(s),
Ferndown Forest Golf Club,unresolved,dorset,golf_manager,0,,golf_manager seen but no confirmed public visitor sheet — worth another look,https://eu.golfmanager.com/ferndownforest/consumer/book?area=100&resourceType=100
Folke Golf Centre,unresolved,dorset,error,0,,site refused or failed to load,
Hamworthy Club,unresolved,dorset,unknown,0,,homepage loaded (https://www.hamworthyclub.co.uk/) but no platform signal found on it or 2 booking-ish link(s),
Kirkwood Park,unresolved,dorset,no_site,0,,no working website found,
Knighton Heath Golf Course,unresolved,dorset,unknown,0,,homepage loaded (https://www.knightonheathgolfclub.co.uk/) but no platform signal found on it or 4 booking-ish,
Merley Park Golf Course,unresolved,dorset,intelligent_golf,0,,intelligent_golf seen but no confirmed public visitor sheet — worth another look,
Milton Abbey Golf Course,unresolved,dorset,unknown,0,,homepage loaded (https://www.miltonabbey.co.uk/) but no platform signal found on it or 1 booking-ish link(s),
Moorina Golf Club,unresolved,dorset,no_site,0,,no working website found,
Moors Valley Golf Course,unresolved,dorset,unknown,0,,homepage loaded (https://moors-valley.co.uk/wp-content/uploads/Golf-course.webp) but no platform signal found ,
Parkstone Golf Club,unresolved,dorset,error,0,,site refused or failed to load,
Remedy Oak,unresolved,dorset,intelligent_golf,0,,intelligent_golf seen but no confirmed public visitor sheet — worth another look,
Ringarooma Golf Course,unresolved,dorset,no_site,0,,no working website found,
Scottsdale Golf Course,unresolved,dorset,no_site,0,,no working website found,
Sherborne Golf Club,unresolved,dorset,error,0,,site refused or failed to load,
Solent Meads Golf Centre,unresolved,dorset,unknown,0,,homepage loaded (https://www.solentmeads.com/) but no platform signal found on it or 1 booking-ish link(s),
Swanage Golf Games,unresolved,dorset,unknown,0,,homepage loaded (https://swanagegolfgames.com/) but no platform signal found on it or 1 booking-ish link(s),
The Dorset Golf & Country Club & Resort,unresolved,dorset,unknown,0,,site reachable (https://www.dorsetgolfresort.com/) but no visitor booking found on it or 4 sub-page(s),
Weymouth Golf Club,unresolved,dorset,brs,0,,brs seen but no confirmed public visitor sheet — worth another look,
Wolfedale Golf Course,unresolved,dorset,no_site,0,,no working website found,
Bridlington Links Golf & Leisure Estate,unresolved,eastyorkshire,error,0,,site refused or failed to load,
Cave Castle Golf Club,unresolved,eastyorkshire,unknown,0,,site reachable (https://cavecastlegolfclub.co.uk/) but no visitor booking found on it or 0 sub-page(s),
Cherry Burton Golf Course,unresolved,eastyorkshire,no_site,0,,no working website found,
Far Grange Park & Golf Club,unresolved,eastyorkshire,error,0,,site refused or failed to load,
Flamborough Head Golf Club,unresolved,eastyorkshire,unknown,0,,homepage loaded (https://flamboroughheadgolfclub.co.uk/) but no platform signal found on it or 2 booking-ish l,
Hainsworth Park Golf Club,unresolved,eastyorkshire,no_site,0,,no working website found,
Hessle Golf Club,unresolved,eastyorkshire,brs,0,,brs seen but no confirmed public visitor sheet — worth another look,
Hornsea Golf Club,unresolved,eastyorkshire,brs,0,,brs seen but no confirmed public visitor sheet — worth another look,
Sewerby Park & Pitch and Putt,unresolved,eastyorkshire,unknown,0,,site reachable (https://www.sewerbyhall.co.uk/) but no visitor booking found on it or 2 sub-page(s),
Springhead Golf Course,unresolved,eastyorkshire,no_site,0,,no working website found,
Sutton Park Golf Course,unresolved,eastyorkshire,unknown,0,,homepage loaded (https://www.suttonparkgolfclub.uk/) but no platform signal found on it or 0 booking-ish link(,
Withernsea Golf Club,unresolved,eastyorkshire,dead_link,0,,no working website found,
Ballards Gore,unresolved,essex,unknown,0,,homepage loaded (https://www.ballardsgore.com/) but no platform signal found on it or 3 booking-ish link(s),
Belfairs Golf Club,unresolved,essex,unknown,0,,homepage loaded (https://www.belfairsgolfclub.co.uk/) but no platform signal found on it or 3 booking-ish link,
Bentley Golf Course,unresolved,essex,unknown,0,,homepage loaded (https://bentleygolfclub.com/) but no platform signal found on it or 5 booking-ish link(s),
Benton Hall Golf and Country Club,unresolved,essex,unknown,0,,homepage loaded (https://www.theclubcompany.com/) but no platform signal found on it or 1 booking-ish link(s),
Birch Grove Golf Club,unresolved,essex,unknown,0,,homepage loaded (https://birchgrovegolfclub.com/) but no platform signal found on it or 3 booking-ish link(s),
Bishop's Stortford Golf Club,unresolved,essex,clubv1,0,,clubv1 seen but no confirmed public visitor sheet — worth another look,
Bunsay Downs Golf Club,unresolved,essex,unknown,0,,homepage loaded (https://www.thewarrenestate.co.uk/golf) but no platform signal found on it or 4 booking-ish l,
Channels Golf Club,unresolved,essex,no_site,0,,no working website found,
Chelmsford Golf Course,unresolved,essex,intelligent_golf,0,,intelligent_golf seen but no confirmed public visitor sheet — worth another look,https://chelmsford.intelligentgolf.co.uk/visitorbooking/
Chesterford Research Park Golf Course,unresolved,essex,no_site,0,,no working website found,
Colchester Golf Club,unresolved,essex,intelligent_golf,0,,intelligent_golf seen but no confirmed public visitor sheet — worth another look,https://www.colchestergolfclub.com/visitorbooking
Crondon Park Golf & Country Club,unresolved,essex,unknown,0,,site reachable (https://crondonpark.com) but no visitor booking found on it or 2 sub-page(s),
Crowlands Heath Golf Club,unresolved,essex,unknown,0,,homepage loaded (https://www.crowlandsheath.co.uk/) but no platform signal found on it or 1 booking-ish link(s,
Dunton Hills,unresolved,essex,no_site,0,,no working website found,
Elsenham Golf and Leisure,unresolved,essex,unknown,0,,homepage loaded (https://golfworldstansted.co.uk/) but no platform signal found on it or 2 booking-ish link(s),
Forrester Park Golf Club,unresolved,essex,unknown,0,,homepage loaded (https://www.forrester-park.co.uk/golf/) but no platform signal found on it or 6 booking-ish l,
High Beech Golf Course,unresolved,essex,unknown,0,,homepage loaded (https://highbeechgolf.com/) but no platform signal found on it or 1 booking-ish link(s),
Hylands Golf Complex & Academy,unresolved,essex,no_site,0,,no working website found,
Langdon Hills Golf and Country Club,unresolved,essex,unknown,0,,homepage loaded (https://www.langdonhillsgolfclub.co.uk/) but no platform signal found on it or 1 booking-ish ,
Loughton Golf Club,unresolved,essex,no_site,0,,no working website found,
Maldon Golf Club,unresolved,essex,unknown,0,,homepage loaded (https://www.maldongolfclub.org/) but no platform signal found on it or 1 booking-ish link(s),
North Weald Golf Course,unresolved,essex,no_site,0,,no working website found,
Orsett Golf Club,unresolved,essex,clubv1,0,,clubv1 seen but no confirmed public visitor sheet — worth another look,https://orsett.hub.clubv1.com/
Play Golf Colchester (Lexden Wood Golf Course),unresolved,essex,intelligent_golf,0,,intelligent_golf seen but no confirmed public visitor sheet — worth another look,https://www.colchestergolfclub.com/visitorbooking
Rivenhall Oaks Golf Centre,unresolved,essex,unknown,0,,homepage loaded (https://www.rivenhalloaksgolf.com/) but no platform signal found on it or 3 booking-ish link(,
Rochford Hall Golf Course,unresolved,essex,no_site,0,,no working website found,
Rochford Hundred Golf Club,unresolved,essex,intelligent_golf,0,,intelligent_golf seen but no confirmed public visitor sheet — worth another look,https://www.rochfordhundredgolfclub.co.uk/visitorbooking/
Southend-on-Sea Golf Club,unresolved,essex,unknown,0,,homepage loaded (https://southendgolf.co.uk/) but no platform signal found on it or 2 booking-ish link(s),
Stock Brook Country Club,unresolved,essex,unknown,0,,homepage loaded (https://stockbrook.com/) but no platform signal found on it or 3 booking-ish link(s),
Stock Brook Manor Golf Club,unresolved,essex,unknown,0,,homepage loaded (https://stockbrook.com/) but no platform signal found on it or 3 booking-ish link(s),
Stoke by Nayland Golf Club,unresolved,essex,unknown,0,,homepage loaded (https://www.stokebynayland.com/) but no platform signal found on it or 5 booking-ish link(s),
The Burstead Golf Club,unresolved,essex,esp,0,,esp seen but no confirmed public visitor sheet — worth another look,
The Essex Golf Academy,unresolved,essex,no_site,0,,no working website found,
The Essex Golf and Country Club,unresolved,essex,unknown,0,,homepage loaded (https://www.theclubcompany.com/) but no platform signal found on it or 1 booking-ish link(s),
The Warren Golf Club,unresolved,essex,unknown,0,,homepage loaded (https://www.thewarrenestate.co.uk/golf) but no platform signal found on it or 4 booking-ish l,
Toot Hill Golf Course,unresolved,essex,unknown,0,,homepage loaded (https://www.toothillgolfclub.co.uk/) but no platform signal found on it or 3 booking-ish link,
Alexander Park Resort Golf Club,unresolved,gloucestershire,unknown,0,,homepage loaded (https://www.apresort.co.uk/golf/) but no platform signal found on it or 5 booking-ish link(s),
Broadway Golf Club,unresolved,gloucestershire,intelligent_golf,0,,intelligent_golf seen but no confirmed public visitor sheet — worth another look,
Canons Court Golf,unresolved,gloucestershire,unknown,0,,homepage loaded (https://www.canonscourtgolf.co.uk/) but no platform signal found on it or 14 booking-ish link,
Chipping Sodbury Golf Club,unresolved,gloucestershire,intelligent_golf,0,,intelligent_golf seen but no confirmed public visitor sheet — worth another look,
Cotswold Edge Golf Club,unresolved,gloucestershire,unknown,0,,homepage loaded (https://www.cotswoldedgegolfclub.org.uk/) but no platform signal found on it or 1 booking-ish,
Cotswold Hills Golf Club,unresolved,gloucestershire,unknown,0,,homepage loaded (https://www.cotswoldhills-golfclub.com/) but no platform signal found on it or 2 booking-ish ,
Dymock Grange Golf Club,unresolved,gloucestershire,unknown,0,,homepage loaded (https://www.dymockgrangegolf.co.uk/) but no platform signal found on it or 1 booking-ish link,
Lydney Golf Club,unresolved,gloucestershire,unknown,0,,homepage loaded (https://www.lydneygolfclub.co.uk/) but no platform signal found on it or 1 booking-ish link(s,
Newent Golf Club,unresolved,gloucestershire,unknown,0,,homepage loaded (https://www.newentgolf.co.uk/) but no platform signal found on it or 1 booking-ish link(s),
Shipton Golf Course,unresolved,gloucestershire,unknown,0,,homepage loaded (https://www.shiptongolf.co.uk/) but no platform signal found on it or 2 booking-ish link(s),
Shortwood Lodge Golf Club,unresolved,gloucestershire,no_site,0,,no working website found,
Tewkesbury Park Golf Club,unresolved,gloucestershire,unknown,0,,homepage loaded (https://tewkesburypark.co.uk/) but no platform signal found on it or 4 booking-ish link(s),
The Players Club,unresolved,gloucestershire,brs,0,,brs seen but no confirmed public visitor sheet — worth another look,
Tracy Park Golf & Country Park,unresolved,gloucestershire,no_site,0,,no working website found,
Ullenwood Manor Golf Course,unresolved,gloucestershire,error,0,,site refused or failed to load,
Westonbirt Golf Course,unresolved,gloucestershire,unknown,0,,homepage loaded (https://westonbirt.org/golf-course/) but no platform signal found on it or 1 booking-ish link,
Bardsley Park Golf Centre,unresolved,greatermanchester,no_site,0,,no working website found,
Bolton Old Links Golf Course,unresolved,greatermanchester,no_site,0,,no working website found,
Bowlee Park Golf Range,unresolved,greatermanchester,error,0,,site refused or failed to load,
Boysnope Park Golf Club,unresolved,greatermanchester,unknown,0,,homepage loaded (https://boysnope-golfclub.co.uk/) but no platform signal found on it or 0 booking-ish link(s),
Bramhall Golf Club,unresolved,greatermanchester,intelligent_golf,0,,intelligent_golf seen but no confirmed public visitor sheet — worth another look,https://www.bramhallgolfclub.co.uk/visitorbooking/
Didsbury Golf Course,unresolved,greatermanchester,error,0,,site refused or failed to load,
Dunham Forest Golf and Country Club,unresolved,greatermanchester,unknown,0,,homepage loaded (https://www.dunhamforestgolf.com/) but no platform signal found on it or 0 booking-ish link(s,
Harwood Golf Club,unresolved,greatermanchester,brs,0,,brs seen but no confirmed public visitor sheet — worth another look,
Heaton Mersey Valley Golf Course,unresolved,greatermanchester,no_site,0,,no working website found,
Mariott Worsley Park Golf Club,unresolved,greatermanchester,unknown,0,,site reachable (https://www.marriott.com/en-gb/default.mi) but no visitor booking found on it or 1 sub-page(s),
Marland Golf Course,unresolved,greatermanchester,error,0,,site refused or failed to load,
Mellor and Townscliffe Golf Course,unresolved,greatermanchester,no_site,0,,no working website found,
North Manchester Golf Course,unresolved,greatermanchester,brs,0,,brs seen but no confirmed public visitor sheet — worth another look,
Porters Wood Golf Course,unresolved,greatermanchester,unknown,0,,homepage loaded (https://porterswoodgolfcourse.co.uk/) but no platform signal found on it or 0 booking-ish lin,
Reddish Vale Golf Course,unresolved,greatermanchester,no_site,0,,no working website found,
Sale Golf Club,unresolved,greatermanchester,brs,0,,brs seen but no confirmed public visitor sheet — worth another look,https://visitors.brsgolf.com/sale
Trafford Golf Centre,unresolved,greatermanchester,unknown,0,,homepage loaded (https://www.traffordgolfcentre.co.uk/) but no platform signal found on it or 3 booking-ish li,
Ampfield Golf & Country Club,unresolved,hampshire,unknown,0,,homepage loaded (https://www.ampfieldgolf.com/) but no platform signal found on it or 3 booking-ish link(s),
Army Golf Course,unresolved,hampshire,intelligent_golf,0,,intelligent_golf seen but no confirmed public visitor sheet — worth another look,
Barton on Sea Golf Club,unresolved,hampshire,intelligent_golf,0,,intelligent_golf seen but no confirmed public visitor sheet — worth another look,
Bermuda Golf Academy,unresolved,hampshire,no_site,0,,no working website found,
Bide-A-Wee Golf Course,unresolved,hampshire,no_site,0,,no working website found,
Blacknest Golf & Country Club,unresolved,hampshire,unknown,0,,homepage loaded (https://www.blacknestcountryclub.co.uk/) but no platform signal found on it or 4 booking-ish ,
Chilworth Golf Centre,unresolved,hampshire,chronogolf,0,,chronogolf seen but no confirmed public visitor sheet — worth another look,https://cdn2.chronogolf.com/widgets/v2
Denmead Golf Course,unresolved,hampshire,no_site,0,,no working website found,
Dibden Golf Centre,unresolved,hampshire,unknown,0,,homepage loaded (https://www.bramshotthillgolfclub.org/) but no platform signal found on it or 0 booking-ish l,
Eastney Pitch-and-Putt,unresolved,hampshire,no_site,0,,no working website found,
Elizabeth Manor Golf & Country Club,unresolved,hampshire,no_site,0,,no working website found,
Fleetlands Golf Club,unresolved,hampshire,intelligent_golf,0,,intelligent_golf seen but no confirmed public visitor sheet — worth another look,
Four Marks Golf,unresolved,hampshire,no_site,0,,no working website found,
Great Salterns Golf Course,unresolved,hampshire,no_site,0,,no working website found,
Hartley Wintney Golf Course,unresolved,hampshire,unknown,0,,site reachable (https://www.hartleywintneygolfclub.com/) but no visitor booking found on it or 1 sub-page(s),
Leckford Golf Course,unresolved,hampshire,error,0,,site refused or failed to load,
Meon Course,unresolved,hampshire,unknown,0,,site reachable (https://www.marriott.com/en-gb/default.mi) but no visitor booking found on it or 1 sub-page(s),
North Hants Golf Club,unresolved,hampshire,intelligent_golf,0,,intelligent_golf seen but no confirmed public visitor sheet — worth another look,https://northhants.intelligentgolf.co.uk/visitorbooking/
Ordnance Survey Golf Club,unresolved,hampshire,error,0,,site refused or failed to load,
Otterbourne Golf Course,unresolved,hampshire,unknown,0,,homepage loaded (https://www.otterbournegolfclub.com/) but no platform signal found on it or 2 booking-ish lin,
Portsmouth Golf Club,unresolved,hampshire,error,0,,site refused or failed to load,
Riversdown Golf Course,unresolved,hampshire,no_site,0,,no working website found,
Romsey Golf Club,unresolved,hampshire,unknown,0,,homepage loaded (https://www.romseygolfclub.com/) but no platform signal found on it or 10 booking-ish link(s),
Rowlands Castle Golf Course,unresolved,hampshire,unknown,0,,site reachable (https://rowlandscastlegolfclub.co.uk/) but no visitor booking found on it or 0 sub-page(s),
Sandford Springs Hotel & Golf Club,unresolved,hampshire,unknown,0,,homepage loaded (https://www.sandfordsprings.co.uk/) but no platform signal found on it or 9 booking-ish link(,
Southampton City Golf Course,unresolved,hampshire,unknown,0,,site reachable (https://southamptongolfclub.co.uk/) but no visitor booking found on it or 0 sub-page(s),
Southsea Golf Club,unresolved,hampshire,unknown,0,,homepage loaded (https://www.southsea-golf.co.uk/) but no platform signal found on it or 1 booking-ish link(s),
Swanmore Golf Centre,unresolved,hampshire,no_site,0,,no working website found,
The Hampshire Golf Club,unresolved,hampshire,brs,0,,brs seen but no confirmed public visitor sheet — worth another look,
Tournerbury Golf Course,unresolved,hampshire,intelligent_golf,0,,intelligent_golf seen but no confirmed public visitor sheet — worth another look,
Town Meadow Golf Course,unresolved,hampshire,unknown,0,,homepage loaded (https://orc.org.uk/golf/) but no platform signal found on it or 1 booking-ish link(s),
Tylney Park Golf Club,unresolved,hampshire,unknown,0,,site reachable (https://www.tylneypark.co.uk/) but no visitor booking found on it or 5 sub-page(s),
Walhampton Golf Club,unresolved,hampshire,error,0,,site refused or failed to load,
Wheatlands Golf Club,unresolved,hampshire,brs,0,,brs seen but no confirmed public visitor sheet — worth another look,https://visitors.brsgolf.com/wheatlands
Winchester Golf Academy,unresolved,hampshire,no_site,0,,no working website found,
Brockington Hall Golf Club,unresolved,herefordshire,error,0,,site refused or failed to load,
Burghill Valley Golf Club,unresolved,herefordshire,unknown,0,,homepage loaded (https://www.burghill-valley-golf-club.co.uk/) but no platform signal found on it or 0 booking,
Sapey Golf Club,unresolved,herefordshire,unknown,0,,homepage loaded (https://sapeygolf.co.uk/) but no platform signal found on it or 0 booking-ish link(s),
Summerhill Golf Club,unresolved,herefordshire,no_site,0,,no working website found,
Barkway Park Golf Club,unresolved,hertfordshire,error,0,,site refused or failed to load,
Batchwood Hall Golf Club,unresolved,hertfordshire,no_site,0,,no working website found,
Brickendon Grange Golf Club,unresolved,hertfordshire,clubv1,0,,clubv1 seen but no confirmed public visitor sheet — worth another look,https://bggc.hub.clubv1.com/Visitors/TeeSheet?date=2026-09-13
Briggens Park Golf Club,unresolved,hertfordshire,error,0,,site refused or failed to load,
Centurion Golf Club,unresolved,hertfordshire,no_site,0,,no working website found,
Chadwell Springs Golf Club,unresolved,hertfordshire,no_site,0,,no working website found,
Cheshunt Park Golf Course,unresolved,hertfordshire,dead_link,0,,no working website found,
Chorleywood Golf Club,unresolved,hertfordshire,no_site,0,,no working website found,
Dyrham Park Country Club,unresolved,hertfordshire,unknown,0,,homepage loaded (https://www.dyrhampark.com/) but no platform signal found on it or 2 booking-ish link(s),
East Herts Golf Club,unresolved,hertfordshire,unknown,0,,homepage loaded (https://www.easthertsgolfclub.co.uk/) but no platform signal found on it or 4 booking-ish lin,
Hanbury Manor Marriott Hotel & Country Club,unresolved,hertfordshire,unknown,0,,site reachable (https://www.marriott.com/en-gb/default.mi) but no visitor booking found on it or 1 sub-page(s),
Harpenden Common Golf Course,unresolved,hertfordshire,no_site,0,,no working website found,
Hartsbourne Country Club,unresolved,hertfordshire,unknown,0,,homepage loaded (https://www.hartsbournecountryclub.co.uk/) but no platform signal found on it or 0 booking-is,
Letchworth Golf Club,unresolved,hertfordshire,intelligent_golf,0,,intelligent_golf seen but no confirmed public visitor sheet — worth another look,mailto:info@intelligentgolf.co.uk
Panshanger Golf Complex,unresolved,hertfordshire,unknown,0,,site reachable (https://finesseleisure.com/) but no visitor booking found on it or 0 sub-page(s),
Radlett Golf Academy,unresolved,hertfordshire,no_site,0,,no working website found,
Rickmansworth Golf Course,unresolved,hertfordshire,no_site,0,,no working website found,
Shendish Manor Golf Course,unresolved,hertfordshire,unknown,0,,homepage loaded (https://www.shendishmanorgolfclub.co.uk/) but no platform signal found on it or 1 booking-ish,
Stevenage Golf Centre,unresolved,hertfordshire,error,0,,site refused or failed to load,
Stocks Golf Club,unresolved,hertfordshire,unknown,0,,homepage loaded (https://stocksgolfclub.co.uk/) but no platform signal found on it or 0 booking-ish link(s),
The Hertfordshire Golf & Country Club,unresolved,hertfordshire,error,0,,site refused or failed to load,
The Hertsmere,unresolved,hertfordshire,golf_manager,0,,golf_manager seen but no confirmed public visitor sheet — worth another look,https://www.thehertsmere.co.uk/the-course/pay-and-play/
The Manor of Groves Golf Course,unresolved,hertfordshire,unknown,0,,homepage loaded (https://www.manorofgroves.com/) but no platform signal found on it or 3 booking-ish link(s),
Three Lakes Golf Course,unresolved,hertfordshire,unknown,0,,homepage loaded (https://threelakespar3.co.uk/) but no platform signal found on it or 0 booking-ish link(s),
Welwyn Garden City Golf Club,unresolved,hertfordshire,unknown,0,,homepage loaded (https://www.welwyngardencitygolfclub.co.uk/) but no platform signal found on it or 2 booking-,
Wheathampstead Pay & Play Golf Course,unresolved,hertfordshire,unknown,0,,homepage loaded (https://www.wheathampsteadgolfvillage.com/) but no platform signal found on it or 1 booking-i,
Ashdown Park,unresolved,kent,unknown,0,,homepage loaded (https://www.ashdownpark.com/) but no platform signal found on it or 6 booking-ish link(s),
Sene Valley Golf Club,unresolved,kent,clubv1,0,,clubv1 seen but no confirmed public visitor sheet — worth another look,https://senevalley.hub.clubv1.com
Shooters Hill Golf Course,unresolved,kent,unknown,0,,site reachable (https://shgc.uk.com/) but no visitor booking found on it or 0 sub-page(s),
Tudor Park Country Club,unresolved,kent,unknown,0,,site reachable (https://www.marriottlifestyle.co.uk/golf-uk) but no visitor booking found on it or 0 sub-page(,
Upchurch River Valley North Course,unresolved,kent,esp,0,,esp seen but no confirmed public visitor sheet — worth another look,https://www.e-s-p.com/elitelive/login.php
Upchurch River Valley South Course,unresolved,kent,esp,0,,esp seen but no confirmed public visitor sheet — worth another look,https://www.e-s-p.com/elitelive/login.php
Upchurch River Valley West Course,unresolved,kent,esp,0,,esp seen but no confirmed public visitor sheet — worth another look,https://www.e-s-p.com/elitelive/login.php
Villa Golf Club,unresolved,kent,unknown,0,,homepage loaded (https://www.villagolfcourse.co.uk/) but no platform signal found on it or 2 booking-ish link(,
Allhallows Golf Course,unresolved,kent/sussex,no_site,0,,no working website found,
Bay View Park Executive Golf Course,unresolved,kent/sussex,no_site,0,,no working website found,
Bede's Golf Course,unresolved,kent/sussex,no_site,0,,no working website found,
Birch House Golf Course,unresolved,kent/sussex,no_site,0,,no working website found,
Burgess Hill Golf Centre,unresolved,kent/sussex,no_site,0,,no working website found,
Cottesmore Hotel Golf & Country Club,unresolved,kent/sussex,no_site,0,,no working website found,
Cowdray Park Golf Club,unresolved,kent/sussex,esp,0,,esp seen but no confirmed public visitor sheet — worth another look,
Denne Park Golf Course,unresolved,kent/sussex,no_site,0,,no working website found,
Dewlands Manor Golf Course,unresolved,kent/sussex,no_site,0,,no working website found,
East Sussex National Golf Resort and Spa,unresolved,kent/sussex,unknown,0,,homepage loaded (https://eastsussexnational.co.uk/) but no platform signal found on it or 7 booking-ish link(s,
Eastwell Manor,unresolved,kent/sussex,no_site,0,,no working website found,
Fawkham Valley Golf Club,unresolved,kent/sussex,no_site,0,,no working website found,
Gillingham Golf Club,unresolved,kent/sussex,intelligent_golf,0,,intelligent_golf seen but no confirmed public visitor sheet — worth another look,
GolfPark - Maresfield,unresolved,kent/sussex,no_site,0,,no working website found,
Great Chart Golf & Leisure,unresolved,kent/sussex,no_site,0,,no working website found,
Highwoods Golf Club,unresolved,kent/sussex,brs,0,,brs seen but no confirmed public visitor sheet — worth another look,https://visitors.brsgolf.com/highwoodsgc#/visitor-booking
Hilden Golf Centre,unresolved,kent/sussex,no_site,0,,no working website found,
Homelands Golf Centre,unresolved,kent/sussex,no_site,0,,no working website found,
Horam Park Golf Club,unresolved,kent/sussex,unknown,0,,homepage loaded (https://www.horamparkgolfclub.co.uk/) but no platform signal found on it or 2 booking-ish lin,
Horton Golf Club,unresolved,kent/sussex,no_site,0,,no working website found,
Kent & Surrey Golf & Country Club,unresolved,kent/sussex,no_site,0,,no working website found,
Manston Golf Centre,unresolved,kent/sussex,unknown,0,,homepage loaded (https://www.manstongolfcentre.co.uk/) but no platform signal found on it or 3 booking-ish lin,
Rochester and Cobham Park Golf Club,unresolved,kent/sussex,intelligent_golf,0,,intelligent_golf seen but no confirmed public visitor sheet — worth another look,
Roundwood Hall Golf Club,unresolved,kent/sussex,unknown,0,,homepage loaded (https://www.roundwoodhall.co.uk/) but no platform signal found on it or 0 booking-ish link(s),
Rustington Golf Centre,unresolved,kent/sussex,unknown,0,,homepage loaded (https://rgcgolf.com/) but no platform signal found on it or 17 booking-ish link(s),
Rye Golf Club,unresolved,kent/sussex,intelligent_golf,0,,intelligent_golf seen but no confirmed public visitor sheet — worth another look,https://www.ryegolfclub.co.uk/visitorbooking/
Sidcup Golf Club,unresolved,kent/sussex,unknown,0,,homepage loaded (https://sidcupgolfclub.co.uk/) but no platform signal found on it or 1 booking-ish link(s),
Tonbridge Golf Centre,unresolved,kent/sussex,no_site,0,,no working website found,
Wellshurst Golf and Country Club,unresolved,kent/sussex,unknown,0,,homepage loaded (https://wellshurst.com/) but no platform signal found on it or 2 booking-ish link(s),
Whitstable and Seasalter Golf Club,unresolved,kent/sussex,unknown,0,,homepage loaded (https://www.whitstable-golfclub.co.uk/) but no platform signal found on it or 4 booking-ish l,
World of Golf,unresolved,kent/sussex,no_site,0,,no working website found,
Worthing Golf Club,unresolved,kent/sussex,intelligent_golf,0,,intelligent_golf seen but no confirmed public visitor sheet — worth another look,
Wrotham Heath Golf Club,unresolved,kent/sussex,intelligent_golf,0,,intelligent_golf seen but no confirmed public visitor sheet — worth another look,
Braeside Golf Club,unresolved,kent/sussex/surrey,unknown,0,,homepage loaded (https://www.braesidegolfclub.com/) but no platform signal found on it or 0 booking-ish link(s,
Corinthian Golf Club,unresolved,kent/sussex/surrey,brs,0,,brs seen but no confirmed public visitor sheet — worth another look,
Coulsdon Court Golf Club,unresolved,kent/sussex/surrey,unknown,0,,homepage loaded (https://ccgc.co.uk/) but no platform signal found on it or 1 booking-ish link(s),
Kingsnorth Golf Club,unresolved,kent/sussex/surrey,unknown,0,,homepage loaded (https://kingsnorthgolf.co.uk/) but no platform signal found on it or 1 booking-ish link(s),
Moore Place Golf Club,unresolved,kent/sussex/surrey,intelligent_golf,0,,intelligent_golf seen but no confirmed public visitor sheet — worth another look,
Sevenoaks Town Golf Club,unresolved,kent/sussex/surrey,unknown,0,,homepage loaded (https://www.stgcgolf.co.uk/) but no platform signal found on it or 0 booking-ish link(s),
White Lodge Golf Club,unresolved,kent/sussex/surrey,error,0,,site refused or failed to load,
Windlemere Ladies Golf Club,unresolved,kent/sussex/surrey,intelligent_golf,0,,intelligent_golf seen but no confirmed public visitor sheet — worth another look,
Ashton & Lea Golf Club,unresolved,lancashire,intelligent_golf,0,,intelligent_golf seen but no confirmed public visitor sheet — worth another look,
Bacup Golf Course,unresolved,lancashire,unknown,0,,homepage loaded (https://www.bacupgolfclub.com/) but no platform signal found on it or 0 booking-ish link(s),
Beacon Park Golf Club,unresolved,lancashire,unknown,0,,homepage loaded (https://www.beaconparkgolf.com/) but no platform signal found on it or 0 booking-ish link(s),
Blackpool Park Golf Club,unresolved,lancashire,golf_manager,0,,golf_manager seen but no confirmed public visitor sheet — worth another look,https://eu.golfmanager.com/stanleyparklinkgolf/consumer/book
Bootle Golf Club,unresolved,lancashire,intelligent_golf,0,,intelligent_golf seen but no confirmed public visitor sheet — worth another look,
Bowring Golf Club,unresolved,lancashire,error,0,,site refused or failed to load,
Castle Hawk Golf Club,unresolved,lancashire,unknown,0,,homepage loaded (https://www.castlehawk.co.uk/) but no platform signal found on it or 0 booking-ish link(s),
Charnock Richard Golf Club,unresolved,lancashire,no_site,0,,no working website found,
Childwall Golf Club,unresolved,lancashire,intelligent_golf,0,,intelligent_golf seen but no confirmed public visitor sheet — worth another look,
Denton Golf Club,unresolved,lancashire,error,0,,site refused or failed to load,
Duxbury Park Golf Course,unresolved,lancashire,error,0,,site refused or failed to load,
Fairfield Golf Club,unresolved,lancashire,brs,0,,brs seen but no confirmed public visitor sheet — worth another look,
Fairhaven Golf Club,unresolved,lancashire,brs,0,,brs seen but no confirmed public visitor sheet — worth another look,https://visitors.brsgolf.com/fairhaven#/course/1
Fishwick Golf Course,unresolved,lancashire,no_site,0,,no working website found,
Flixton Golf Club,unresolved,lancashire,brs,0,,brs seen but no confirmed public visitor sheet — worth another look,https://visitors.brsgolf.com/flixton#/open-competitions
Formby Golf Club,unresolved,lancashire,brs,0,,brs seen but no confirmed public visitor sheet — worth another look,
Grand National Golf Club,unresolved,lancashire,unknown,0,,homepage loaded (https://www.aintree.co.uk/golf) but no platform signal found on it or 0 booking-ish link(s),
Great Harwood Golf Club,unresolved,lancashire,brs,0,,brs seen but no confirmed public visitor sheet — worth another look,
Great Lever & Farnworth Golf Club,unresolved,lancashire,error,0,,site refused or failed to load,
Green Haworth Golf Club,unresolved,lancashire,error,0,,site refused or failed to load,
Haigh Hall (9 Hole),unresolved,lancashire,no_site,0,,no working website found,
Haigh Hall Golf Club,unresolved,lancashire,unknown,0,,homepage loaded (https://haighhall-golfclub.co.uk/) but no platform signal found on it or 1 booking-ish link(s,
Hart Common Golf Club,unresolved,lancashire,brs,0,,brs seen but no confirmed public visitor sheet — worth another look,
Heaton Park Golf Club,unresolved,lancashire,unknown,0,,homepage loaded (https://www.heatonparkgolfclub.co.uk/) but no platform signal found on it or 1 booking-ish li,
Highfield Golf Course,unresolved,lancashire,unknown,0,,homepage loaded (https://highfieldgolfcourse.co.uk/) but no platform signal found on it or 2 booking-ish link(,
Hillside Golf Club,unresolved,lancashire,brs,0,,brs seen but no confirmed public visitor sheet — worth another look,https://members.brsgolf.com/hillside/
Kirkby Valley Golf Club,unresolved,lancashire,error,0,,site refused or failed to load,
Lee Park Golf Club,unresolved,lancashire,error,0,,site refused or failed to load,
Lobden Golf Club,unresolved,lancashire,unknown,0,,homepage loaded (https://www.lobdengolfclub.co.uk/) but no platform signal found on it or 3 booking-ish link(s,
Lowes Park Golf Club,unresolved,lancashire,error,0,,site refused or failed to load,
Lytham Golf Academy,unresolved,lancashire,unknown,0,,homepage loaded (https://www.lythamgolfacademy.co.uk/) but no platform signal found on it or 3 booking-ish lin,
Marriott Worsley Park Golf Club,unresolved,lancashire,unknown,0,,site reachable (https://www.marriott.com/en-gb/default.mi) but no visitor booking found on it or 1 sub-page(s),
Marsden Park Golf Course,unresolved,lancashire,unknown,0,,site reachable (https://ephemeral80s.co.uk/) but no visitor booking found on it or 1 sub-page(s),
Myerscough College Golf Complex,unresolved,lancashire,unknown,0,,homepage loaded (https://www.myerscough.ac.uk/) but no platform signal found on it or 2 booking-ish link(s),
Mytton Fold Golf Club,unresolved,lancashire,unknown,0,,homepage loaded (https://www.myttonfold.co.uk/) but no platform signal found on it or 5 booking-ish link(s),
Oak Royal Golf & Country Club,unresolved,lancashire,unknown,0,,site reachable (https://www.oakroyalgolf-countryclub.co.uk/) but no visitor booking found on it or 0 sub-page(,
Oldham Golf Club,unresolved,lancashire,error,0,,site refused or failed to load,
Pennington Golf Club,unresolved,lancashire,unknown,0,,homepage loaded (https://www.penningtongolfclub.co.uk/) but no platform signal found on it or 0 booking-ish li,
Poulton le Fylde Golf Club,unresolved,lancashire,brs,0,,brs seen but no confirmed public visitor sheet — worth another look,
Preston Golf Club,unresolved,lancashire,brs,0,,brs seen but no confirmed public visitor sheet — worth another look,https://visitors.brsgolf.com/preston#/course/1
Regent Park Golf Club,unresolved,lancashire,unknown,0,,homepage loaded (https://www.regentparkgolfclub.net/) but no platform signal found on it or 0 booking-ish link,
Rolls Royce Leisure golf area,unresolved,lancashire,unknown,0,,homepage loaded (https://rollsleisurebarnoldswick.co.uk/) but no platform signal found on it or 0 booking-ish ,
Saddleworth Golf Club,unresolved,lancashire,brs,0,,brs seen but no confirmed public visitor sheet — worth another look,
Silverdale Golf Club,unresolved,lancashire,brs,0,,brs seen but no confirmed public visitor sheet — worth another look,
Southport & Ainsdale Golf Club,unresolved,lancashire,brs,0,,brs seen but no confirmed public visitor sheet — worth another look,
Springfield Park Golf Club,unresolved,lancashire,intelligent_golf,0,,intelligent_golf seen but no confirmed public visitor sheet — worth another look,
St Annes Old Links,unresolved,lancashire,intelligent_golf,0,,intelligent_golf seen but no confirmed public visitor sheet — worth another look,
St Helens Golf Club,unresolved,lancashire,error,0,,site refused or failed to load,
Staining Lodge Golf Course,unresolved,lancashire,brs,0,,brs seen but no confirmed public visitor sheet — worth another look,
Stanley Park Golf Course,unresolved,lancashire,unknown,0,,site reachable (https://parkgolfclubsouthport.co.uk/) but no visitor booking found on it or 0 sub-page(s),
Tee Time Golf Centre,unresolved,lancashire,unknown,0,,homepage loaded (https://teetimegolfcentre.com/) but no platform signal found on it or 26 booking-ish link(s),
Tunshill Golf Club,unresolved,lancashire,unknown,0,,homepage loaded (https://www.tunshillgolfclub.co.uk/) but no platform signal found on it or 1 booking-ish link,
Turton Golf Course,unresolved,lancashire,unknown,0,,site reachable (https://www.turtongolfclub.co.uk/) but no visitor booking found on it or 0 sub-page(s),
Walmersley Golf Club,unresolved,lancashire,error,0,,site refused or failed to load,
Whalley Golf Club,unresolved,lancashire,brs,0,,brs seen but no confirmed public visitor sheet — worth another look,
Whittaker Golf Club,unresolved,lancashire,error,0,,site refused or failed to load,
Yarrow Valley Golf Course,unresolved,lancashire,unknown,0,,site reachable (https://www.yarrowvalleygolf.co.uk/home.html) but no visitor booking found on it or 0 sub-page,
Blaby Golf Centre,unresolved,leicestershire,unknown,0,,homepage loaded (https://www.blabygolfcentre.co.uk/) but no platform signal found on it or 2 booking-ish link(,
Breedon Priory Golf Centre,unresolved,leicestershire,unknown,0,,homepage loaded (https://breedonpriorygolf.co.uk/) but no platform signal found on it or 0 booking-ish link(s),
Breedon Priory Golf Centre (Main Course),unresolved,leicestershire,brs,0,,brs seen but no confirmed public visitor sheet — worth another look,
Charnwood Golf,unresolved,leicestershire,no_site,0,,no working website found,
Enderby Golf & Leisure Centre,unresolved,leicestershire,unknown,0,,homepage loaded (https://www.enderbygolfcourse.co.uk/) but no platform signal found on it or 0 booking-ish lin,
Humberstone Heights,unresolved,leicestershire,unknown,0,,homepage loaded (https://humberstoneheightsgolfclub.co.uk/) but no platform signal found on it or 0 booking-is,
Kibworth Golf Club,unresolved,leicestershire,clubv1,0,,clubv1 seen but no confirmed public visitor sheet — worth another look,
Kirby Muxloe Golf Club,unresolved,leicestershire,brs,0,,brs seen but no confirmed public visitor sheet — worth another look,
Leicester City Football Club Golf Course,unresolved,leicestershire,no_site,0,,no working website found,
Leicester Golf Centre,unresolved,leicestershire,no_site,0,,no working website found,
Lingdale Golf Club,unresolved,leicestershire,brs,0,,brs seen but no confirmed public visitor sheet — worth another look,
Luffenham Heath Golf Club,unresolved,leicestershire,no_site,0,,no working website found,
Melton Mowbray Town Estate Golf Course,unresolved,leicestershire,no_site,0,,no working website found,
Rothley Park Golf Club,unresolved,leicestershire,unknown,0,,homepage loaded (https://rothleypark.co.uk/) but no platform signal found on it or 13 booking-ish link(s),
Rutland Water Golf Course,unresolved,leicestershire,unknown,0,,homepage loaded (https://rutlandwatergolfcourse.co.uk/) but no platform signal found on it or 1 booking-ish li,
Six Hills Golf Course,unresolved,leicestershire,no_site,0,,no working website found,
Stapleford Park Golf Club,unresolved,leicestershire,unknown,0,,homepage loaded (https://www.citizensadvicedaventryanddistrict.co.uk/) but no platform signal found on it or 1,
The Gallops Golf Course,unresolved,leicestershire,no_site,0,,no working website found,
The Golf Centre in Coalville,unresolved,leicestershire,unknown,0,,homepage loaded (https://thegolfcentrecoalville.co.uk/) but no platform signal found on it or 1 booking-ish li,
Ullesthorpe Court Hotel & Golf Club,unresolved,leicestershire,no_site,0,,no working website found,
Whetstone Golf Club,unresolved,leicestershire,unknown,0,,homepage loaded (https://www.whetstonegolfclub.co.uk/) but no platform signal found on it or 3 booking-ish lin,
Addlethorpe Golf Club,unresolved,lincolnshire,no_site,0,,no working website found,
Belton Woods Hotel,unresolved,lincolnshire,error,0,,site refused or failed to load,
Boston West Golf Club,unresolved,lincolnshire,no_site,0,,no working website found,
Bracken Hill Golf Course,unresolved,lincolnshire,no_site,0,,no working website found,
Carwick Park Golf Club,unresolved,lincolnshire,no_site,0,,no working website found,
Cleethorpes Beach Golf Course,unresolved,lincolnshire,unknown,0,,homepage loaded (https://www.haven.com/parks/lincolnshire/cleethorpes-beach) but no platform signal found on i,
DoubleTree by Hilton Forest Pines Spa & Golf Resort,unresolved,lincolnshire,unknown,0,,site reachable (https://www.hilton.com/en/) but no visitor booking found on it or 0 sub-page(s),
Elsham Golf Club,unresolved,lincolnshire,brs,0,,brs seen but no confirmed public visitor sheet — worth another look,
Gainsborough Golf Club,unresolved,lincolnshire,error,0,,site refused or failed to load,
Gedney Hill Golf Club,unresolved,lincolnshire,clubv1,0,,clubv1 seen but no confirmed public visitor sheet — worth another look,
Hovenden House Golf Course,unresolved,lincolnshire,no_site,0,,no working website found,
Humberston Country Club Golf Course,unresolved,lincolnshire,dead_link,0,,no working website found,
Immingham Golf Club,unresolved,lincolnshire,error,0,,site refused or failed to load,
Kenwick Park Golf Club Ltd,unresolved,lincolnshire,no_site,0,,no working website found,
Lakeside Park,unresolved,lincolnshire,unknown,0,,homepage loaded (https://www.lakesidepark.co.uk/) but no platform signal found on it or 2 booking-ish link(s),
Lincolnshire Golf Academy,unresolved,lincolnshire,no_site,0,,no working website found,
Martin Moor Golf Club,unresolved,lincolnshire,no_site,0,,no working website found,
Millfield Golf Complex,unresolved,lincolnshire,error,0,,site refused or failed to load,
Nettleton Park Golf Course,unresolved,lincolnshire,no_site,0,,no working website found,
Normanby Hall Golf Course,unresolved,lincolnshire,unknown,0,,homepage loaded (https://www.northlincs.gov.uk/leisure/other-leisure-activities/outdoor-sites/normanby-hall-go,
RAF Cranwell Golf Course,unresolved,lincolnshire,no_site,0,,no working website found,
RAF Woodhall Spa Golf Course,unresolved,lincolnshire,no_site,0,,no working website found,
Ropsley Golf Course,unresolved,lincolnshire,no_site,0,,no working website found,
Seacroft Golf Course,unresolved,lincolnshire,no_site,0,,no working website found,
South Kyme Golf Club,unresolved,lincolnshire,no_site,0,,no working website found,
Southview Leisure Park,unresolved,lincolnshire,error,0,,site refused or failed to load,
Tetney Golf Club,unresolved,lincolnshire,unknown,0,,homepage loaded (https://www.tetneygolfclub.co.uk/) but no platform signal found on it or 2 booking-ish link(s,
The Lincolnshire Golf Course,unresolved,lincolnshire,unknown,0,,site reachable (https://www.golfholidays.com/lincolnshire-golf-club/) but no visitor booking found on it or 0 ,
Welton Manor Golf Centre,unresolved,lincolnshire,no_site,0,,no working website found,
Woodthorpe Hall Golf Course,unresolved,lincolnshire,unknown,0,,site reachable (https://www.woodthorpeleisurepark.co.uk/404.html) but no visitor booking found on it or 0 sub-,
Airlinks Golf Course,unresolved,london,no_site,0,,no working website found,
Bigshots (Northwick Park),unresolved,london,error,0,,site refused or failed to load,
Brent Valley Public Golf Course,unresolved,london,no_site,0,,no working website found,
C & L Golf & Country Club,unresolved,london,error,0,,site refused or failed to load,
Chingford Golf Course,unresolved,london,unknown,0,,site reachable (https://chingfordgolfclub.org.uk/) but no visitor booking found on it or 0 sub-page(s),
Coulsdon Manor & Golf Club,unresolved,london,no_site,0,,no working website found,
Cranfield Golf Course,unresolved,london,no_site,0,,no working website found,
Cranham Golf Course,unresolved,london,unknown,0,,homepage loaded (https://www.cranhamgolfcourse.co.uk/) but no platform signal found on it or 2 booking-ish lin,
Enfield Golf Club,unresolved,london,intelligent_golf,0,,intelligent_golf seen but no confirmed public visitor sheet — worth another look,
Grovelands' private golf course,unresolved,london,no_site,0,,no working website found,
Harrow Hill Golf Course,unresolved,london,error,0,,site refused or failed to load,
Haste Hill Golf Course,unresolved,london,brs,0,,brs seen but no confirmed public visitor sheet — worth another look,https://visitors.brsgolf.com/hastehill#/course/1
Highgate Golf Club,unresolved,london,intelligent_golf,0,,intelligent_golf seen but no confirmed public visitor sheet — worth another look,
Hillingdon Golf Course,unresolved,london,unknown,0,,homepage loaded (https://www.hillingdongolfclub.co.uk/) but no platform signal found on it or 2 booking-ish li,
Hounslow Golf Park,unresolved,london,no_site,0,,no working website found,
Lee Valley Golf Course,unresolved,london,brs,0,,brs seen but no confirmed public visitor sheet — worth another look,
Metro Golf Centre,unresolved,london,unknown,0,,homepage loaded (https://justgolfnorthlondon.com/) but no platform signal found on it or 9 booking-ish link(s),
Morden Park golf course,unresolved,london,no_site,0,,no working website found,
Northolt Golf Course,unresolved,london,no_site,0,,no working website found,
Oakhill 9 Hole Pitch and Putt,unresolved,london,unknown,0,,homepage loaded (https://www.oakhillgolf.co.uk/) but no platform signal found on it or 0 booking-ish link(s),
Oaks Sports Centre,unresolved,london,brs,0,,brs seen but no confirmed public visitor sheet — worth another look,https://visitors.brsgolf.com/oaks#/course/1
Roehampton Club Golf Course,unresolved,london,unknown,0,,homepage loaded (https://www.roehamptonclub.co.uk/) but no platform signal found on it or 1 booking-ish link(s,
Rowley Lane Golf Course,unresolved,london,no_site,0,,no working website found,
Ruislip Golf Course,unresolved,london,dead_link,0,,no working website found,
Shortlands Golf Club,unresolved,london,unknown,0,,site reachable (https://shortlandsgolfclub.com/) but no visitor booking found on it or 2 sub-page(s),
South Hertfordshire Golf course,unresolved,london,no_site,0,,no working website found,
Upminster Golf and Bowling Club,unresolved,london,no_site,0,,no working website found,
West Middlesex Golf Course,unresolved,london,unknown,0,,homepage loaded (https://westmiddlesex.golf/) but no platform signal found on it or 0 booking-ish link(s),
Wimbledon Park Golf Club,unresolved,london,intelligent_golf,0,,intelligent_golf seen but no confirmed public visitor sheet — worth another look,mailto:info@intelligentgolf.co.uk
Arrowe Park Golf Course,unresolved,merseyside,unknown,0,,homepage loaded (https://www.arroweparkgolfclub.co.uk/) but no platform signal found on it or 3 booking-ish li,
Bowring Park Golf Course,unresolved,merseyside,error,0,,site refused or failed to load,
Eastham Golf Course,unresolved,merseyside,no_site,0,,no working website found,
Eccleston Park Golf Club,unresolved,merseyside,no_site,0,,no working website found,
Formby Hall Golf Course,unresolved,merseyside,unknown,0,,homepage loaded (https://www.formbyhallgolfresort.co.uk/) but no platform signal found on it or 8 booking-ish ,
Hoylake Golf Club,unresolved,merseyside,error,0,,site refused or failed to load,
Liverpool Municipal North Golf Course,unresolved,merseyside,unknown,0,,homepage loaded (https://lifestyles.liverpool.gov.uk/) but no platform signal found on it or 2 booking-ish lin,
Liverpool Municipal South (Allerton) Golf Course,unresolved,merseyside,dead_link,0,,no working website found,
Mersey Valley Golf & Country Club,unresolved,merseyside,golf_manager,0,,golf_manager seen but no confirmed public visitor sheet — worth another look,https://eu.golfmanager.com/merseyvalley/consumer/book?area=100
Moreton Hills Golf Centre,unresolved,merseyside,no_site,0,,no working website found,
Royal Liverpool Golf Course,unresolved,merseyside,clubv1,0,,clubv1 seen but no confirmed public visitor sheet — worth another look,
Southport Municipal Golf Course,unresolved,merseyside,unknown,0,,homepage loaded (https://www.sefton.gov.uk/sport-leisure/golf-in-sefton/southport-golf-links/) but no platform,
Wallasey Beach Pitch n'Putt,unresolved,merseyside,no_site,0,,no working website found,
Warren Municipal Golf Club,unresolved,merseyside,error,0,,site refused or failed to load,
Chiddingfold Golf Course,unresolved,newsite,unknown,0,,homepage loaded (https://www.chiddingfoldgolf.co.uk/) but no platform signal found on it or 4 booking-ish link,
Claremont Park Golf Course,unresolved,newsite,unknown,0,,homepage loaded (https://www.chea.co.uk/) but no platform signal found on it or 0 booking-ish link(s),
Folkestone Sports Centre,unresolved,newsite,unknown,0,,homepage loaded (https://www.folkestonesportscentre.co.uk/) but no platform signal found on it or 1 booking-is,
Gatwick Footgolf,unresolved,newsite,error,0,,site refused or failed to load,
Gravesend Golf Centre,unresolved,newsite,unknown,0,,homepage loaded (https://www.gravesendgolfcentre.com/) but no platform signal found on it or 2 booking-ish lin,
Hedge End Golf Centre,unresolved,newsite,unknown,0,,homepage loaded (https://www.hedgeendgolfcentre.co.uk/) but no platform signal found on it or 0 booking-ish li,
Hobbs Cross Golf Centre,unresolved,newsite,unknown,0,,homepage loaded (https://www.hobbscrossgolfcentre.com/) but no platform signal found on it or 0 booking-ish li,
Park House Hotel & Spa,unresolved,newsite,unknown,0,,homepage loaded (https://parkhousehotel.com/) but no platform signal found on it or 5 booking-ish link(s),
Port Royal Golf Course,unresolved,newsite,unknown,0,,homepage loaded (https://bermudagolf.co/port-royal/) but no platform signal found on it or 7 booking-ish link(,
Saint Cleres Hall Golf Club,unresolved,newsite,unknown,0,,homepage loaded (https://stclereshallgolfclub.weebly.com/) but no platform signal found on it or 0 booking-ish,
Somerley Park Golf Club,unresolved,newsite,unknown,0,,homepage loaded (https://www.somerleyparkgolfclub.co.uk/) but no platform signal found on it or 0 booking-ish ,
South Essex Golf Centre,unresolved,newsite,intelligent_golf,0,,intelligent_golf seen but no confirmed public visitor sheet — worth another look,
The Ageas Bowl County Golf Club,unresolved,newsite,unknown,0,,homepage loaded (https://www.ageasbowl.com/pages/golf/) but no platform signal found on it or 3 booking-ish li,
The Links at City park,unresolved,newsite,unknown,0,,homepage loaded (https://www.portsmouthva.gov/parks-recreation) but no platform signal found on it or 0 bookin,
The Orchards Holiday Village Golf Course,unresolved,newsite,unknown,0,,homepage loaded (https://www.haven.com/parks/essex/the-orchards) but no platform signal found on it or 5 booki,
The Tower Course,unresolved,newsite,esp,0,,esp seen but no confirmed public visitor sheet — worth another look,https://www.e-s-p.com/elitelive/book_date.php
Turtle Hill Golf Club,unresolved,newsite,unknown,0,,homepage loaded (https://www.fairmont.com/en/hotels/bermuda/fairmont-southampton/golf.html) but no platform si,
Village Golf & Sports Club,unresolved,newsite,unknown,0,,homepage loaded (https://www.villagegolf.org.uk/) but no platform signal found on it or 0 booking-ish link(s),
5 Hole Golf Course,unresolved,norfolk,no_site,0,,no working website found,
Browston Hall Golf Course,unresolved,norfolk,no_site,0,,no working website found,
Denver Golf Club,unresolved,norfolk,unknown,0,,homepage loaded (https://www.denvergolfclub.co.uk/) but no platform signal found on it or 2 booking-ish link(s,
Dereham Golf Club,unresolved,norfolk,unknown,0,,homepage loaded (https://www.derehamgolfclub.com/) but no platform signal found on it or 2 booking-ish link(s),
Dunston Hall Golf Course,unresolved,norfolk,unknown,0,,homepage loaded (https://www.dunstonhallgolfclub.co.uk/) but no platform signal found on it or 2 booking-ish l,
Eagles Golf Centre,unresolved,norfolk,unknown,0,,homepage loaded (https://www.eaglesgolfonline.co.uk/) but no platform signal found on it or 1 booking-ish link,
Eaton Park Pitch & Kick,unresolved,norfolk,unknown,0,,homepage loaded (https://www.norwich.gov.uk/sports-and-leisure/find-outdoor-sports-and-activity-facilities) bu,
Gorleston Putting Green,unresolved,norfolk,unknown,0,,homepage loaded (https://www.greatyarmouthservices.co.uk/open-spaces/book-sports-facilities/gorleston-cliffs-p,
King’s Lynn Golf Club,unresolved,norfolk,unknown,0,,site reachable (http://www.club-noticeboard.co.uk/coursereviews/kingslynn/) but no visitor booking found on it,
Lambert's Point Golf Course,unresolved,norfolk,no_site,0,,no working website found,
Middleton Hall Golf Club,unresolved,norfolk,unknown,0,,homepage loaded (https://www.middletonhallgolfclub.com/) but no platform signal found on it or 4 booking-ish l,
Norfolk Premier Golf,unresolved,norfolk,no_site,0,,no working website found,
Norwich Family Golf Centre,unresolved,norfolk,no_site,0,,no working website found,
RAF Feltwell Golf Course,unresolved,norfolk,no_site,0,,no working website found,
Royal Norwich Golf Club,unresolved,norfolk,golf_manager,0,,golf_manager seen but no confirmed public visitor sheet — worth another look,https://eu.golfmanager.com/royalnorwich/consumer/book?area=100001&resourceType=100062
Royal West Norfolk Golf Club,unresolved,norfolk,no_site,0,,no working website found,
Ryston Park Golf Club,unresolved,norfolk,no_site,0,,no working website found,
Sewells Point Golf Course,unresolved,norfolk,no_site,0,,no working website found,
Silfield Village Golf Course,unresolved,norfolk,no_site,0,,no working website found,
Sprowston Manor Golf Club,unresolved,norfolk,no_site,0,,no working website found,
Wensum Valley Hotel Golf Course,unresolved,norfolk,brs,0,,brs seen but no confirmed public visitor sheet — worth another look,
Blackthorn Wood Golf Complex,unresolved,northamptonshire,unknown,0,,homepage loaded (https://blackthornwoodgc.co.uk/) but no platform signal found on it or 0 booking-ish link(s),
Brampton Health Golf Centre,unresolved,northamptonshire,no_site,0,,no working website found,
Cherwell Edge Golf Club,unresolved,northamptonshire,unknown,0,,homepage loaded (https://www.cherwelledgegolfclub.co.uk/) but no platform signal found on it or 6 booking-ish ,
Cold Ashby Golf Club,unresolved,northamptonshire,error,0,,site refused or failed to load,
Daventry & District Golf Club,unresolved,northamptonshire,unknown,0,,homepage loaded (https://daventrygolfclub.co.uk/) but no platform signal found on it or 0 booking-ish link(s),
Delapre Golf Centre,unresolved,northamptonshire,unknown,0,,site reachable (https://delapregolfcentre.co.uk:443/login_up.php) but no visitor booking found on it or 0 sub-,
Farthingstone Hotel and Golf,unresolved,northamptonshire,brs,0,,brs seen but no confirmed public visitor sheet — worth another look,https://www.brsgolf.com/farthingstone/visitor_home.php
John White Golf Course,unresolved,northamptonshire,unknown,0,,homepage loaded (https://www.johnwhitegolfclub.co.uk/) but no platform signal found on it or 3 booking-ish lin,
Northampton Golf Club,unresolved,northamptonshire,golf_manager,0,,golf_manager seen but no confirmed public visitor sheet — worth another look,https://www.northamptongolfclub.co.uk/#/
Northamptonshire County Golf Course,unresolved,northamptonshire,no_site,0,,no working website found,
Pytchley Golf Lodge,unresolved,northamptonshire,no_site,0,,no working website found,
Rushden Golf Range,unresolved,northamptonshire,error,0,,site refused or failed to load,
Staverton Park,unresolved,northamptonshire,unknown,0,,homepage loaded (https://www.stavertonpark.co.uk/) but no platform signal found on it or 7 booking-ish link(s),
Stoke Albany Golf and Country Club,unresolved,northamptonshire,no_site,0,,no working website found,
Wellingborough Golf Glub,unresolved,northamptonshire,no_site,0,,no working website found,
Bedlingtonshire Golf Club,unresolved,northeast,brs,0,,brs seen but no confirmed public visitor sheet — worth another look,
Belford Golf Club,unresolved,northeast,no_site,0,,no working website found,
Bellingham Golf Club,unresolved,northeast,brs,0,,brs seen but no confirmed public visitor sheet — worth another look,
Brancepeth Castle Golf Club,unresolved,northeast,unknown,0,,homepage loaded (https://brancepeth-castle-golf.co.uk/) but no platform signal found on it or 1 booking-ish li,
Burgham Park Golf Club,unresolved,northeast,unknown,0,,homepage loaded (https://prat.uk/burgham-park-golf-club/) but no platform signal found on it or 2 booking-ish ,
Close House Hotel & Golf Club,unresolved,northeast,unknown,0,,site reachable (https://closehouse.com/golf/) but no visitor booking found on it or 2 sub-page(s),
Cocken Lodge Golf Course,unresolved,northeast,unknown,0,,homepage loaded (https://cockenlodgegolf.my.canva.site/cocken-website) but no platform signal found on it or 0,
Dinsdale Golf Club,unresolved,northeast,error,0,,site refused or failed to load,
Dunstanburgh Castle Golf Course,unresolved,northeast,brs,0,,brs seen but no confirmed public visitor sheet — worth another look,
Haggerston Castle Golf Course,unresolved,northeast,unknown,0,,homepage loaded (https://haggerstongolf.co.uk/) but no platform signal found on it or 2 booking-ish link(s),
Hall Garth Hotel golf course,unresolved,northeast,no_site,0,,no working website found,
Hartlepool Power Station Golf Course,unresolved,northeast,no_site,0,,no working website found,
High Throston Golf Course,unresolved,northeast,no_site,0,,no working website found,
Ineos Golf Club,unresolved,northeast,error,0,,site refused or failed to load,
Knotty Hill Golf Centre,unresolved,northeast,unknown,0,,homepage loaded (https://www.knottyhill.com/) but no platform signal found on it or 1 booking-ish link(s),
Macdonald Linden Hall Golf & Country Club,unresolved,northeast,unknown,0,,homepage loaded (https://www.macdonaldhotels.co.uk/linden-hall) but no platform signal found on it or 8 bookin,
Magdalene Fields,unresolved,northeast,unknown,0,,homepage loaded (https://magdalene-fields.co.uk/) but no platform signal found on it or 5 booking-ish link(s),
"Matfen Hall Hotel, Golf & Spa",unresolved,northeast,golf_manager,0,,golf_manager seen but no confirmed public visitor sheet — worth another look,https://uk.golfmanager.com/matfenhall
Middlesbrough Municipal Golf Course,unresolved,northeast,unknown,0,,homepage loaded (https://teesvalley-ca.gov.uk/visit/things-to-see-and-do/activities/middlesbrough-municipal-go,
N1GOLF Centre Morpeth,unresolved,northeast,unknown,0,,homepage loaded (https://justgolfmorpeth.com/) but no platform signal found on it or 5 booking-ish link(s),
Norton Golf Course,unresolved,northeast,no_site,0,,no working website found,
Oakleaf Golf Complex,unresolved,northeast,unknown,0,,homepage loaded (https://www.great-aycliffe.gov.uk/oakleafgolfcomplex/home/) but no platform signal found on i,
Percy Wood Country Park,unresolved,northeast,error,0,,site refused or failed to load,
Rockliffe Hall Golf Course,unresolved,northeast,unknown,0,,homepage loaded (https://www.rockliffe.co.uk/golf/) but no platform signal found on it or 5 booking-ish link(s,
Roseberry Grange Golf Club,unresolved,northeast,unknown,0,,homepage loaded (https://roseberrygrange.com/) but no platform signal found on it or 0 booking-ish link(s),
Seahouses Golf Club,unresolved,northeast,brs,0,,brs seen but no confirmed public visitor sheet — worth another look,
Sharpley Golf Course,unresolved,northeast,unknown,0,,homepage loaded (https://sharpleygolf.blogspot.com/) but no platform signal found on it or 11 booking-ish link,
Slaley Hall Golf Club,unresolved,northeast,unknown,0,,homepage loaded (https://www.slaleyhallhotel.com/golf/) but no platform signal found on it or 20 booking-ish l,
The Hobson Golf Club,unresolved,northeast,error,0,,site refused or failed to load,
Tynedale Golf Cub,unresolved,northeast,unknown,0,,homepage loaded (https://tynedalegolfclub.co.uk/) but no platform signal found on it or 0 booking-ish link(s),
Warkworth Golf Club,unresolved,northeast,error,0,,site refused or failed to load,
Wynyard Golf Club,unresolved,northeast,esp,0,,esp seen but no confirmed public visitor sheet — worth another look,
Aberdelghy Golf Course,unresolved,northernireland,brs,0,,brs seen but no confirmed public visitor sheet — worth another look,
Ardminnan Golf Club,unresolved,northernireland,no_site,0,,no working website found,
Armagh Golf Club,unresolved,northernireland,no_site,0,,no working website found,
Ashfield Golf Course,unresolved,northernireland,unknown,0,,homepage loaded (https://www.ashfieldgolfcourse.com/) but no platform signal found on it or 6 booking-ish link,
Ashwoods Golf Centre,unresolved,northernireland,no_site,0,,no working website found,
Ballyclare Golf Course,unresolved,northernireland,no_site,0,,no working website found,
Ballyreagh Golf Course,unresolved,northernireland,no_site,0,,no working website found,
Bangor Golf Club,unresolved,northernireland,no_site,0,,no working website found,
Belvoir Golf Course,unresolved,northernireland,no_site,0,,no working website found,
Bentra Golf Course,unresolved,northernireland,no_site,0,,no working website found,
Brown Trout Inn golf course,unresolved,northernireland,unknown,0,,site reachable (https://browntroutinn.com/) but no visitor booking found on it or 0 sub-page(s),
Burnfield House Golf Club,unresolved,northernireland,no_site,0,,no working website found,
Carnfunnock Golf Course,unresolved,northernireland,unknown,0,,homepage loaded (https://carnfunnock.com/) but no platform signal found on it or 1 booking-ish link(s),
Carrickfergus Golf Course,unresolved,northernireland,unknown,0,,site reachable (https://carrickfergusgolfclub.co.uk/) but no visitor booking found on it or 0 sub-page(s),
Cliftonville Golf Club,unresolved,northernireland,unknown,0,,homepage loaded (https://www.cliftonvillegolfclub.com/) but no platform signal found on it or 6 booking-ish li,
Clogher Valley Golf Club,unresolved,northernireland,unknown,0,,homepage loaded (https://cloghervalleygc.co.uk/) but no platform signal found on it or 5 booking-ish link(s),
Colin Valley Golf Course,unresolved,northernireland,no_site,0,,no working website found,
Craigavon Golf Course,unresolved,northernireland,no_site,0,,no working website found,
Crossgar Golf Club,unresolved,northernireland,no_site,0,,no working website found,
Down Royal Golf Club,unresolved,northernireland,no_site,0,,no working website found,
Dungannon Golf Club,unresolved,northernireland,unknown,0,,homepage loaded (https://www.dungannongolfclub.com/) but no platform signal found on it or 5 booking-ish link(,
Dunluce Links,unresolved,northernireland,clubv1,0,,clubv1 seen but no confirmed public visitor sheet — worth another look,
Dunmurry Golf Course,unresolved,northernireland,no_site,0,,no working website found,
Faughan Valley Golf Centre,unresolved,northernireland,no_site,0,,no working website found,
Fintona Golf Club,unresolved,northernireland,brs,0,,brs seen but no confirmed public visitor sheet — worth another look,
Foyle Golf Club,unresolved,northernireland,esp,0,,esp seen but no confirmed public visitor sheet — worth another look,
Greenacres Golf Course,unresolved,northernireland,no_site,0,,no working website found,
Hill Valley Golf,unresolved,northernireland,no_site,0,,no working website found,
Kirkiston Castle Golf Club,unresolved,northernireland,no_site,0,,no working website found,
Laganview Golf Centre,unresolved,northernireland,unknown,0,,homepage loaded (https://laganviewgolfcentre.co.uk/) but no platform signal found on it or 4 booking-ish link(,
Lough Erne Golf Resort,unresolved,northernireland,unknown,0,,homepage loaded (https://www.lougherneresort.com/) but no platform signal found on it or 5 booking-ish link(s),
Mahee Island Golf Course,unresolved,northernireland,no_site,0,,no working website found,
Massereene Golf Club,unresolved,northernireland,unknown,0,,homepage loaded (https://www.massereenegc.com/) but no platform signal found on it or 5 booking-ish link(s),
Mount Ober Golf Club,unresolved,northernireland,no_site,0,,no working website found,
Newtownstewart Golf Club,unresolved,northernireland,unknown,0,,homepage loaded (https://ft95.net/) but no platform signal found on it or 1 booking-ish link(s),
Riverside - Portstewart Golf Club,unresolved,northernireland,no_site,0,,no working website found,
Ronan Valley Golf Course,unresolved,northernireland,no_site,0,,no working website found,
Royal County Down Golf Course,unresolved,northernireland,unknown,0,,homepage loaded (https://www.royalcountydowngolfclub.com/) but no platform signal found on it or 0 booking-ish,
Scrabo Golf Club,unresolved,northernireland,no_site,0,,no working website found,
Shandon Park Golf Course,unresolved,northernireland,no_site,0,,no working website found,
St Patrick's Golf Club,unresolved,northernireland,no_site,0,,no working website found,
Strabane Golf Club,unresolved,northernireland,no_site,0,,no working website found,
Tandragee Golf Course,unresolved,northernireland,no_site,0,,no working website found,
The Old Course - Portstewart Golf Club,unresolved,northernireland,no_site,0,,no working website found,
The Strand - Portstewart Golf Club,unresolved,northernireland,no_site,0,,no working website found,
Tobermore Golf Centre,unresolved,northernireland,unknown,0,,homepage loaded (https://www.midulstercouncil.org/tobermoregolf) but no platform signal found on it or 4 booki,
Aldwark Manor Golf Club,unresolved,northyorkshire,error,0,,site refused or failed to load,
Bedale Golf Course,unresolved,northyorkshire,brs,0,,brs seen but no confirmed public visitor sheet — worth another look,
Brigham Park Golf Course,unresolved,northyorkshire,no_site,0,,no working website found,
Forest of Galtres Golf Club,unresolved,northyorkshire,brs,0,,brs seen but no confirmed public visitor sheet — worth another look,
Ganton Golf Club,unresolved,northyorkshire,brs,0,,brs seen but no confirmed public visitor sheet — worth another look,
Harrogate Golf Club,unresolved,northyorkshire,brs,0,,brs seen but no confirmed public visitor sheet — worth another look,
Heworth Golf Course York,unresolved,northyorkshire,dead_link,0,,no working website found,
Hunmanby Hall Golf & Leisure,unresolved,northyorkshire,no_site,0,,no working website found,
Melodie Park,unresolved,northyorkshire,unknown,0,,homepage loaded (https://www.melodiepark.com/) but no platform signal found on it or 0 booking-ish link(s),
North Cliff Golf Club,unresolved,northyorkshire,error,0,,site refused or failed to load,
Pannal Golf Club,unresolved,northyorkshire,unknown,0,,homepage loaded (https://www.pannalgc.co.uk/) but no platform signal found on it or 2 booking-ish link(s),
Raven Hall Golf Course,unresolved,northyorkshire,no_site,0,,no working website found,
Reighton Sands Holiday Park Golf Course,unresolved,northyorkshire,unknown,0,,homepage loaded (https://www.haven.com/parks/yorkshire/reighton-sands) but no platform signal found on it or 5,
Rosedale Abbey Golf,unresolved,northyorkshire,unknown,0,,homepage loaded (https://rosedaleabbeygolf.co.uk/) but no platform signal found on it or 1 booking-ish link(s),
Sandburn Hall,unresolved,northyorkshire,brs,0,,brs seen but no confirmed public visitor sheet — worth another look,
Sawdon Pines Golf Club,unresolved,northyorkshire,no_site,0,,no working website found,
Scalm Park Leisure,unresolved,northyorkshire,unknown,0,,homepage loaded (https://www.scalmparkleisure.co.uk/) but no platform signal found on it or 1 booking-ish link,
Settle Golf Course,unresolved,northyorkshire,unknown,0,,site reachable (https://settlegolfclub.co.uk) but no visitor booking found on it or 2 sub-page(s),
Snainton Golf,unresolved,northyorkshire,unknown,0,,homepage loaded (https://golfscarborough.co.uk/) but no platform signal found on it or 1 booking-ish link(s),
Spofforth Golf Club,unresolved,northyorkshire,error,0,,site refused or failed to load,
Stokesley Golf Range,unresolved,northyorkshire,unknown,0,,site reachable (https://www.stokesleygolfrange.co.uk/) but no visitor booking found on it or 0 sub-page(s),
Swallow Hall Golf Course,unresolved,northyorkshire,unknown,0,,homepage loaded (https://www.swallowhall.com/) but no platform signal found on it or 2 booking-ish link(s),
Wolds Way Golf Course,unresolved,northyorkshire,unknown,0,,homepage loaded (https://www.woldswaygolf.co.uk/) but no platform signal found on it or 0 booking-ish link(s),
York Golf Range,unresolved,northyorkshire,unknown,0,,homepage loaded (https://www.yorkgolfrange.com/) but no platform signal found on it or 9 booking-ish link(s),
Beeston Fields Golf Course,unresolved,nottinghamshire,brs,0,,brs seen but no confirmed public visitor sheet — worth another look,
Brierley Forest Golf Club,unresolved,nottinghamshire,brs,0,,brs seen but no confirmed public visitor sheet — worth another look,
Chilwell Manor Golf Course,unresolved,nottinghamshire,brs,0,,brs seen but no confirmed public visitor sheet — worth another look,
College Pines Golf Club,unresolved,nottinghamshire,error,0,,site refused or failed to load,
Coxmoor Golf Club,unresolved,nottinghamshire,unknown,0,,homepage loaded (https://www.coxmoorgolfclub.co.uk/) but no platform signal found on it or 3 booking-ish link(,
Kilton Forest Golf Club,unresolved,nottinghamshire,dead_link,0,,no working website found,
Leen Valley Golf Course,unresolved,nottinghamshire,no_site,0,,no working website found,
Mansfield Golf Club,unresolved,nottinghamshire,error,0,,site refused or failed to load,
Mansfield Woodhouse Golf Course,unresolved,nottinghamshire,no_site,0,,no working website found,
Newark Golf Club,unresolved,nottinghamshire,chronogolf,0,,chronogolf seen but no confirmed public visitor sheet — worth another look,https://www.chronogolf.com/club/newark-golf-club?date=2025-10-13
Norwood Park Golf Course,unresolved,nottinghamshire,unknown,0,,homepage loaded (https://norwoodpark.co.uk/) but no platform signal found on it or 5 booking-ish link(s),
Ratcliffe on Soar Power Station,unresolved,nottinghamshire,no_site,0,,no working website found,
Riverside Golf Centre,unresolved,nottinghamshire,chronogolf,0,,chronogolf seen but no confirmed public visitor sheet — worth another look,
Ruddington Grange Golf Club,unresolved,nottinghamshire,unknown,0,,site reachable (https://ruddingtongrange.com/cgi-sys/suspendedpage.cgi) but no visitor booking found on it or ,
Rushcliffe Golf Club,unresolved,nottinghamshire,unknown,0,,homepage loaded (https://www.rushcliffegolfclub.co.uk/) but no platform signal found on it or 5 booking-ish li,
Serlby Park Golf Club,unresolved,nottinghamshire,unknown,0,,site reachable (https://www.golfholidays.com/serlby-park-golf-club/) but no visitor booking found on it or 0 s,
Stanton on the Wolds Golf Course,unresolved,nottinghamshire,no_site,0,,no working website found,
Styrrup Hall Golf & Country Club,unresolved,nottinghamshire,error,0,,site refused or failed to load,
The Nottinghamshire Golf & Country Club,unresolved,nottinghamshire,no_site,0,,no working website found,
Chipping Norton Golf Club,unresolved,oxfordshire,no_site,0,,no working website found,
Defence Academy Golf Course,unresolved,oxfordshire,unknown,0,,homepage loaded (https://dagc.org.uk/) but no platform signal found on it or 0 booking-ish link(s),
Greys Green Golf Course,unresolved,oxfordshire,no_site,0,,no working website found,
Heythrop Park Golf,unresolved,oxfordshire,unknown,0,,homepage loaded (https://www.warnerhotels.co.uk:443/hotels/heythrop-park-hotel) but no platform signal found o,
Huntercombe Golf Club,unresolved,oxfordshire,intelligent_golf,0,,intelligent_golf seen but no confirmed public visitor sheet — worth another look,https://huntercombe.intelligentgolf.co.uk/visitorbooking/
Oxfordshire Golf Club,unresolved,oxfordshire,no_site,0,,no working website found,
Shrivenham Park Golf Club,unresolved,oxfordshire,unknown,0,,homepage loaded (https://custommapposter.com/article/best/926?sd=shrivenhampark.com) but no platform signal fo,
Tadmarton Heath Golf Club,unresolved,oxfordshire,no_site,0,,no working website found,
The Springs Golf Club,unresolved,oxfordshire,dead_link,0,,no working website found,
The Wychwood Golf Club,unresolved,oxfordshire,intelligent_golf,0,,intelligent_golf seen but no confirmed public visitor sheet — worth another look,
Waterstock Golf Club,unresolved,oxfordshire,unknown,0,,homepage loaded (https://waterstockgolf.co.uk/) but no platform signal found on it or 3 booking-ish link(s),
Witney Lakes Resort,unresolved,oxfordshire,dead_link,0,,no working website found,
Aberfeldy Golf Club,unresolved,scotland,unknown,0,,homepage loaded (https://www.aberfeldy-golfclub.co.uk/) but no platform signal found on it or 1 booking-ish li,
Aberfoyle Golf Club,unresolved,scotland,unknown,0,,homepage loaded (https://www.aberfoylegolf.co.uk/) but no platform signal found on it or 2 booking-ish link(s),
Abernethy Golf club,unresolved,scotland,unknown,0,,homepage loaded (https://www.abernethygolfclub.com/) but no platform signal found on it or 2 booking-ish link(,
Alness Golf Club,unresolved,scotland,unknown,0,,homepage loaded (https://www.alnessgolf.co.uk/) but no platform signal found on it or 1 booking-ish link(s),
Alva Golf Course,unresolved,scotland,unknown,0,,homepage loaded (https://www.alvagolfclub.co.uk/) but no platform signal found on it or 0 booking-ish link(s),
Alyth Golf Course,unresolved,scotland,unknown,0,,homepage loaded (https://www.alythgolfclub.co.uk/) but no platform signal found on it or 2 booking-ish link(s),
Annanhill Golf Club,unresolved,scotland,unknown,0,,site reachable (https://annanhillgolfclub.co.uk/) but no visitor booking found on it or 0 sub-page(s),
Anstruther Golf Club,unresolved,scotland,unknown,0,,homepage loaded (https://www.anstruthergolf.co.uk/) but no platform signal found on it or 3 booking-ish link(s,
Arbroath Golf Course,unresolved,scotland,unknown,0,,homepage loaded (https://www.arbroathgolfcourse.co.uk/) but no platform signal found on it or 4 booking-ish li,
Archerfield Links,unresolved,scotland,unknown,0,,homepage loaded (https://archerfieldgolfclub.com/) but no platform signal found on it or 2 booking-ish link(s),
Ardeer Golf Club,unresolved,scotland,unknown,0,,homepage loaded (https://ardeergolfclub.co.uk/) but no platform signal found on it or 5 booking-ish link(s),
Ardfin Golf Course,unresolved,scotland,unknown,0,,homepage loaded (https://www.ardfin.com/golf/) but no platform signal found on it or 0 booking-ish link(s),
Asta Golf Club,unresolved,scotland,unknown,0,,homepage loaded (https://www.astagolfcourse.com/) but no platform signal found on it or 2 booking-ish link(s),
Atholl Palace Hotel Pitch and Putt course,unresolved,scotland,unknown,0,,homepage loaded (https://www.athollpalace.com/attractions/putting-green/) but no platform signal found on it o,
Auchenharvie Golf Course,unresolved,scotland,unknown,0,,homepage loaded (https://kaleisure.com/location/auchenharvie-golf-course/) but no platform signal found on it ,
B. A.  Club Pitch and Putt,unresolved,scotland,unknown,0,,homepage loaded (https://www.facebook.com/pages/BA-Club/151694704870059) but no platform signal found on it or,
Balcomie Links,unresolved,scotland,clubv1,0,,clubv1 seen but no confirmed public visitor sheet — worth another look,https://crail.hub.clubv1.com/Visitors/booking
Balfron Golf Club,unresolved,scotland,unknown,0,,homepage loaded (https://www.balfrongolfsociety.org.uk/) but no platform signal found on it or 1 booking-ish l,
Balgove Course,unresolved,scotland,unknown,0,,site reachable (https://standrews.com/Play/Courses/Balgove-Course) but no visitor booking found on it or 1 sub,
Ballochmyle Golf Club,unresolved,scotland,unknown,0,,homepage loaded (https://ballochmylegolfclub.com/) but no platform signal found on it or 1 booking-ish link(s),
Balmoral Estate 9-hole golf course,unresolved,scotland,unknown,0,,homepage loaded (https://balmoralcastle.com/visiting/balmoral-estate/explore/golf) but no platform signal foun,
Barshaw Park Golf Course,unresolved,scotland,unknown,0,,homepage loaded (https://www.oneren.org/sport/golf-and-bowling-greens/) but no platform signal found on it or ,
Beechbank 6-hole course,unresolved,scotland,brs,0,,brs seen but no confirmed public visitor sheet — worth another look,
Beginners Golf Course,unresolved,scotland,no_site,0,,no working website found,
Beith Golf Club,unresolved,scotland,unknown,0,,homepage loaded (https://www.beithgolfclub.co.uk/) but no platform signal found on it or 6 booking-ish link(s),
Belleisle & Seafield Golf Courses,unresolved,scotland,dead_link,0,,no working website found,
Biggar Golf Club,unresolved,scotland,unknown,0,,homepage loaded (https://www.biggargolfclub.co.uk/) but no platform signal found on it or 0 booking-ish link(s,
Bishopbriggs Golf Range,unresolved,scotland,unknown,0,,homepage loaded (https://bishopbriggsgolfrange.co.uk/) but no platform signal found on it or 1 booking-ish lin,
Bishopshire Golf Club,unresolved,scotland,unknown,0,,homepage loaded (https://www.bishopshiregolf.club/) but no platform signal found on it or 0 booking-ish link(s,
Blairmore and Strone Golf Club,unresolved,scotland,no_site,0,,no working website found,
Bogside House golf course,unresolved,scotland,no_site,0,,no working website found,
Braid Hills Golf Course,unresolved,scotland,gladstone,0,,gladstone seen but no confirmed public visitor sheet — worth another look,https://edinburghleisure.gladstonego.cloud/book
Brancumhall Golf Development Centre,unresolved,scotland,unknown,0,,homepage loaded (https://www.slleisureandculture.co.uk/info/246/brancumhall_golf_development_centre) but no pl,
Brighouse Bay Golf Club,unresolved,scotland,error,0,,site refused or failed to load,
Broadlees Golf Course,unresolved,scotland,dead_link,0,,no working website found,
Brodick Golf Course,unresolved,scotland,brs,0,,brs seen but no confirmed public visitor sheet — worth another look,https://visitors.brsgolf.com/brodick
Brunston Castle Golf Club,unresolved,scotland,no_site,0,,no working website found,
Bruntsfield Links Short Hole Golf Course,unresolved,scotland,unknown,0,,homepage loaded (https://www.bruntsfieldshortholegolfclub.co.uk/) but no platform signal found on it or 1 book,
Burrowhead Holiday Village Pitch and Putt course,unresolved,scotland,unknown,0,,site reachable (https://burrowheadholidayvillage.co.uk/) but no visitor booking found on it or 0 sub-page(s),
Bute Golf Club,unresolved,scotland,unknown,0,,homepage loaded (https://www.butegolfclub.com/) but no platform signal found on it or 2 booking-ish link(s),
Calderbraes Golf Club,unresolved,scotland,error,0,,site refused or failed to load,
Callendar Park Golf Course,unresolved,scotland,no_site,0,,no working website found,
Cally Palace Hotel & Golf Course,unresolved,scotland,unknown,0,,homepage loaded (https://bespokehotels.com/cally-palace-hotel/golf/) but no platform signal found on it or 4 b,
Cambuslang Golf Club,unresolved,scotland,unknown,0,,homepage loaded (https://cambuslanggolf.co.uk/) but no platform signal found on it or 0 booking-ish link(s),
Campbelltown Putting Green,unresolved,scotland,unknown,0,,homepage loaded (https://www.skdt.org/putting-green/) but no platform signal found on it or 1 booking-ish link,
Canmore Golf Club,unresolved,scotland,error,0,,site refused or failed to load,
Caprington Golf Club,unresolved,scotland,unknown,0,,homepage loaded (https://www.capringtongolfclub.com/) but no platform signal found on it or 2 booking-ish link,
Cardross Golf Club,unresolved,scotland,unknown,0,,homepage loaded (https://www.cardross.com/) but no platform signal found on it or 0 booking-ish link(s),
Carnegie Links,unresolved,scotland,unknown,0,,homepage loaded (https://www.carnegieclub.co.uk/golf-championship-links.html) but no platform signal found on ,
Carradale Golf Course,unresolved,scotland,unknown,0,,homepage loaded (https://www.carradalegolf.com/) but no platform signal found on it or 2 booking-ish link(s),
Carrick Knowe Golf Club,unresolved,scotland,unknown,0,,homepage loaded (https://www.carrickvalegolfclub.co.uk/) but no platform signal found on it or 1 booking-ish l,
Castle Douglas Golf Club,unresolved,scotland,unknown,0,,homepage loaded (https://cdgolfclub.co.uk/) but no platform signal found on it or 3 booking-ish link(s),
Castle Stuart Golf Links,unresolved,scotland,error,0,,site refused or failed to load,
Cathkin Braes Golf Club,unresolved,scotland,error,0,,site refused or failed to load,
Charleton Golf Club,unresolved,scotland,unknown,0,,homepage loaded (https://charleton.co.uk/) but no platform signal found on it or 6 booking-ish link(s),
Cluny Golf,unresolved,scotland,unknown,0,,homepage loaded (https://www.clunyactivities.co.uk/golf/) but no platform signal found on it or 3 booking-ish ,
Cochrane Castle Golf Club,unresolved,scotland,unknown,0,,homepage loaded (https://cochranecastle.com/) but no platform signal found on it or 1 booking-ish link(s),
Colonsay Golf Club,unresolved,scotland,unknown,0,,site reachable (https://colonsay.org.uk/) but no visitor booking found on it or 0 sub-page(s),
Colvend Golf Club,unresolved,scotland,unknown,0,,homepage loaded (https://www.colvendgolfclub.co.uk/) but no platform signal found on it or 7 booking-ish link(,
Colville Park Golf Course,unresolved,scotland,unknown,0,,homepage loaded (https://colvilleparkgc.co.uk/) but no platform signal found on it or 8 booking-ish link(s),
Comann Goilf na Hearadh,unresolved,scotland,unknown,0,,homepage loaded (https://www.harrisgolf.com/) but no platform signal found on it or 5 booking-ish link(s),
Comrie Golf Course,unresolved,scotland,unknown,0,,homepage loaded (https://www.comriegolf.co.uk/) but no platform signal found on it or 4 booking-ish link(s),
Comunn Goilf Bharraidh,unresolved,scotland,no_site,0,,no working website found,
Corrie Golf Club,unresolved,scotland,unknown,0,,homepage loaded (https://www.golfonarran.com/) but no platform signal found on it or 1 booking-ish link(s),
Covesea Links,unresolved,scotland,unknown,0,,homepage loaded (https://covesealinks.com/) but no platform signal found on it or 2 booking-ish link(s),
Cowal Golf Club,unresolved,scotland,error,0,,site refused or failed to load,
Cowdenbeath Golf Course,unresolved,scotland,brs,0,,brs seen but no confirmed public visitor sheet — worth another look,https://www.brsgolf.com/cowdenbeath/visitor_home.php
Craggan Golf Course,unresolved,scotland,unknown,0,,homepage loaded (https://www.cairngormsactivities.co.uk/golf) but no platform signal found on it or 3 booking-,
Craigentinny Golf Course,unresolved,scotland,gladstone,0,,gladstone seen but no confirmed public visitor sheet — worth another look,https://edinburghleisure.gladstonego.cloud/book
Craighead Links,unresolved,scotland,clubv1,0,,clubv1 seen but no confirmed public visitor sheet — worth another look,https://crail.hub.clubv1.com/Visitors/booking
Craigie Hill Golf Course,unresolved,scotland,unknown,0,,homepage loaded (https://www.craigiehill.co.uk/) but no platform signal found on it or 1 booking-ish link(s),
Craigielaw Golf Club,unresolved,scotland,golf_manager,0,,golf_manager seen but no confirmed public visitor sheet — worth another look,https://www.craigielawgolfclub.com/golf/play-at-craigielaw/
Craigknowes Golf Course,unresolved,scotland,no_site,0,,no working website found,
Craignure Golf Club,unresolved,scotland,unknown,0,,homepage loaded (https://craignuregolfclub.co.uk/) but no platform signal found on it or 2 booking-ish link(s),
Craigtoun Country Park Course,unresolved,scotland,unknown,0,,homepage loaded (https://www.friendsofcraigtoun.org.uk/attractions/park-golf) but no platform signal found on ,
Craigtoun Course,unresolved,scotland,unknown,0,,homepage loaded (https://www.standrews.com/golf/courses/the-craigtoun-course) but no platform signal found on ,
Crichton Golf Club,unresolved,scotland,unknown,0,,homepage loaded (https://www.crichtongolfclub.com/) but no platform signal found on it or 2 booking-ish link(s,
Crieff Hydro Golf Course,unresolved,scotland,no_site,0,,no working website found,
Cruden Bay Golf Club,unresolved,scotland,brs,0,,brs seen but no confirmed public visitor sheet — worth another look,https://visitors.brsgolf.com/crudenbay#/open-competitions
Cullen Golf Club,unresolved,scotland,unknown,0,,homepage loaded (https://cullengolfclub.co.uk/) but no platform signal found on it or 0 booking-ish link(s),
Dalbeattie Golf Club,unresolved,scotland,unknown,0,,homepage loaded (https://www.dalbeattiegolfclub.co.uk/) but no platform signal found on it or 4 booking-ish li,
Dalmally Golf Club,unresolved,scotland,unknown,0,,homepage loaded (https://www.dalmallygolfclub.co.uk/) but no platform signal found on it or 1 booking-ish link,
Dalmuir Municipal Golf Course,unresolved,scotland,dead_link,0,,no working website found,
Dodhead Golf Course,unresolved,scotland,brs,0,,brs seen but no confirmed public visitor sheet — worth another look,
Dollar Golf Club,unresolved,scotland,unknown,0,,homepage loaded (https://www.bandaautomotive.net/) but no platform signal found on it or 1 booking-ish link(s),
Doon Valley Golf Club,unresolved,scotland,no_site,0,,no working website found,
Douglas Water Golf Course,unresolved,scotland,no_site,0,,no working website found,
Dragon's Tooth Golf Club,unresolved,scotland,unknown,0,,site reachable (https://dragonstooth.co.uk/) but no visitor booking found on it or 0 sub-page(s),
Drimsynie Estate Golf Course Lochgoilhead,unresolved,scotland,dead_link,0,,no working website found,
Drumpellier Golf Course,unresolved,scotland,unknown,0,,site reachable (https://www.drumpelliergolf.co.uk/cgi-sys/suspendedpage.cgi) but no visitor booking found on i,
Dumbarton Golf Club,unresolved,scotland,unknown,0,,site reachable (https://dumbartongolfclub.co.uk/) but no visitor booking found on it or 0 sub-page(s),
Dunaverty Golf Club,unresolved,scotland,unknown,0,,homepage loaded (https://www.dunavertygolfclub.com/) but no platform signal found on it or 3 booking-ish link(,
Dunecht House Golf Club,unresolved,scotland,unknown,0,,homepage loaded (https://www.dunechthousegolfclub.co.uk/) but no platform signal found on it or 1 booking-ish ,
Dunes Golf Centre,unresolved,scotland,unknown,0,,homepage loaded (https://dunesgolfcentre.co.uk/) but no platform signal found on it or 5 booking-ish link(s),
Dunning Golf Club,unresolved,scotland,unknown,0,,homepage loaded (https://www.dunninggolfclub.co.uk/) but no platform signal found on it or 6 booking-ish link(,
Durness Golf Club,unresolved,scotland,unknown,0,,homepage loaded (https://www.durnessgolfclub.org/) but no platform signal found on it or 41 booking-ish link(s,
Earl of Mar Golf Course,unresolved,scotland,unknown,0,,homepage loaded (https://www.jaresortshotels.com/scotland/ja-mar-hall/golf/) but no platform signal found on i,
Eastwood Golf Course,unresolved,scotland,brs,0,,brs seen but no confirmed public visitor sheet — worth another look,
Elmwood Golf Course,unresolved,scotland,unknown,0,,homepage loaded (https://www.elmwoodgolf.co.uk/) but no platform signal found on it or 2 booking-ish link(s),
Eyemouth Golf Club,unresolved,scotland,brs,0,,brs seen but no confirmed public visitor sheet — worth another look,
Fair Isle Lighthouse Keeper's Golf Course,unresolved,scotland,unknown,0,,homepage loaded (https://fair-isle.blogspot.com/p/golf.html) but no platform signal found on it or 5 booking-i,
Fairways Loch Ness Golf Club,unresolved,scotland,unknown,0,,site reachable (https://fairwaysgolfcentreandrestaurant.com) but no visitor booking found on it or 2 sub-page(,
Falkland Golf Club,unresolved,scotland,unknown,0,,homepage loaded (https://falklandgolfclub.com/) but no platform signal found on it or 3 booking-ish link(s),
Feddinch Mains,unresolved,scotland,error,0,,site refused or failed to load,
Forfar Golf Club,unresolved,scotland,error,0,,site refused or failed to load,
Fort Augustus Golf Club,unresolved,scotland,no_site,0,,no working website found,
Foulford Inn Golf Course,unresolved,scotland,unknown,0,,site reachable (https://foulfordinn.co.uk/) but no visitor booking found on it or 0 sub-page(s),
Fraserburgh Golf Club,unresolved,scotland,unknown,0,,homepage loaded (https://fraserburghgolfclub.org/) but no platform signal found on it or 3 booking-ish link(s),
Gairloch Golf Club,unresolved,scotland,unknown,0,,homepage loaded (https://gairlochgolfclub.co.uk/index.html) but no platform signal found on it or 3 booking-is,
Galashiels Golf Course,unresolved,scotland,unknown,0,,homepage loaded (https://www.galashielsgolfclub.co.uk/) but no platform signal found on it or 1 booking-ish li,
Gigha Golf Club,unresolved,scotland,no_site,0,,no working website found,
Glasgow Golf Club (Killermont Course),unresolved,scotland,dead_link,0,,no working website found,
Glasgow Golf Club / Gailes Links,unresolved,scotland,brs,0,,brs seen but no confirmed public visitor sheet — worth another look,
Glenalmond College Golf Course,unresolved,scotland,unknown,0,,homepage loaded (https://www.glenalmondcollege.co.uk/co-curricular/sports/golf-school) but no platform signal ,
Glencorse Golf Club,unresolved,scotland,unknown,0,,homepage loaded (https://www.glencorsegolfclub.com/) but no platform signal found on it or 1 booking-ish link(,
Glencruitten Golf Club,unresolved,scotland,unknown,0,,homepage loaded (https://www.golfoban.com/) but no platform signal found on it or 3 booking-ish link(s),
Glenisla Golf Course,unresolved,scotland,unknown,0,,homepage loaded (https://www.alythgolfclub.co.uk/glenisla-course) but no platform signal found on it or 2 book,
Glenrothes Golf Course,unresolved,scotland,error,0,,site refused or failed to load,
Gordonstoun Golf Course,unresolved,scotland,no_site,0,,no working website found,
Gourock Golf Club,unresolved,scotland,unknown,0,,homepage loaded (https://www.gourockgolfclub.com/) but no platform signal found on it or 6 booking-ish link(s),
Grangemouth Golf Club,unresolved,scotland,unknown,0,,homepage loaded (https://www.grangemouthgolfclub.co.uk/) but no platform signal found on it or 5 booking-ish l,
Grantown-On-Spey Golf Club,unresolved,scotland,unknown,0,,site reachable (https://www.golfholidays.com/grantown-on-spey-golf-club/) but no visitor booking found on it o,
Guthrie Castle Golf Course,unresolved,scotland,error,0,,site refused or failed to load,
gWest golf course,unresolved,scotland,unknown,0,,homepage loaded (https://www.gwest.co.uk/golf.php) but no platform signal found on it or 0 booking-ish link(s),
Haggs Castle Golf Course,unresolved,scotland,brs,0,,brs seen but no confirmed public visitor sheet — worth another look,https://visitors.brsgolf.com/haggscastle
Hamilton Golf Club,unresolved,scotland,unknown,0,,homepage loaded (https://www.hamiltongolfclub.co.uk/) but no platform signal found on it or 7 booking-ish link,
Hawick Golf Course,unresolved,scotland,unknown,0,,homepage loaded (https://www.hawickgolfclub.com/) but no platform signal found on it or 4 booking-ish link(s),
Hazlehead Golf Course,unresolved,scotland,unknown,0,,homepage loaded (https://www.sportaberdeen.co.uk/venues/hazlehead-18-hole-courses) but no platform signal foun,
Heads of Ayr Golf Course,unresolved,scotland,no_site,0,,no working website found,
Helensburgh Golf Club,unresolved,scotland,unknown,0,,homepage loaded (https://www.helensburghgolfclub.co.uk/) but no platform signal found on it or 2 booking-ish l,
Helmsdale Community Golf Club,unresolved,scotland,no_site,0,,no working website found,
Hirsel Golf Club,unresolved,scotland,no_site,0,,no working website found,
Hoddom Castle Caravan Site golf course,unresolved,scotland,unknown,0,,homepage loaded (https://www.hoddomcastle.co.uk/) but no platform signal found on it or 2 booking-ish link(s),
Hopeman Golf Club,unresolved,scotland,unknown,0,,site reachable (https://www.hopemangc.co.uk/) but no visitor booking found on it or 0 sub-page(s),
Inverallochy Golf Club,unresolved,scotland,unknown,0,,homepage loaded (https://www.inverallochygolfclub.com/) but no platform signal found on it or 1 booking-ish li,
Inveraray Golf Club,unresolved,scotland,no_site,0,,no working website found,
Invergordon Golf Club,unresolved,scotland,unknown,0,,homepage loaded (https://www.invergordongolf.co.uk/) but no platform signal found on it or 6 booking-ish link(,
Irvine Ravenspark Golf Club,unresolved,scotland,unknown,0,,homepage loaded (https://www.irgc.co.uk/) but no platform signal found on it or 1 booking-ish link(s),
Isle of Eriska Golf Club,unresolved,scotland,no_site,0,,no working website found,
Jedburgh Golf Course,unresolved,scotland,unknown,0,,homepage loaded (https://www.jedburghgolfclub.co.uk/) but no platform signal found on it or 3 booking-ish link,
Jubilee Course,unresolved,scotland,unknown,0,,site reachable (https://standrews.com/Play/Courses/Jubilee-Course) but no visitor booking found on it or 1 sub,
Keith Golf Club,unresolved,scotland,unknown,0,,site reachable (https://www.keithgolfclub.co.uk/) but no visitor booking found on it or 0 sub-page(s),
Kelly Castle golf course,unresolved,scotland,no_site,0,,no working website found,
Kemnay Golf Club,unresolved,scotland,brs,0,,brs seen but no confirmed public visitor sheet — worth another look,
Kilbirnie Place Golf Club,unresolved,scotland,unknown,0,,homepage loaded (https://www.kilbirnieplacegc.co.uk/) but no platform signal found on it or 1 booking-ish link,
Killin Golf Club,unresolved,scotland,unknown,0,,homepage loaded (https://www.killingolfclub.co.uk/) but no platform signal found on it or 1 booking-ish link(s,
Kilmarnock Golf Club Barassie Links,unresolved,scotland,error,0,,site refused or failed to load,
Kilsyth Lennox Golfcouse,unresolved,scotland,unknown,0,,homepage loaded (https://www.kilsythlennox.com/) but no platform signal found on it or 7 booking-ish link(s),
King Robert the Bruce,unresolved,scotland,no_site,0,,no working website found,
Kingarrock Hickory Golf Course,unresolved,scotland,brs,0,,brs seen but no confirmed public visitor sheet — worth another look,
Kinghorn Golf Course,unresolved,scotland,unknown,0,,homepage loaded (https://www.fifegolftrust.co.uk/our-courses/kinghorn) but no platform signal found on it or 0,
Kingsbarns Golf Links,unresolved,scotland,unknown,0,,homepage loaded (https://www.kingsbarns.com/) but no platform signal found on it or 3 booking-ish link(s),
Kingsfield Golf Course,unresolved,scotland,unknown,0,,site reachable (https://kingsfieldgolfandleisure.co.uk/) but no visitor booking found on it or 0 sub-page(s),
Kinloss Golf Course,unresolved,scotland,no_site,0,,no working website found,
Kippie Lodge Sports & Leisure,unresolved,scotland,error,0,,site refused or failed to load,
Kirkcaldy Golf Club,unresolved,scotland,unknown,0,,homepage loaded (https://kirkcaldygolfclub.co.uk/) but no platform signal found on it or 2 booking-ish link(s),
Kirkcudbright Golf Course,unresolved,scotland,unknown,0,,homepage loaded (https://www.kirkcudbrightgolf.co.uk/) but no platform signal found on it or 5 booking-ish lin,
Kittocks Course,unresolved,scotland,unknown,0,,homepage loaded (https://www.fairmont.com/en/hotels/st-andrews/fairmont-st-andrews.html) but no platform signa,
Knightswood Golf Course,unresolved,scotland,dead_link,0,,no working website found,
Kyles of Bute Golf Club,unresolved,scotland,unknown,0,,homepage loaded (https://www.kylesofbutegolfclub.co.uk/) but no platform signal found on it or 1 booking-ish l,
Lamlash Golf Club,unresolved,scotland,brs,0,,brs seen but no confirmed public visitor sheet — worth another look,https://visitors.brsgolf.com/lamlash
Langholm Golf Club,unresolved,scotland,unknown,0,,homepage loaded (https://www.langholmgolfclub.co.uk/) but no platform signal found on it or 1 booking-ish link,
Langlands Golf Club,unresolved,scotland,unknown,0,,homepage loaded (https://www.langlandsgolfclub.co.uk/) but no platform signal found on it or 3 booking-ish lin,
Larkhall Golf Course,unresolved,scotland,unknown,0,,homepage loaded (https://www.slleisureandculture.co.uk/info/243/larkhall_golf_course) but no platform signal f,
Lauder Golf Club,unresolved,scotland,unknown,0,,site reachable (https://lauder.golf-club.website/) but no visitor booking found on it or 0 sub-page(s),
Leadhills Golf Course,unresolved,scotland,unknown,0,,homepage loaded (https://www.leadhillsgolfclub.com/) but no platform signal found on it or 2 booking-ish link(,
Leslie Golf Club,unresolved,scotland,unknown,0,,homepage loaded (https://www.lesliegolfclub.co.uk/) but no platform signal found on it or 0 booking-ish link(s,
Leven Links Golf Course,unresolved,scotland,brs,0,,brs seen but no confirmed public visitor sheet — worth another look,
Lilliesleaf Golf Course,unresolved,scotland,no_site,0,,no working website found,
Loch Lomond Golf Course,unresolved,scotland,unknown,0,,site reachable (https://www.lochlomond.com/) but no visitor booking found on it or 0 sub-page(s),
Loch of Aboyne Golf Course,unresolved,scotland,no_site,0,,no working website found,
Loch View Golf Course,unresolved,scotland,gladstone,0,,gladstone seen but no confirmed public visitor sheet — worth another look,https://northlanarkshirecouncil.gladstonego.cloud/book
Lochcarron Golf Course,unresolved,scotland,unknown,0,,homepage loaded (https://lochcarrongolfclub.co.uk/) but no platform signal found on it or 3 booking-ish link(s,
Lochgilphead Golf Club,unresolved,scotland,unknown,0,,homepage loaded (https://www.lochgilpheadgolfclub.co.uk/) but no platform signal found on it or 3 booking-ish ,
Lochore Meadow Golf Course,unresolved,scotland,unknown,0,,homepage loaded (https://www.fifegolftrust.co.uk/our-courses/lochore-meadows) but no platform signal found on ,
Lochranza Golf Course,unresolved,scotland,unknown,0,,homepage loaded (http://www.lochranzagolf.com/) but no platform signal found on it or 0 booking-ish link(s),
Lochview Family Golf Centre,unresolved,scotland,no_site,0,,no working website found,
Lockerbie Golf Club,unresolved,scotland,error,0,,site refused or failed to load,
Longside Golf Club,unresolved,scotland,unknown,0,,homepage loaded (https://www.longsidegolfclub.co.uk/) but no platform signal found on it or 2 booking-ish link,
Luffness New Golf Club,unresolved,scotland,unknown,0,,homepage loaded (https://www.luffnessnew.com/) but no platform signal found on it or 1 booking-ish link(s),
Lumphanan Golf Course,unresolved,scotland,unknown,0,,homepage loaded (https://www.lumphanangolfclub.co.uk/) but no platform signal found on it or 2 booking-ish lin,
Lundin Ladies Golf Club,unresolved,scotland,unknown,0,,site reachable (https://lundinladiesgolfclub.co.uk/) but no visitor booking found on it or 3 sub-page(s),
Lybster Golf Club,unresolved,scotland,unknown,0,,homepage loaded (https://lybstergolfclub.co.uk/) but no platform signal found on it or 4 booking-ish link(s),
Lynedoch Course,unresolved,scotland,unknown,0,,homepage loaded (https://www.murrayshall.co.uk/) but no platform signal found on it or 11 booking-ish link(s),
Macdonald Cardrona Hotel Golf Course,unresolved,scotland,no_site,0,,no working website found,
Machrie Bay Golf Course,unresolved,scotland,unknown,0,,homepage loaded (https://www.machriebay.com/) but no platform signal found on it or 1 booking-ish link(s),
Machrihanish Dunes Golf Course,unresolved,scotland,unknown,0,,site reachable (https://machrihanishdunes.com/) but no visitor booking found on it or 0 sub-page(s),
Mains of Taymouth Golf Course,unresolved,scotland,unknown,0,,homepage loaded (https://www.taymouth.co.uk/) but no platform signal found on it or 3 booking-ish link(s),
Meldrum House Golf Course,unresolved,scotland,unknown,0,,homepage loaded (https://www.meldrumhouse.com/golf/) but no platform signal found on it or 2 booking-ish link(,
Melrose Golf Club,unresolved,scotland,unknown,0,,homepage loaded (https://melrosegolfclub.co.uk/) but no platform signal found on it or 4 booking-ish link(s),
Melville Golf Course,unresolved,scotland,unknown,0,,site reachable (https://melvillegolf.com/) but no visitor booking found on it or 2 sub-page(s),
Millport Golf Course,unresolved,scotland,unknown,0,,homepage loaded (https://millportgolfclub.co.uk/) but no platform signal found on it or 5 booking-ish link(s),
Minto Golf Course,unresolved,scotland,unknown,0,,site reachable (https://www.mintogolf.co.uk/) but no visitor booking found on it or 0 sub-page(s),
Moffat Golf Course,unresolved,scotland,unknown,0,,homepage loaded (https://www.moffatgolfclub.co.uk/) but no platform signal found on it or 2 booking-ish link(s,
Monksford House Golf Course,unresolved,scotland,no_site,0,,no working website found,
Montrose Golf Links,unresolved,scotland,unknown,0,,site reachable (https://montrosegolflinks.com/) but no visitor booking found on it or 0 sub-page(s),
Muirfield,unresolved,scotland,intelligent_golf,0,,intelligent_golf seen but no confirmed public visitor sheet — worth another look,
Muirkirk Golf Club,unresolved,scotland,no_site,0,,no working website found,
Murcar Links Golf Club,unresolved,scotland,brs,0,,brs seen but no confirmed public visitor sheet — worth another look,https://visitors.brsgolf.com/murcarlinks#/course/1
Murrayshall Course,unresolved,scotland,unknown,0,,homepage loaded (https://www.murrayshall.co.uk/) but no platform signal found on it or 11 booking-ish link(s),
"Musselburgh Links, The Old Golf Course",unresolved,scotland,error,0,,site refused or failed to load,
New Cumnock Golf Course,unresolved,scotland,error,0,,site refused or failed to load,
New Galloway Golf Club,unresolved,scotland,unknown,0,,homepage loaded (https://newgallowaygolfclub.com/) but no platform signal found on it or 2 booking-ish link(s),
Newcastleton Golf Course,unresolved,scotland,dead_link,0,,no working website found,
Newton Stewart Golf Club,unresolved,scotland,unknown,0,,homepage loaded (https://www.newtonstewartgolfclub.co.uk/) but no platform signal found on it or 3 booking-ish,
Newtonmore Golf Club,unresolved,scotland,unknown,0,,site reachable (https://newtonmoregolf.com/) but no visitor booking found on it or 5 sub-page(s),
Niddry Castle Golf Course,unresolved,scotland,brs,0,,brs seen but no confirmed public visitor sheet — worth another look,https://visitors.brsgolf.com/linlithgowshire#/open-competitions
North Gailes Golf Centre,unresolved,scotland,error,0,,site refused or failed to load,
North Ronaldsay Golf Course,unresolved,scotland,unknown,0,,homepage loaded (https://northronaldsaytrust.com/2017/06/09/18-hole-golf-course-project/) but no platform sign,
Old Course Ranfurly Golf Club,unresolved,scotland,error,0,,site refused or failed to load,
Orkney Golf Club,unresolved,scotland,unknown,0,,homepage loaded (https://orkneygolfclub.co.uk/) but no platform signal found on it or 11 booking-ish link(s),
Palacerigg Golf Club,unresolved,scotland,error,0,,site refused or failed to load,
Peterculter Golf Club,unresolved,scotland,unknown,0,,homepage loaded (https://www.petercultergolfclub.co.uk/) but no platform signal found on it or 1 booking-ish l,
Piperdam Golf & Leisure Resort,unresolved,scotland,unknown,0,,homepage loaded (https://www.landal.co.uk/parks/piperdam?gclsrc=aw.ds&gad_source=1#filter:eyJhttps://www.landa,
Playsport Golf Test Drive Range,unresolved,scotland,unknown,0,,site reachable (https://playsportgolf.co.uk/) but no visitor booking found on it or 5 sub-page(s),
Polmont Golf Club,unresolved,scotland,error,0,,site refused or failed to load,
Port Bannatyne Golf Club,unresolved,scotland,unknown,0,,homepage loaded (https://portbannatynegolfclub.co.uk/) but no platform signal found on it or 1 booking-ish lin,
Port Glasgow Golf Club,unresolved,scotland,unknown,0,,homepage loaded (https://www.portglasgowgolfclub.co.uk/) but no platform signal found on it or 6 booking-ish l,
Portmahomack Golf Club,unresolved,scotland,unknown,0,,homepage loaded (https://portmahomackgolfclub.com/) but no platform signal found on it or 2 booking-ish link(s,
Portobello Golf Course,unresolved,scotland,gladstone,0,,gladstone seen but no confirmed public visitor sheet — worth another look,https://edinburghleisure.gladstonego.cloud/book
Ralston Golf Course,unresolved,scotland,unknown,0,,homepage loaded (https://www.ralstongolfclub.com/) but no platform signal found on it or 6 booking-ish link(s),
Ranfurly Castle Golf Club,unresolved,scotland,unknown,0,,homepage loaded (https://www.ranfurlycastlegolfclub.co.uk/) but no platform signal found on it or 5 booking-is,
Raon Goilf Aisgernis,unresolved,scotland,unknown,0,,homepage loaded (https://www.askernishgolfclub.com/) but no platform signal found on it or 2 booking-ish link(,
Raon Goilf Beinn na Faoghla,unresolved,scotland,unknown,0,,homepage loaded (https://www.benbeculagolfclub.co.uk/) but no platform signal found on it or 2 booking-ish lin,
Raon Goilf Steòrnabhaigh,unresolved,scotland,unknown,0,,homepage loaded (https://stornowaygolfclub.co.uk/) but no platform signal found on it or 19 booking-ish link(s,
Ravelston Golf Course,unresolved,scotland,unknown,0,,homepage loaded (https://www.ravelstongolfclub.co.uk/) but no platform signal found on it or 2 booking-ish lin,
Reay Golf Course,unresolved,scotland,unknown,0,,site reachable (https://reaygolfclub.com/) but no visitor booking found on it or 0 sub-page(s),
Renfrew Golf Course,unresolved,scotland,unknown,0,,site reachable (https://renfrewgolfclub.net/Shared/Error?aspxerrorpath=/) but no visitor booking found on it o,
Riverside Lodge Hotel Irvine Golf Course,unresolved,scotland,no_site,0,,no working website found,
Roodlea Golf Course,unresolved,scotland,unknown,0,,site reachable (https://www.roodleagolf.co.uk/) but no visitor booking found on it or 4 sub-page(s),
Rosehearty Golf Club,unresolved,scotland,unknown,0,,homepage loaded (https://www.roseheartygolfclub.com/) but no platform signal found on it or 2 booking-ish link,
Ross Priory Club,unresolved,scotland,unknown,0,,homepage loaded (https://www.strath.ac.uk/rosspriory/) but no platform signal found on it or 2 booking-ish lin,
Rothesay Golf Club,unresolved,scotland,unknown,0,,homepage loaded (https://www.rothesaygolfclub.co.uk/) but no platform signal found on it or 1 booking-ish link,
Routenburn Golf Club,unresolved,scotland,unknown,0,,homepage loaded (https://www.routenburngolfclub.co.uk/) but no platform signal found on it or 0 booking-ish li,
Roxburghe Hotel & Golf Course,unresolved,scotland,error,0,,site refused or failed to load,
Royal Tarlair Golf Club,unresolved,scotland,unknown,0,,homepage loaded (https://royaltarlair.co.uk/) but no platform signal found on it or 1 booking-ish link(s),
Ruchill Park Golf Course,unresolved,scotland,dead_link,0,,no working website found,
Rutherford Castle Golf Course,unresolved,scotland,error,0,,site refused or failed to load,
Saline Golf Course,unresolved,scotland,unknown,0,,site reachable (https://salinegc.co.uk/) but no visitor booking found on it or 0 sub-page(s),
Sanquhar Golf Course,unresolved,scotland,no_site,0,,no working website found,
Scoonie Golf Course,unresolved,scotland,unknown,0,,homepage loaded (https://www.scooniegolfclub.com/https://fifegolftrust.co.uk/scoonie-golf-course/) but no plat,
Selkirk Golf Club,unresolved,scotland,unknown,0,,homepage loaded (https://selkirkgolfclub.co.uk/) but no platform signal found on it or 0 booking-ish link(s),
Seton Sands 9 Hole Golf Course,unresolved,scotland,unknown,0,,homepage loaded (https://www.haven.com/parks/scotland/seton-sands) but no platform signal found on it or 5 boo,
Shetland Golf Club,unresolved,scotland,unknown,0,,homepage loaded (https://www.shetlandgolfclub.co.uk/) but no platform signal found on it or 3 booking-ish link,
Shiskine Golf Club,unresolved,scotland,brs,0,,brs seen but no confirmed public visitor sheet — worth another look,https://visitors.brsgolf.com/shiskine
Silverknowes Golf Course,unresolved,scotland,gladstone,0,,gladstone seen but no confirmed public visitor sheet — worth another look,https://edinburghleisure.gladstonego.cloud/book
Skeabost Golf Club,unresolved,scotland,no_site,0,,no working website found,
Skelmorlie Golf Club,unresolved,scotland,unknown,0,,homepage loaded (https://skelmorlievmsweb.skelmorliegolf.co.uk/) but no platform signal found on it or 9 booki,
South Ronaldsay Golf Course,unresolved,scotland,unknown,0,,homepage loaded (https://southronaldsaygolf.com/) but no platform signal found on it or 3 booking-ish link(s),
Spey Bay Golf Course,unresolved,scotland,unknown,0,,homepage loaded (https://www.linksdao.io/spey-bay) but no platform signal found on it or 0 booking-ish link(s),
Spey Valley 9-hole Academy Golf Course,unresolved,scotland,no_site,0,,no working website found,
St Fillans Golf Club,unresolved,scotland,unknown,0,,homepage loaded (https://www.st-fillans-golf.com/) but no platform signal found on it or 1 booking-ish link(s),
St Medan Golf Club,unresolved,scotland,unknown,0,,homepage loaded (https://www.stmedangolfclub.com/) but no platform signal found on it or 1 booking-ish link(s),
St. Nicholas Golf Club,unresolved,scotland,brs,0,,brs seen but no confirmed public visitor sheet — worth another look,
St. Stephen’s Primary School golf course,unresolved,scotland,unknown,0,,homepage loaded (https://blogs.glowscotland.org.uk/nl/ststephensprimary/) but no platform signal found on it o,
Strathclyde Park Golf Course,unresolved,scotland,unknown,0,,homepage loaded (https://www.slleisureandculture.co.uk/info/244/strathclyde_park_golf_course) but no platform ,
Strathlene Golf Club,unresolved,scotland,unknown,0,,homepage loaded (https://www.strathlenegolfclub.co.uk/) but no platform signal found on it or 0 booking-ish li,
Strathpeffer Spa Golf Club,unresolved,scotland,unknown,0,,homepage loaded (https://www.strathpeffergolf.co.uk/) but no platform signal found on it or 0 booking-ish link,
Strathtyrum Course,unresolved,scotland,unknown,0,,site reachable (https://standrews.com/Play/Courses/Strathtyrum-Course) but no visitor booking found on it or 1,
Stromness Golf Club,unresolved,scotland,unknown,0,,homepage loaded (https://www.stromnessgc.co.uk/) but no platform signal found on it or 3 booking-ish link(s),
Struie Course,unresolved,scotland,unknown,0,,homepage loaded (https://royaldornoch.com/struie-course/) but no platform signal found on it or 5 booking-ish ,
Swanston Golf Course,unresolved,scotland,brs,0,,brs seen but no confirmed public visitor sheet — worth another look,
Tarbert Golf Club,unresolved,scotland,unknown,0,,homepage loaded (https://tarbertgolfclub.com/) but no platform signal found on it or 2 booking-ish link(s),
Taymouth Castle Golf Course,unresolved,scotland,unknown,0,,homepage loaded (https://welcometotaymouth.com/) but no platform signal found on it or 0 booking-ish link(s),
Taynuilt Golf Club,unresolved,scotland,unknown,0,,homepage loaded (https://www.taynuiltgolfclub.co.uk/) but no platform signal found on it or 3 booking-ish link,
The Carrick Golf Course,unresolved,scotland,unknown,0,,homepage loaded (https://www.thecarrick.com/) but no platform signal found on it or 1 booking-ish link(s),
The Ferntower Coure,unresolved,scotland,no_site,0,,no working website found,
The Kames Golf Club (Mouse Valley),unresolved,scotland,error,0,,site refused or failed to load,
The Machrie,unresolved,scotland,unknown,0,,site reachable (https://islaygolfclub.co.uk/) but no visitor booking found on it or 0 sub-page(s),
The Pine Lodge Golf Centre,unresolved,scotland,no_site,0,,no working website found,
The Renaissance Club,unresolved,scotland,unknown,0,,homepage loaded (https://trcaa.com/) but no platform signal found on it or 0 booking-ish link(s),
The Westerwood Hotel & Golf Resort,unresolved,scotland,dead_link,0,,no working website found,
Thornton Golf Club,unresolved,scotland,brs,0,,brs seen but no confirmed public visitor sheet — worth another look,
Thurso Golf Club,unresolved,scotland,unknown,0,,homepage loaded (https://thursogolfclub.co.uk/) but no platform signal found on it or 0 booking-ish link(s),
Tobermory Golf Club,unresolved,scotland,unknown,0,,homepage loaded (https://www.tobermorygolfclub.com/) but no platform signal found on it or 2 booking-ish link(,
Torrance Course,unresolved,scotland,unknown,0,,homepage loaded (https://www.fairmont.com/en/hotels/st-andrews/fairmont-st-andrews.html) but no platform signa,
Torrance House Golf Club,unresolved,scotland,unknown,0,,homepage loaded (https://torrancehousegc.co.uk/) but no platform signal found on it or 1 booking-ish link(s),
Traigh Golf Course,unresolved,scotland,unknown,0,,homepage loaded (https://www.traighgolf.co.uk/) but no platform signal found on it or 2 booking-ish link(s),
Troon Darley,unresolved,scotland,dead_link,0,,no working website found,
Troon Fullarton,unresolved,scotland,dead_link,0,,no working website found,
Troon Lochgreen,unresolved,scotland,dead_link,0,,no working website found,
Turriff Golf Club,unresolved,scotland,unknown,0,,homepage loaded (https://www.turriffgolfclub.co.uk/) but no platform signal found on it or 3 booking-ish link(,
Uig Lodge golf course,unresolved,scotland,unknown,0,,homepage loaded (https://www.uiglodge.co.uk/) but no platform signal found on it or 3 booking-ish link(s),
Ullapool Golf Club,unresolved,scotland,unknown,0,,homepage loaded (https://www.ullapoolgolfclub.co.uk/) but no platform signal found on it or 2 booking-ish link,
University of Stirling - Airthrey Golf Club,unresolved,scotland,dead_link,0,,no working website found,
Vaul Golf Club,unresolved,scotland,unknown,0,,homepage loaded (https://www.vaulgolfclub.co.uk/) but no platform signal found on it or 2 booking-ish link(s),
Wee Braids Golf Course,unresolved,scotland,gladstone,0,,gladstone seen but no confirmed public visitor sheet — worth another look,https://edinburghleisure.gladstonego.cloud/book
West Linton Golf Course,unresolved,scotland,brs,0,,brs seen but no confirmed public visitor sheet — worth another look,https://www.brsgolf.com/westlinton/visitor_menu.php?framed=true
Westhill Golf Club,unresolved,scotland,brs,0,,brs seen but no confirmed public visitor sheet — worth another look,
Westray Golf Club,unresolved,scotland,unknown,0,,homepage loaded (https://westraygolf.org/) but no platform signal found on it or 0 booking-ish link(s),
Whalsay Golf Club,unresolved,scotland,unknown,0,,site reachable (https://whalsaygolfclub.co.uk/) but no visitor booking found on it or 0 sub-page(s),
Whinhill Golf Course,unresolved,scotland,error,0,,site refused or failed to load,
Whitecraigs Golf Club,unresolved,scotland,intelligent_golf,0,,intelligent_golf seen but no confirmed public visitor sheet — worth another look,
Whitemoss Golf Club,unresolved,scotland,no_site,0,,no working website found,
Whiting Bay Golf Club,unresolved,scotland,brs,0,,brs seen but no confirmed public visitor sheet — worth another look,https://visitors.brsgolf.com/whitingbay#/
Wigtown and Bladnoch Golf Club,unresolved,scotland,unknown,0,,homepage loaded (https://wigtownbladnoch.cw.sct.dotgolf.co.uk/home) but no platform signal found on it or 1 bo,
Wigtownshire County Golf Course,unresolved,scotland,unknown,0,,homepage loaded (https://wigtownshirecountygolfclub.com/) but no platform signal found on it or 2 booking-ish ,
Windyhill Golf Club,unresolved,scotland,unknown,0,,homepage loaded (https://windyhillgolfclub.co.uk/) but no platform signal found on it or 1 booking-ish link(s),
Winterfield Golf Course,unresolved,scotland,unknown,0,,site reachable (https://enjoyleisure.com/) but no visitor booking found on it or 4 sub-page(s),
Badgers Sett,unresolved,shropshire,no_site,0,,no working website found,
Chesterton Valley Golf Club,unresolved,shropshire,error,0,,site refused or failed to load,
Elm Lodge Golf Course,unresolved,shropshire,no_site,0,,no working website found,
Foxes Run,unresolved,shropshire,no_site,0,,no working website found,
Henlle Park,unresolved,shropshire,unknown,0,,homepage loaded (https://www.henllehall.com/) but no platform signal found on it or 0 booking-ish link(s),
Horsehay Village Golf Centre,unresolved,shropshire,gladstone,0,,gladstone seen but no confirmed public visitor sheet — worth another look,https://telfordandwrekinleisure.gladstonego.cloud/en_GB/book
Infinity Golf Studio,unresolved,shropshire,no_site,0,,no working website found,
Lilleshall Golf Course,unresolved,shropshire,no_site,0,,no working website found,
Llanymynech Golf Course,unresolved,shropshire,brs,0,,brs seen but no confirmed public visitor sheet — worth another look,https://visitors.brsgolf.com/midwales#/open-competitions
Meole Brace Golf Course,unresolved,shropshire,unknown,0,,homepage loaded (https://meolebracegolfclub.co.uk/) but no platform signal found on it or 0 booking-ish link(s,
Mile End Golf Club,unresolved,shropshire,brs,0,,brs seen but no confirmed public visitor sheet — worth another look,
Telford Hotel And Golf Resort,unresolved,shropshire,unknown,0,,homepage loaded (https://www.telfordhotelgolfresort.co.uk/) but no platform signal found on it or 19 booking-i,
Ashton Court Golf Course,unresolved,somerset,no_site,0,,no working website found,
Bleadon Hill Golf Course,unresolved,somerset,unknown,0,,homepage loaded (https://www.bleadonhillgolfcourse.co.uk/) but no platform signal found on it or 4 booking-ish,
Brean Golf Club,unresolved,somerset,brs,0,,brs seen but no confirmed public visitor sheet — worth another look,
Cannington Golf Centre,unresolved,somerset,error,0,,site refused or failed to load,
Cricket St Thomas Golf Course,unresolved,somerset,no_site,0,,no working website found,
Farrington Park Golf & Country Club,unresolved,somerset,unknown,0,,homepage loaded (https://www.madswans.com/) but no platform signal found on it or 2 booking-ish link(s),
Fosseway Golf Club,unresolved,somerset,no_site,0,,no working website found,
Golfbox,unresolved,somerset,no_site,0,,no working website found,
Isle of Wedmore Golf Course,unresolved,somerset,no_site,0,,no working website found,
Knowle Golf Club,unresolved,somerset,intelligent_golf,0,,intelligent_golf seen but no confirmed public visitor sheet — worth another look,
Lansdown Golf Club,unresolved,somerset,brs,0,,brs seen but no confirmed public visitor sheet — worth another look,
Minehead & West Somerset Golf Club,unresolved,somerset,no_site,0,,no working website found,
Shirehampton Park Golf Club,unresolved,somerset,unknown,0,,homepage loaded (https://spgc.shirehamptonparkgolfclub.co.uk/) but no platform signal found on it or 0 booking,
Swingrite Golf Centre,unresolved,somerset,unknown,0,,homepage loaded (https://swingrite.co.uk/) but no platform signal found on it or 0 booking-ish link(s),
The Mendip Golf Club,unresolved,somerset,no_site,0,,no working website found,
Vivary Golf Course,unresolved,somerset,no_site,0,,no working website found,
Wheathill Golf Club,unresolved,somerset,brs,0,,brs seen but no confirmed public visitor sheet — worth another look,
Wincanton Racecourse Golf,unresolved,somerset,unknown,0,,homepage loaded (https://www.thejockeyclub.co.uk/wincanton/) but no platform signal found on it or 9 booking-i,
Bawtry Golf & Country Club,unresolved,southyorkshire,unknown,0,,homepage loaded (https://www.bawtrygolfclub.co.uk/) but no platform signal found on it or 2 booking-ish link(s,
Beauchief Golf Club,unresolved,southyorkshire,unknown,0,,homepage loaded (https://sheffieldgolf.co.uk/404) but no platform signal found on it or 0 booking-ish link(s),
Concord Park Golf Club,unresolved,southyorkshire,no_site,0,,no working website found,
Crookhill Park Golf Course,unresolved,southyorkshire,unknown,0,,site reachable (https://crookhillgolfcourse.co.uk/) but no visitor booking found on it or 0 sub-page(s),
Doncaster Golf Club,unresolved,southyorkshire,no_site,0,,no working website found,
Hickleton Golf Club,unresolved,southyorkshire,unknown,0,,homepage loaded (https://www.hickletongolfclub.co.uk/) but no platform signal found on it or 2 booking-ish lin,
High Melton Golf Course,unresolved,southyorkshire,no_site,0,,no working website found,
Hillies Golf Club,unresolved,southyorkshire,no_site,0,,no working website found,
Owston Park Golf Course,unresolved,southyorkshire,unknown,0,,homepage loaded (https://www.owstonpark.com/) but no platform signal found on it or 2 booking-ish link(s),
Phoenix Sports and Social Club,unresolved,southyorkshire,golf_manager,0,,golf_manager seen but no confirmed public visitor sheet — worth another look,https://www.phoenixgolfclub.co.uk/visitor-information
Rother Valley Golf Centre,unresolved,southyorkshire,brs,0,,brs seen but no confirmed public visitor sheet — worth another look,
Roundwood Golf Club,unresolved,southyorkshire,unknown,0,,homepage loaded (https://www.roundwoodgolfclub.co.uk/) but no platform signal found on it or 3 booking-ish lin,
Sitwell Park Golf Course,unresolved,southyorkshire,no_site,0,,no working website found,
Wheatley Golf Course,unresolved,southyorkshire,no_site,0,,no working website found,
Aqualate Golf Centre,unresolved,staffordshire,unknown,0,,homepage loaded (https://www.aqualategolf.co.uk/) but no platform signal found on it or 5 booking-ish link(s),
Belmont Golf Club,unresolved,staffordshire,unknown,0,,site reachable (https://buydomainnames.co.uk/domain/belmontgolf.co.uk?offer=parked) but no visitor booking fou,
Branston Golf & Country Club,unresolved,staffordshire,esp,0,,esp seen but no confirmed public visitor sheet — worth another look,https://www.e-s-p.com/elitelive/book_start.php?clubid=1968
Cannock Park Golf Course,unresolved,staffordshire,unknown,0,,homepage loaded (https://www.cannockparkgolfclub.com/) but no platform signal found on it or 0 booking-ish lin,
Darnford Moors Golf Course,unresolved,staffordshire,unknown,0,,homepage loaded (https://www.darnfordmoors.com/) but no platform signal found on it or 0 booking-ish link(s),
Denstone College Golf Club,unresolved,staffordshire,unknown,0,,homepage loaded (https://www.denstonecollege.org/golf) but no platform signal found on it or 2 booking-ish lin,
Enville Golf Club,unresolved,staffordshire,unknown,0,,homepage loaded (https://www.envillegolfclub.com/) but no platform signal found on it or 0 booking-ish link(s),
Essington Golf Course,unresolved,staffordshire,no_site,0,,no working website found,
Goin' Golf,unresolved,staffordshire,unknown,0,,homepage loaded (https://goingolf.co.uk/) but no platform signal found on it or 3 booking-ish link(s),
Greenfield Golf Club,unresolved,staffordshire,unknown,0,,site reachable (https://www.greenfieldgolf.co.uk/) but no visitor booking found on it or 1 sub-page(s),
Hawkesyard Golf Course,unresolved,staffordshire,no_site,0,,no working website found,
Himley Hall Golf Centre/Club,unresolved,staffordshire,error,0,,site refused or failed to load,
Ingestre Park Golf Club,unresolved,staffordshire,no_site,0,,no working website found,
Ledene Golf Centre,unresolved,staffordshire,unknown,0,,homepage loaded (https://www.ledenegolf.co.uk/) but no platform signal found on it or 0 booking-ish link(s),
Leek Golf Club,unresolved,staffordshire,brs,0,,brs seen but no confirmed public visitor sheet — worth another look,
Newcastle Golf Club,unresolved,staffordshire,unknown,0,,homepage loaded (https://www.newcastlegolfclub.co.uk/) but no platform signal found on it or 2 booking-ish lin,
Onneley Golf Club,unresolved,staffordshire,unknown,0,,homepage loaded (https://www.onneleygolfclub.com/) but no platform signal found on it or 3 booking-ish link(s),
"Patshull Park Hotel, Golf & Country Club",unresolved,staffordshire,unknown,0,,homepage loaded (https://www.patshull-park.co.uk/golf.aspx) but no platform signal found on it or 0 booking-is,
Stafford Castle Golf Club,unresolved,staffordshire,no_site,0,,no working website found,
Swindon Golf Club,unresolved,staffordshire,intelligent_golf,0,,intelligent_golf seen but no confirmed public visitor sheet — worth another look,mailto:info@intelligentgolf.co.uk
The Chase Golf Club,unresolved,staffordshire,unknown,0,,homepage loaded (https://www.thechasegolfclub.co.uk/) but no platform signal found on it or 0 booking-ish link,
The Manor Golf Club Ltd,unresolved,staffordshire,no_site,0,,no working website found,
The Mark Butler Golf Academy (Sedgley Golf Centre),unresolved,staffordshire,error,0,,site refused or failed to load,
Three Hammers Golf Complex,unresolved,staffordshire,unknown,0,,homepage loaded (https://3hammers.co.uk/) but no platform signal found on it or 5 booking-ish link(s),
Trentham Golf Club,unresolved,staffordshire,no_site,0,,no working website found,
Westwood Golf Club,unresolved,staffordshire,unknown,0,,homepage loaded (https://www.westwoodgolfclub.com/) but no platform signal found on it or 2 booking-ish link(s,
Whiston Golf Club,unresolved,staffordshire,no_site,0,,no working website found,
Wychnor Park Country Club,unresolved,staffordshire,blocked,0,,site refused or failed to load,
Aldeburgh Golf Club - Championship Course,unresolved,suffolk,no_site,0,,no working website found,
Aldeburgh Golf Club - River Course,unresolved,suffolk,no_site,0,,no working website found,
Alnesbourne Priory Golf Course,unresolved,suffolk,unknown,0,,homepage loaded (https://alnesbournepriorygolf.co.uk/) but no platform signal found on it or 1 booking-ish lin,
Bramford Golf Centre / Suffolk Golf & Water Park,unresolved,suffolk,unknown,0,,homepage loaded (https://www.bramfordgc.co.uk/) but no platform signal found on it or 1 booking-ish link(s),
Cedar Point Country Club,unresolved,suffolk,no_site,0,,no working website found,
Felixstowe Ferry Golf Club - Kingsfleet Course,unresolved,suffolk,no_site,0,,no working website found,
Felixstowe Ferry Golf Club - Martello Course,unresolved,suffolk,no_site,0,,no working website found,
Flempton Golf Club,unresolved,suffolk,unknown,0,,homepage loaded (https://www.flemptongolfclub.co.uk/) but no platform signal found on it or 2 booking-ish link,
Fynn Valley Golf Club,unresolved,suffolk,unknown,0,,homepage loaded (https://fynnvalleyterrace.co.uk/) but no platform signal found on it or 1 booking-ish link(s),
Halesworth Golf Club - Championship Course,unresolved,suffolk,unknown,0,,homepage loaded (https://www.halesworthgolf.co.uk/) but no platform signal found on it or 0 booking-ish link(s,
Halesworth Golf Club - Valley Course,unresolved,suffolk,unknown,0,,homepage loaded (https://www.halesworthgolf.co.uk/) but no platform signal found on it or 0 booking-ish link(s,
Hintlesham Golf Club,unresolved,suffolk,intelligent_golf,0,,intelligent_golf seen but no confirmed public visitor sheet — worth another look,
Jacobsen Golf Course,unresolved,suffolk,no_site,0,,no working website found,
Moon and Sixpence Golf Course,unresolved,suffolk,no_site,0,,no working website found,
Old Joe's Golfing Range,unresolved,suffolk,error,0,,site refused or failed to load,
RAF Lakenheath Breckland Pines Golf Course,unresolved,suffolk,dead_link,0,,no working website found,
Riverfront Golf Club,unresolved,suffolk,no_site,0,,no working website found,
Royal Worlington and Newmarket Golf Club,unresolved,suffolk,no_site,0,,no working website found,
Southwold Golf Club,unresolved,suffolk,unknown,0,,homepage loaded (https://www.southwoldgolfclub.co.uk/) but no platform signal found on it or 3 booking-ish lin,
St Clements Golf Club,unresolved,suffolk,no_site,0,,no working website found,
Stonham Barns Golf Centre,unresolved,suffolk,unknown,0,,homepage loaded (https://www.stonhambarnsgolf.co.uk/) but no platform signal found on it or 5 booking-ish link,
Stowmarket Golf & Archery Centre,unresolved,suffolk,unknown,0,,homepage loaded (https://www.stowmarketgolfcentre.co.uk/) but no platform signal found on it or 2 booking-ish ,
The Suffolk Golf & Spa Hotel,unresolved,suffolk,dead_link,0,,no working website found,
Beaverbrook Golf Club,unresolved,surrey,intelligent_golf,0,,intelligent_golf seen but no confirmed public visitor sheet — worth another look,
Betchworth Park Golf Club,unresolved,surrey,clubv1,0,,clubv1 seen but no confirmed public visitor sheet — worth another look,https://betchworthpark.hub.clubv1.com/
Charterhouse School Golf Club,unresolved,surrey,unknown,0,,site reachable (https://www.charterhouseclub.co.uk/golf-club) but no visitor booking found on it or 4 sub-page,
Coombe Hill Golf Club,unresolved,surrey,intelligent_golf,0,,intelligent_golf seen but no confirmed public visitor sheet — worth another look,
Dulwich and Sydenham Hill Golf Club,unresolved,surrey,intelligent_golf,0,,intelligent_golf seen but no confirmed public visitor sheet — worth another look,
Effingham Golf Club,unresolved,surrey,unknown,0,,homepage loaded (https://www.effinghamgolfclub.com/) but no platform signal found on it or 3 booking-ish link(,
Effingham Park Golf Course,unresolved,surrey,unknown,0,,homepage loaded (https://www.effinghamgolfclub.com/) but no platform signal found on it or 3 booking-ish link(,
Farleigh Golf Club,unresolved,surrey,intelligent_golf,0,,intelligent_golf seen but no confirmed public visitor sheet — worth another look,
Farnham Golf Club,unresolved,surrey,intelligent_golf,0,,intelligent_golf seen but no confirmed public visitor sheet — worth another look,
Farnham Park Golf Course,unresolved,surrey,intelligent_golf,0,,intelligent_golf seen but no confirmed public visitor sheet — worth another look,
Foxhills,unresolved,surrey,unknown,0,,homepage loaded (https://www.foxhills.co.uk/) but no platform signal found on it or 8 booking-ish link(s),
Halford Hewitt Golf Course,unresolved,surrey,no_site,0,,no working website found,
Hankley Common Golf Club,unresolved,surrey,intelligent_golf,0,,intelligent_golf seen but no confirmed public visitor sheet — worth another look,https://hankleycommon.intelligentgolf.co.uk/visitorbooking/
Hersham Golf Club,unresolved,surrey,unknown,0,,homepage loaded (https://hershamgolfclub.com/) but no platform signal found on it or 2 booking-ish link(s),
Horton Park Golf Club,unresolved,surrey,error,0,,site refused or failed to load,
Merrist Wood Golf Club,unresolved,surrey,no_site,0,,no working website found,
New Course,unresolved,surrey,intelligent_golf,0,,intelligent_golf seen but no confirmed public visitor sheet — worth another look,
New Zealand Golf Club,unresolved,surrey,intelligent_golf,0,,intelligent_golf seen but no confirmed public visitor sheet — worth another look,
Pachesham Golf Course,unresolved,surrey,unknown,0,,homepage loaded (https://www.pacheshamgolf.co.uk/) but no platform signal found on it or 5 booking-ish link(s),
Queenwood Golf Course,unresolved,surrey,unknown,0,,homepage loaded (https://www.queenwood.co.uk/) but no platform signal found on it or 0 booking-ish link(s),
Sandown Park - Colt Course,unresolved,surrey,unknown,0,,homepage loaded (https://www.sandownparkgolf.com/) but no platform signal found on it or 5 booking-ish link(s),
Sandown Park - Eclipse Course,unresolved,surrey,unknown,0,,homepage loaded (https://www.sandownparkgolf.com/) but no platform signal found on it or 5 booking-ish link(s),
Sandown Park - Masters,unresolved,surrey,unknown,0,,homepage loaded (https://www.sandownparkgolf.com/) but no platform signal found on it or 5 booking-ish link(s),
Shey Copse,unresolved,surrey,no_site,0,,no working website found,
St George's Hill Golf Club,unresolved,surrey,unknown,0,,site reachable (https://www.stgeorgeshillgolfclub.co.uk/) but no visitor booking found on it or 2 sub-page(s),
The Addington Golf Club,unresolved,surrey,esp,0,,esp seen but no confirmed public visitor sheet — worth another look,https://www.e-s-p.com/elitelive/book_date.php
The Wisley,unresolved,surrey,unknown,0,,homepage loaded (https://www.thewisley.com/) but no platform signal found on it or 0 booking-ish link(s),
Walton Heath Golf Course,unresolved,surrey,unknown,0,,homepage loaded (https://www.waltonheath.com/) but no platform signal found on it or 4 booking-ish link(s),
Wentworth Club,unresolved,surrey,unknown,0,,homepage loaded (https://www.wentworthclub.com/) but no platform signal found on it or 0 booking-ish link(s),
Windlesham Golf Club,unresolved,surrey,unknown,0,,homepage loaded (https://www.windleshamgolf.com/) but no platform signal found on it or 8 booking-ish link(s),
Wisley practice facility,unresolved,surrey,unknown,0,,homepage loaded (https://www.thewisley.com/) but no platform signal found on it or 0 booking-ish link(s),
Woking Golf Club,unresolved,surrey,intelligent_golf,0,,intelligent_golf seen but no confirmed public visitor sheet — worth another look,
Worplesdon Golf Club,unresolved,surrey,intelligent_golf,0,,intelligent_golf seen but no confirmed public visitor sheet — worth another look,
Birtley Golf Club,unresolved,tyneandwear,error,0,,site refused or failed to load,
City of Newcastle Golf Club,unresolved,tyneandwear,brs,0,,brs seen but no confirmed public visitor sheet — worth another look,
George Washington Hotel Golf and Spa,unresolved,tyneandwear,unknown,0,,homepage loaded (https://georgewashington.co.uk/contact/) but no platform signal found on it or 1 booking-ish ,
High Gosforth Park Golf Club,unresolved,tyneandwear,esp,0,,esp seen but no confirmed public visitor sheet — worth another look,
Houghton-le-Spring Golf Club,unresolved,tyneandwear,brs,0,,brs seen but no confirmed public visitor sheet — worth another look,http://www.brsgolf.com/houghtonlespring/visitor_menu.php
Newcastle United Golf Club,unresolved,tyneandwear,brs,0,,brs seen but no confirmed public visitor sheet — worth another look,https://www.brsgolf.com/newcastleunited/visitor_home.php?framed=true
Ravensworth Golf Club,unresolved,tyneandwear,brs,0,,brs seen but no confirmed public visitor sheet — worth another look,
Ryton Golf Club,unresolved,tyneandwear,brs,0,,brs seen but no confirmed public visitor sheet — worth another look,
South Shields Golf Club,unresolved,tyneandwear,error,0,,site refused or failed to load,
Tynemouth Golf Club,unresolved,tyneandwear,error,0,,site refused or failed to load,
Tyneside Golf Club,unresolved,tyneandwear,brs,0,,brs seen but no confirmed public visitor sheet — worth another look,
Wallsend Golf Course Centurion Park,unresolved,tyneandwear,unknown,0,,site reachable (https://centurionpark.com/) but no visitor booking found on it or 0 sub-page(s),
Wearside Golf Club,unresolved,tyneandwear,unknown,0,,homepage loaded (https://www.wearsidegolfclub.co.uk/) but no platform signal found on it or 1 booking-ish link,
Whitburn Golf Club,unresolved,tyneandwear,brs,0,,brs seen but no confirmed public visitor sheet — worth another look,
Aberdare Golf Club,unresolved,wales,unknown,0,,homepage loaded (https://aberdaregolfclub.co.uk/) but no platform signal found on it or 1 booking-ish link(s),
Abergele Golf Club,unresolved,wales,brs,0,,brs seen but no confirmed public visitor sheet — worth another look,
Aberystwyth Golf Course,unresolved,wales,unknown,0,,homepage loaded (https://www.aberystwythgolfclub.com/) but no platform signal found on it or 6 booking-ish lin,
Bala Lake Hotel,unresolved,wales,no_site,0,,no working website found,
Baron Hill Golf Club,unresolved,wales,unknown,0,,homepage loaded (https://www.baronhill.co.uk/) but no platform signal found on it or 4 booking-ish link(s),
Betws y Coed Golf Course,unresolved,wales,no_site,0,,no working website found,
Borth & Ynyslas Golf Club,unresolved,wales,no_site,0,,no working website found,
Brecon Golf Course,unresolved,wales,no_site,0,,no working website found,
Bryn Bach Park Golf Club,unresolved,wales,unknown,0,,homepage loaded (https://www.parcbrynbach.co.uk/) but no platform signal found on it or 2 booking-ish link(s),
Bryn Teg,unresolved,wales,no_site,0,,no working website found,
Brynhill Golf Club,unresolved,wales,unknown,0,,homepage loaded (https://www.brynhillgolfclub.co.uk/) but no platform signal found on it or 8 booking-ish link,
Caerleon Municipal Golf Course,unresolved,wales,no_site,0,,no working website found,
Caerphilly Golf Club,unresolved,wales,unknown,0,,homepage loaded (https://www.caerphillygolfclub.com/) but no platform signal found on it or 0 booking-ish link,
Caerwys Golf Club,unresolved,wales,no_site,0,,no working website found,
Capel Bangor Golf Course,unresolved,wales,no_site,0,,no working website found,
Castell Coch Golf Club,unresolved,wales,no_site,0,,no working website found,
Castell Heights Golf Course,unresolved,wales,no_site,0,,no working website found,
Celtic Haven,unresolved,wales,unknown,0,,homepage loaded (https://www.haven.com/parks/south-wales/lydstep-beach) but no platform signal found on it or ,
Celtic Manor Golf Club,unresolved,wales,unknown,0,,homepage loaded (https://www.celtic-manor.com/) but no platform signal found on it or 7 booking-ish link(s),
Celtic Manor: Roman Road,unresolved,wales,no_site,0,,no working website found,
Cilgwyn Golf Club,unresolved,wales,unknown,0,,homepage loaded (https://www.cilgwyngolfclub.co.uk/) but no platform signal found on it or 3 booking-ish link(,
Clays Golf Club,unresolved,wales,no_site,0,,no working website found,
Cliff Hotel Golf Course,unresolved,wales,unknown,0,,homepage loaded (https://cliffhotel.com/) but no platform signal found on it or 5 booking-ish link(s),
Clwb Golff Aberdyfi,unresolved,wales,no_site,0,,no working website found,
Clwb Golff Abersoch,unresolved,wales,no_site,0,,no working website found,
Clwb Golff Aberteifi / Cardigan Golf Club,unresolved,wales,no_site,0,,no working website found,
Clwb Golff Nefyn,unresolved,wales,no_site,0,,no working website found,
Clwb Golff Porthmadog,unresolved,wales,no_site,0,,no working website found,
Cottrell Park Golf Resort,unresolved,wales,unknown,0,,site reachable (https://cottrellresort.com/) but no visitor booking found on it or 1 sub-page(s),
Cradoc Golf Club,unresolved,wales,unknown,0,,site reachable (https://www.cradoc.co.uk/) but no visitor booking found on it or 0 sub-page(s),
Criccieth Golf Club,unresolved,wales,unknown,0,,homepage loaded (https://cricciethgolfclub-northwales.co.uk/) but no platform signal found on it or 0 booking-,
Criccieth Multi Golf,unresolved,wales,unknown,0,,homepage loaded (https://www.cricciethmultigolf.com/) but no platform signal found on it or 1 booking-ish link,
Cwmrhydneuadd Golf Club,unresolved,wales,no_site,0,,no working website found,
Cwrs Golff Penwern Saron Golf Course,unresolved,wales,no_site,0,,no working website found,
Dawn til Dusk,unresolved,wales,no_site,0,,no working website found,
Derllys Court Golf Club,unresolved,wales,unknown,0,,homepage loaded (https://www.derllyscourtgolfclub.com/) but no platform signal found on it or 2 booking-ish li,
Earlswood Golf Course,unresolved,wales,unknown,0,,homepage loaded (https://www.earlswoodgolfcourse.com/) but no platform signal found on it or 0 booking-ish lin,
Fairbourne Golf Club,unresolved,wales,no_site,0,,no working website found,
Fairwood Park Golf Club,unresolved,wales,unknown,0,,homepage loaded (https://www.fairwoodpark.com/) but no platform signal found on it or 0 booking-ish link(s),
Garnant Golf Club,unresolved,wales,brs,0,,brs seen but no confirmed public visitor sheet — worth another look,
Glamorganshire Golf Club,unresolved,wales,brs,0,,brs seen but no confirmed public visitor sheet — worth another look,https://visitors.brsgolf.com/glamorganshire
Glyn Abbey Golf Club,unresolved,wales,unknown,0,,homepage loaded (https://www.glynabbey.co.uk/) but no platform signal found on it or 3 booking-ish link(s),
Glynhir Golf Club,unresolved,wales,no_site,0,,no working website found,
Gower Golf Club,unresolved,wales,unknown,0,,homepage loaded (https://www.gowergolf.com/) but no platform signal found on it or 0 booking-ish link(s),
Gowerton Pitch and Put,unresolved,wales,no_site,0,,no working website found,
Great Orme Family Golf,unresolved,wales,no_site,0,,no working website found,
Greenmeadow Golf & Country Club,unresolved,wales,no_site,0,,no working website found,
Haverfordwest Golf Club,unresolved,wales,no_site,0,,no working website found,
Hawarden Golf Club,unresolved,wales,brs,0,,brs seen but no confirmed public visitor sheet — worth another look,
Kinmel Park Golf Club,unresolved,wales,no_site,0,,no working website found,
Lakeside Golf Course,unresolved,wales,no_site,0,,no working website found,
Llanishen Golf Course,unresolved,wales,intelligent_golf,0,,intelligent_golf seen but no confirmed public visitor sheet — worth another look,https://llanishen.intelligentgolf.co.uk/visitorbooking/
Llantrisant & Pontyclun Golf Club,unresolved,wales,no_site,0,,no working website found,
Llanyrafon Golf Course,unresolved,wales,no_site,0,,no working website found,
Lleyn Golf Centre,unresolved,wales,dead_link,0,,no working website found,
Machynlleth Golf Club,unresolved,wales,intelligent_golf,0,,intelligent_golf seen but no confirmed public visitor sheet — worth another look,https://machynlleth.intelligentgolf.co.uk/visitorbooking/
Machynys Golf,unresolved,wales,unknown,0,,homepage loaded (https://www.machynys.com/) but no platform signal found on it or 7 booking-ish link(s),
Maesteg Golf Course,unresolved,wales,no_site,0,,no working website found,
Mayfieild Golf Centre,unresolved,wales,no_site,0,,no working website found,
Meliden Golf Course,unresolved,wales,no_site,0,,no working website found,
Merthyr Tydfil Golf Club,unresolved,wales,unknown,0,,homepage loaded (http://ww17.mtgc.co.uk/) but no platform signal found on it or 0 booking-ish link(s),
Mold Golf Club,unresolved,wales,brs,0,,brs seen but no confirmed public visitor sheet — worth another look,
Mon Golf Complex,unresolved,wales,brs,0,,brs seen but no confirmed public visitor sheet — worth another look,
Monmouth Golf Course,unresolved,wales,no_site,0,,no working website found,
Monmouthshire Golf Club,unresolved,wales,no_site,0,,no working website found,
Morlais Castle Golf Club,unresolved,wales,unknown,0,,homepage loaded (https://herbalgranny.com/) but no platform signal found on it or 2 booking-ish link(s),
Morriston Golf Club,unresolved,wales,brs,0,,brs seen but no confirmed public visitor sheet — worth another look,
Moss Valley Golf Course,unresolved,wales,no_site,0,,no working website found,
Neath Golf Course,unresolved,wales,unknown,0,,homepage loaded (https://www.neathgolfclub.co.uk/) but no platform signal found on it or 3 booking-ish link(s),
Newport Links Golf Gourse,unresolved,wales,no_site,0,,no working website found,
Northop Country Park Golf Club,unresolved,wales,no_site,0,,no working website found,
Old Colwyn Golf Club,unresolved,wales,unknown,0,,homepage loaded (https://www.oldcolwyngolfclub.co.uk/) but no platform signal found on it or 0 booking-ish lin,
Padeswood & Buckley Golf Course,unresolved,wales,no_site,0,,no working website found,
Palleg Golf Course,unresolved,wales,no_site,0,,no working website found,
Pennant Park Golf Club,unresolved,wales,no_site,0,,no working website found,
Pennard Golf Club,unresolved,wales,brs,0,,brs seen but no confirmed public visitor sheet — worth another look,
Penrhos Golf Course,unresolved,wales,unknown,0,,homepage loaded (https://www.penrhospark.com/) but no platform signal found on it or 7 booking-ish link(s),
Peterstone Golf Club,unresolved,wales,no_site,0,,no working website found,
Pontardawe Golf Club,unresolved,wales,brs,0,,brs seen but no confirmed public visitor sheet — worth another look,
Pontnewydd Golf Course,unresolved,wales,unknown,0,,homepage loaded (https://www.pontnewyddgolf.co.uk/) but no platform signal found on it or 4 booking-ish link(s,
Pyle and Kenfig Golf Course,unresolved,wales,brs,0,,brs seen but no confirmed public visitor sheet — worth another look,
Radyr Golf Club,unresolved,wales,intelligent_golf,0,,intelligent_golf seen but no confirmed public visitor sheet — worth another look,https://www.radyrgolf.co.uk/visitorbooking/
Rhos on Sea Golf Course,unresolved,wales,no_site,0,,no working website found,
Rhosgoch Golf & Leisure Club,unresolved,wales,no_site,0,,no working website found,
Rhyl Golf Course,unresolved,wales,unknown,0,,homepage loaded (https://rhylgolfclub.co.uk/) but no platform signal found on it or 2 booking-ish link(s),
Royal Saint Davids Golf Course,unresolved,wales,no_site,0,,no working website found,
Ruthin Golf Course,unresolved,wales,no_site,0,,no working website found,
Silver Birch Golf Course,unresolved,wales,unknown,0,,homepage loaded (https://silverbirchgolfclub.co.uk/) but no platform signal found on it or 3 booking-ish link(,
South Pembrokeshire Golf Club,unresolved,wales,unknown,0,,site reachable (https://southpembsgc.co.uk/) but no visitor booking found on it or 2 sub-page(s),
Southerndown Golf Club,unresolved,wales,brs,0,,brs seen but no confirmed public visitor sheet — worth another look,
St Athan Golf Club,unresolved,wales,error,0,,site refused or failed to load,
St Davids City Golf Club,unresolved,wales,unknown,0,,homepage loaded (https://www.stdavidscitygolfclub.co.uk/) but no platform signal found on it or 3 booking-ish ,
St Deniol Golf Club,unresolved,wales,no_site,0,,no working website found,
St Idloes Golf Club,unresolved,wales,unknown,0,,homepage loaded (https://www.stidloesgolfclub.co.uk/) but no platform signal found on it or 4 booking-ish link,
St Mary's Hotel Golf & Country Club,unresolved,wales,no_site,0,,no working website found,
St Pierre,unresolved,wales,unknown,0,,site reachable (https://www.marriottlifestyle.co.uk/golf-uk) but no visitor booking found on it or 0 sub-page(,
St. Giles,unresolved,wales,unknown,0,,homepage loaded (https://www.stgilesgolf.co.uk/) but no platform signal found on it or 0 booking-ish link(s),
St. Mellons Hotel and Country Club,unresolved,wales,no_site,0,,no working website found,
Storws Wen Golf Club,unresolved,wales,error,0,,site refused or failed to load,
Swansea FootGolf,unresolved,wales,unknown,0,,homepage loaded (https://www.futuregolfventures.com/) but no platform signal found on it or 2 booking-ish link,
Tata Steel Golf Course,unresolved,wales,unknown,0,,homepage loaded (https://www.tatasteelgolf.co.uk/) but no platform signal found on it or 1 booking-ish link(s),
The Parc Golf Club,unresolved,wales,unknown,0,,homepage loaded (https://parcgolfclub.com/contact-us/) but no platform signal found on it or 1 booking-ish lin,
The Rolls of Monmouth Golf Club,unresolved,wales,intelligent_golf,0,,intelligent_golf seen but no confirmed public visitor sheet — worth another look,
The Twenty Ten Course,unresolved,wales,unknown,0,,homepage loaded (https://www.celtic-manor.com/golf-courses/the-twenty-ten/) but no platform signal found on it,
Tredegar and Rhymney Golf Course,unresolved,wales,no_site,0,,no working website found,
Trefloyne Park Golf Club,unresolved,wales,no_site,0,,no working website found,
Tyddyn Mawr Golf Club,unresolved,wales,no_site,0,,no working website found,
Welshpool Golf Club,unresolved,wales,unknown,0,,site reachable (https://www.welshpoolgolfclub.co.uk/) but no visitor booking found on it or 0 sub-page(s),
Wernddu Golf Course,unresolved,wales,no_site,0,,no working website found,
Whitchurch Golf Club,unresolved,wales,no_site,0,,no working website found,
Whitehall Golf Course,unresolved,wales,no_site,0,,no working website found,
"Ardencote Manor Hotel, Country Club & Spa",unresolved,warwickshire,unknown,0,,homepage loaded (https://hiddenwell.com/welcome) but no platform signal found on it or 0 booking-ish link(s),
Bidford Grange Golf Course,unresolved,warwickshire,unknown,0,,homepage loaded (https://www.bidfordgrange.com/) but no platform signal found on it or 1 booking-ish link(s),
Bramcote Waters Golf Course,unresolved,warwickshire,unknown,0,,homepage loaded (https://bramcotewatersgolfclub.co.uk/) but no platform signal found on it or 3 booking-ish li,
Brandon Wood Golf Club,unresolved,warwickshire,no_site,0,,no working website found,
Feldon Valley Golf Club,unresolved,warwickshire,error,0,,site refused or failed to load,
Forest of Arden Country Club,unresolved,warwickshire,unknown,0,,site reachable (https://www.marriott.com/en-gb/default.mi) but no visitor booking found on it or 1 sub-page(s),
Ingon Manor Golf & Country Club,unresolved,warwickshire,unknown,0,,site reachable (https://www.ingonmanor.co.uk/) but no visitor booking found on it or 0 sub-page(s),
Ladbrook Park Golf Club,unresolved,warwickshire,unknown,0,,homepage loaded (https://www.ladbrookparkgolf.co.uk/) but no platform signal found on it or 4 booking-ish link,
Leam Valley Golf Centre,unresolved,warwickshire,no_site,0,,no working website found,
Leamington and County Golf Club,unresolved,warwickshire,no_site,0,,no working website found,
Purley Chase Golf Course,unresolved,warwickshire,no_site,0,,no working website found,
The Belfry,unresolved,warwickshire,unknown,0,,homepage loaded (https://www.thebelfry.com/) but no platform signal found on it or 9 booking-ish link(s),
Unique Indoor Golf,unresolved,warwickshire,unknown,0,,homepage loaded (https://uniqueindoorgolf.co.uk/) but no platform signal found on it or 4 booking-ish link(s),
Warwick Golf Centre,unresolved,warwickshire,no_site,0,,no working website found,
Warwickshire Golf and Country Club,unresolved,warwickshire,no_site,0,,no working website found,
Allesley Park Golf Course,unresolved,westmidlands,no_site,0,,no working website found,
Bloxwich Golf Course,unresolved,westmidlands,intelligent_golf,0,,intelligent_golf seen but no confirmed public visitor sheet — worth another look,
Boldmere Golf Course,unresolved,westmidlands,unknown,0,,homepage loaded (https://www.boldmeregolfclub.uk/) but no platform signal found on it or 0 booking-ish link(s),
Cocks Moors Woods golf course (Birmingham City Council),unresolved,westmidlands,no_site,0,,no working website found,
Dartmouth Golf Club,unresolved,westmidlands,no_site,0,,no working website found,
Four Ashes Golf Centre,unresolved,westmidlands,unknown,0,,homepage loaded (https://fourashesgolfcentre.co.uk/) but no platform signal found on it or 2 booking-ish link(,
Golfbug Wast Hills,unresolved,westmidlands,no_site,0,,no working website found,
Harborne Church Farm 9 Hole Golf Course,unresolved,westmidlands,no_site,0,,no working website found,
Hollywood Golf Club,unresolved,westmidlands,error,0,,site refused or failed to load,
John Reay Golf Centre,unresolved,westmidlands,unknown,0,,homepage loaded (https://www.johnreaygolf.com/) but no platform signal found on it or 0 booking-ish link(s),
Moor Hall Golf Course,unresolved,westmidlands,intelligent_golf,0,,intelligent_golf seen but no confirmed public visitor sheet — worth another look,
Moseley Golf Course,unresolved,westmidlands,intelligent_golf,0,,intelligent_golf seen but no confirmed public visitor sheet — worth another look,
North Warwickshire Golf Course,unresolved,westmidlands,unknown,0,,homepage loaded (https://www.northwarwickshiregolfclub.co.uk/) but no platform signal found on it or 4 booking,
Olton Golf Course,unresolved,westmidlands,no_site,0,,no working website found,
Pype Hayes Golf Course,unresolved,westmidlands,no_site,0,,no working website found,
Robin Hood Golf Course,unresolved,westmidlands,intelligent_golf,0,,intelligent_golf seen but no confirmed public visitor sheet — worth another look,
Rowley Regis Golf Course,unresolved,westmidlands,no_site,0,,no working website found,
Sutton Coldfield Golf Club,unresolved,westmidlands,intelligent_golf,0,,intelligent_golf seen but no confirmed public visitor sheet — worth another look,
Tidbury Green Golf Course,unresolved,westmidlands,no_site,0,,no working website found,
Warley Woods Golf Course,unresolved,westmidlands,unknown,0,,homepage loaded (https://www.warleywoods.org.uk/) but no platform signal found on it or 5 booking-ish link(s),
Widney Manor Golf Course,unresolved,westmidlands,no_site,0,,no working website found,
Windmill Village Golf Course,unresolved,westmidlands,no_site,0,,no working website found,
Barnsley Golf Club,unresolved,westyorkshire,unknown,0,,site reachable (https://barnsleygolfclub.co.uk/) but no visitor booking found on it or 5 sub-page(s),
Brandon Golf Course,unresolved,westyorkshire,unknown,0,,homepage loaded (https://brandonandthevillagegolfcourses.co.uk/) but no platform signal found on it or 1 booki,
Calverley Golf & Country Club,unresolved,westyorkshire,error,0,,site refused or failed to load,
Castlefields Golf Club,unresolved,westyorkshire,unknown,0,,homepage loaded (https://castlefieldsgolfclub.co.uk/) but no platform signal found on it or 1 booking-ish link,
City Golf Leeds,unresolved,westyorkshire,unknown,0,,homepage loaded (https://www.citygolfleeds.co.uk/) but no platform signal found on it or 1 booking-ish link(s),
City of Wakefield Golf Course,unresolved,westyorkshire,no_site,0,,no working website found,
Cleckheaton & District Golf Club,unresolved,westyorkshire,no_site,0,,no working website found,
East Bierley Golf Club,unresolved,westyorkshire,clubv1,0,,clubv1 seen but no confirmed public visitor sheet — worth another look,
East Morton Golf Club,unresolved,westyorkshire,unknown,0,,homepage loaded (https://eastmortongolf.co.uk/) but no platform signal found on it or 2 booking-ish link(s),
Elland Golf Club,unresolved,westyorkshire,error,0,,site refused or failed to load,
Fulneck Golf Club,unresolved,westyorkshire,brs,0,,brs seen but no confirmed public visitor sheet — worth another look,
Gotts Park Golf Course,unresolved,westyorkshire,unknown,0,,homepage loaded (https://gottsparkgolfclub.co.uk/) but no platform signal found on it or 1 booking-ish link(s),
Halifax Bradley Hall Golf Club,unresolved,westyorkshire,no_site,0,,no working website found,
Hanging Heaton Golf Club,unresolved,westyorkshire,no_site,0,,no working website found,
Headley Golf Course,unresolved,westyorkshire,unknown,0,,homepage loaded (https://www.headleygolfclub.co.uk/) but no platform signal found on it or 2 booking-ish link(,
Hollins Hall Golf Course,unresolved,westyorkshire,dead_link,0,,no working website found,
Meltham Golf Club,unresolved,westyorkshire,no_site,0,,no working website found,
Mid Yorkshire Golf Club,unresolved,westyorkshire,no_site,0,,no working website found,
Midgley Lodge Motel & Golf Course,unresolved,westyorkshire,unknown,0,,site reachable (https://midgleylodgemotel.co.uk/) but no visitor booking found on it or 0 sub-page(s),
Moortown Golf Club,unresolved,westyorkshire,no_site,0,,no working website found,
Normanton Golf Club,unresolved,westyorkshire,unknown,0,,homepage loaded (https://www.normantongolf.co.uk/) but no platform signal found on it or 0 booking-ish link(s),
Oulton Park Golf Course,unresolved,westyorkshire,no_site,0,,no working website found,
Outlane Golf Club,unresolved,westyorkshire,no_site,0,,no working website found,
Rawdon Golf Course,unresolved,westyorkshire,no_site,0,,no working website found,
Roundhay Golf Club,unresolved,westyorkshire,error,0,,site refused or failed to load,
South Leeds Golf Club,unresolved,westyorkshire,unknown,0,,homepage loaded (https://southleedsgolfclub.co.uk/) but no platform signal found on it or 6 booking-ish link(s,
Temple Newsam Golf Course,unresolved,westyorkshire,no_site,0,,no working website found,
The Village Golf Course,unresolved,westyorkshire,unknown,0,,homepage loaded (https://brandonandthevillagegolfcourses.co.uk/) but no platform signal found on it or 1 booki,
Todmorden Golf Club,unresolved,westyorkshire,brs,0,,brs seen but no confirmed public visitor sheet — worth another look,
Waterton Park Golf Course,unresolved,westyorkshire,unknown,0,,homepage loaded (https://www.watertonpark.org.uk/) but no platform signal found on it or 0 booking-ish link(s),
West Bradford Golf Course,unresolved,westyorkshire,brs,0,,brs seen but no confirmed public visitor sheet — worth another look,
West End Golf Club,unresolved,westyorkshire,unknown,0,,homepage loaded (https://westendgolfclub.co.uk/) but no platform signal found on it or 0 booking-ish link(s),
Wetherby Golf Club,unresolved,westyorkshire,clubv1,0,,clubv1 seen but no confirmed public visitor sheet — worth another look,
Willow Valley Golf,unresolved,westyorkshire,unknown,0,,homepage loaded (https://www.willowvalleygolf.com/) but no platform signal found on it or 3 booking-ish link(s,
Woolley Park Golf Course,unresolved,westyorkshire,unknown,0,,homepage loaded (https://www.woolleyparkgolfclub.co.uk/) but no platform signal found on it or 2 booking-ish l,
Bowood Golf & Country Club,unresolved,wiltshire,unknown,0,,homepage loaded (https://bowood.org/golf/) but no platform signal found on it or 5 booking-ish link(s),
Bradford on Avon Golf Course,unresolved,wiltshire,no_site,0,,no working website found,
Broome Manor Golf Complex,unresolved,wiltshire,error,0,,site refused or failed to load,
Chippenham Golf Club,unresolved,wiltshire,error,0,,site refused or failed to load,
Cricklade House Hotel & Spa,unresolved,wiltshire,no_site,0,,no working website found,
Cumberwell Park,unresolved,wiltshire,intelligent_golf,0,,intelligent_golf seen but no confirmed public visitor sheet — worth another look,
Dauntsey's School,unresolved,wiltshire,unknown,0,,homepage loaded (https://www.dauntseys.org/) but no platform signal found on it or 2 booking-ish link(s),
Erlestoke Golf Course,unresolved,wiltshire,error,0,,site refused or failed to load,
Monkton Park Golf Course,unresolved,wiltshire,unknown,0,,homepage loaded (https://www.monktonparkgolfcourse.co.uk/) but no platform signal found on it or 1 booking-ish,
North Wilts Golf Club,unresolved,wiltshire,unknown,0,,homepage loaded (https://www.northwiltsgolf.com/) but no platform signal found on it or 6 booking-ish link(s),
Oaksey Park,unresolved,wiltshire,unknown,0,,homepage loaded (https://www.oakseygolfclub.co.uk/) but no platform signal found on it or 2 booking-ish link(s,
The Manor House Golf Club,unresolved,wiltshire,unknown,0,,homepage loaded (https://www.exclusive.co.uk/the-manor-house-golf-club/) but no platform signal found on it or,
Westbury Golf Club,unresolved,wiltshire,unknown,0,,homepage loaded (https://www.westburygolfclub.com/) but no platform signal found on it or 3 booking-ish link(s,
Wrag Barn Golf & Country Club,unresolved,wiltshire,intelligent_golf,0,,intelligent_golf seen but no confirmed public visitor sheet — worth another look,
Blackwell Golf Club,unresolved,worcestershire,no_site,0,,no working website found,
Boughton Park (Worcester Golf and Country Club),unresolved,worcestershire,no_site,0,,no working website found,
Bransford Golf Club,unresolved,worcestershire,no_site,0,,no working website found,
Cadmore Golf Club,unresolved,worcestershire,no_site,0,,no working website found,
Comberton Golf Club,unresolved,worcestershire,unknown,0,,homepage loaded (https://www.allenscaravans.co.uk/) but no platform signal found on it or 1 booking-ish link(s,
Habberley Golf Club,unresolved,worcestershire,no_site,0,,no working website found,
Hagley Golf & Country Club,unresolved,worcestershire,error,0,,site refused or failed to load,
Kings Norton Golf Course,unresolved,worcestershire,intelligent_golf,0,,intelligent_golf seen but no confirmed public visitor sheet — worth another look,
Little Lakes,unresolved,worcestershire,brs,0,,brs seen but no confirmed public visitor sheet — worth another look,
Pitcheroak Golf Course,unresolved,worcestershire,unknown,0,,homepage loaded (https://pitcheroak.co.uk/) but no platform signal found on it or 3 booking-ish link(s),
Ravenmeadow Golf Club,unresolved,worcestershire,unknown,0,,homepage loaded (https://www.ravenmeadowgolf.co.uk/) but no platform signal found on it or 2 booking-ish link(,
Redditch Golf Course,unresolved,worcestershire,no_site,0,,no working website found,
Worcestershire Golf Club,unresolved,worcestershire,no_site,0,,no working website found,
