club,on_site,pubs,stays
The Ridge,driving range:303m,The Swan (1.0 mi); Clothworkers Arms (1.1 mi); The Queens Head (1.1 mi),Tilmangate Barn (2.0 mi); Mercure Maidstone Great Danes (2.5 mi); Who'd A Thought It (2.8 mi)
Wildernesse,,The Five Bells (0.5 mi); Bucks Head (0.6 mi); The Rifleman (1.3 mi),The Royal Oak Hotel (1.7 mi); Premier Inn - Sevenoaks (1.7 mi); Donington Manor Hotel (3.0 mi)
Knole Park,driving range:267m,The Sennockian (0.5 mi); The Oak Tree (0.5 mi); The Restoration (0.6 mi),The Royal Oak Hotel (0.8 mi); Premier Inn - Sevenoaks (0.9 mi); Donington Manor Hotel (2.6 mi)
Lamberhurst,,The Chequers (0.4 mi); The Brown Trout (0.8 mi); The Vineyard (0.9 mi),T&J Motel (2.8 mi); The Bull at Brenchley (3.1 mi)
Canterbury,,The New Inn (1.1 mi); Bat and Ball (1.1 mi); Two Sawyers (1.2 mi),Canterbury Hotel (1.0 mi); Four Seasons Bed & Breakfast (1.1 mi); Abbots Barton Hotel (1.1 mi)
Cooden Beach,bar:19m,Wheatsheaf Inn (0.7 mi); The Denbigh (1.1 mi); The Star Inn (1.5 mi),The Relais Cooden Beach (0.2 mi); The Driftwood (1.9 mi); Buenos Aires Guesthouse (1.9 mi)
Piltdown,,The Peacock Inn (0.6 mi); The Piltdown Man (0.7 mi); The Chequers Inn (1.4 mi),Premier Inn (1.0 mi); Buxted Park Hotel (2.2 mi); Horsted Place (2.7 mi)
Haywards Heath,driving range:259m,The Witch Inn (0.5 mi); The Stand Up Inn (0.8 mi); Red Lion (0.8 mi),Premier Inn Haywards Heath (1.0 mi); Den's Cottage (1.6 mi); Chownesmead Hotel - Under Construction (1.9 mi)
West Malling,,The Angel (0.5 mi); King's Arms (0.8 mi); The George (1.1 mi),Pretty Maid House B&B (0.9 mi); Premier Inn (1.1 mi); Holiday Inn Maidstone (1.2 mi)
REGC,,The Prince Albert (0.3 mi); The Lamb Inn (0.4 mi); The Rainbow (0.4 mi),Arundel Private Hotel (0.7 mi); Congress ApartHotel (0.7 mi); Ritz Apartments And Hotel (0.7 mi)
Mannings Heath,,Hornbrook Inn (1.4 mi); The Plough (1.5 mi); Forester's Arms (1.6 mi),Alton Guest House (2.1 mi); Premier Inn (2.2 mi); Premier Inn (2.3 mi)
Copthorne,driving range:224m,Cherry Tree (0.4 mi); Prince Albert (0.6 mi); The Curious Pig in the Parlour (0.8 mi),Copthorne Hotel Gatwick (0.7 mi); Copthorne Hotel Effingham Park (0.9 mi); Oak Tree Lodge (0.9 mi)
Nizels,,The Cock Horse (0.5 mi); Windmill (1.2 mi); The White Rock Inn (1.4 mi),The Royal Oak Hotel (2.6 mi); Premier Inn Tonbridge (2.7 mi); Premier Inn - Sevenoaks (3.5 mi)
The Heron,,Halfway House (0.4 mi); The Olde Dog Inn (0.7 mi); The Boars Head (0.8 mi),Travelodge (0.5 mi); Ye Olde Plough House (2.2 mi); Brentwood Hotel (3.3 mi)
Westerham,,Grasshopper On The Green (0.8 mi); The George and Dragon (0.9 mi); Kings Arms (0.9 mi),The Kings Arms (0.9 mi); Days Inn (2.3 mi)
Chart Hills,,The Red Lion (1.1 mi); Three Chimneys (1.9 mi); The Bell (2.0 mi),Tudor Cottage B & B (1.1 mi); Barclay Farmhouse (1.8 mi); Cottage Garden Yurt (2.0 mi)
Prince's,,Crispin Inn (1.6 mi); Admiral Owen (1.6 mi); George & Dragon (1.7 mi),The Bell Hotel (1.6 mi); Travelodge Sandwich (1.7 mi); Chilton Villa B&B (2.4 mi)
Sweetwoods,,The Fountain Inn (0.5 mi); Queen's Arms (1.8 mi); Kentish Horse (2.1 mi),The Greyhound (2.8 mi); Brambletye Hotel (3.6 mi); Manor Court Farm (3.6 mi)
London Club,,White Swan (0.8 mi); The Portobello Inn (1.0 mi); Black Horse (1.0 mi),Brandshatch Place Hotel (1.2 mi); Brandshatch Place Hotel (1.3 mi); Brands Hatch Hotel (1.3 mi)
Birchwood Park,restaurant:134m,The Ship (0.8 mi); The Cotton Mill (1.4 mi); Lullingstone Castle (1.4 mi),Premier Inn (0.5 mi); Rowhill Grange (1.2 mi); Ruxley Rooms (1.4 mi)
Redlibbets,,Royal Oak (0.2 mi); The Vault (0.5 mi); The Badger (0.6 mi),Brands Hatch Hotel (1.0 mi); Brandshatch Place Hotel (1.0 mi); Brandshatch Place Hotel (1.0 mi)
Eastbourne Downs,,The Lamb Inn (1.0 mi); The Prince Albert (1.0 mi); The Star (1.1 mi),The Hydro Hotel (1.4 mi); Arundel Private Hotel (1.5 mi); Congress ApartHotel (1.5 mi)
Willingdon,,Red Lion Pub (0.6 mi); The Rodmill (0.6 mi); The Wheatsheaf Inn (0.7 mi),Chalk Farm Hotel (0.8 mi); Travelodge Eastbourne (1.6 mi); Premier Inn (2.0 mi)
Sundridge Park Golf Course,,Prince Frederick (0.3 mi); The Crown (0.3 mi); Freelands Tavern (0.5 mi),Sundridge Park hotel and conference Ctr (0.5 mi); Travelodge London Bromley (0.8 mi); Bromley Court Hotel (1.0 mi)
Pedham Place Golf Centre,bar:3m; driving range:134m,The Chequers (0.9 mi); Lion Hotel (1.0 mi); Pied Bull (1.1 mi),Premier Inn (2.3 mi); Rowhill Grange (2.4 mi); Mercure Brands Hatch Hotel (2.9 mi)
Chelsfield Lakes Golf Club,,The Chelsfield (0.5 mi); Five Bells Public House (0.6 mi); The Buff (1.2 mi),Premier Inn (1.2 mi); The Pavilion (2.2 mi); Bickley Manor Hotel and Restaurant (3.4 mi)
Hever Castle Golf Club,,The Wheatsheaf (0.7 mi); King Henry VIII (1.0 mi); Four Elms Inn (1.2 mi),Hever Hotel (0.1 mi); Hever Castle Luxury Bed & Breakfast (0.8 mi); The Greyhound (1.5 mi)
Royal Blackheath Golf Club,driving range:345m,The Park Tavern (0.2 mi); Old Post Office (0.3 mi); The Rusty Bucket (0.3 mi),The Eltham Hotel (0.6 mi); Premier Inn - London New Eltham (1.0 mi); Sundridge Park hotel and conference Ctr (2.1 mi)
West Kent Golf Club,,Kings Arms (0.5 mi); George and Dragon (0.6 mi); The Queen's Head (0.6 mi),The Landing Hotel (1.0 mi); The Bakery Restaurant & Rooms (2.9 mi)
Sheerness Golf Club,,Mem's Mezze (0.4 mi); The Heritage (0.4 mi); Queens Head (0.8 mi),Sheppey Guest House (0.7 mi); The Abbey Hotel and Conference Centre (1.0 mi); The Royal Hotel (1.1 mi)
Chestfield Golf Club,,Chestfield Barn (0.0 mi); The Brickfield Micropub (0.7 mi); The Wheatsheaf (0.7 mi),The Marine Hotel (1.3 mi); Hotel Continental (1.7 mi); The East Kent Hotel (1.8 mi)
The Weald of Kent Golf Course,,The Hawkenbury Inn (1.4 mi); The White Horse (1.5 mi); George & Dragon (1.7 mi),Who'd A Thought It (3.1 mi); Tilmangate Barn (3.2 mi)
Kings Hill Golf Club,,The Spitfire (0.3 mi); North Pole (1.1 mi); The Queens Head (1.2 mi),Premier Inn (1.3 mi); Hamlet Hotel Maidstone (2.6 mi); Hamlet Hotel Maidstone (2.6 mi)
Stonelees Golf Centre,,The Bell Inn (1.9 mi); Sir Stanley Gray (2.0 mi); The Belle Vue Tavern (2.0 mi),Durlock Lodge B&B (1.8 mi); Travelodge Sandwich (1.9 mi); The Pegwell Bay Hotel (2.0 mi)
North Foreland Golf Club,,The White Swan (0.3 mi); The Nineteenth Hole (0.4 mi); Captain Digby (0.6 mi),Botany Bay Hotel (0.7 mi); The Devonhurst (1.1 mi); East Horndon Hotel (1.2 mi)
Etchinghill Golf Club,driving range:114m,The Gatekeeper Inn (0.3 mi); Coach and Horses (0.7 mi); The Cat & Custard Pot (1.9 mi),Froggies (2.2 mi); Pigeonwood House (2.2 mi); Holiday Inn Express (2.4 mi)
Langley Park Golf Course,driving range:74m,The Railway (0.6 mi); Real Ale Way (0.8 mi); The Swan (0.9 mi),Premier Inn London Bromley hotel (1.3 mi); Travelodge (1.5 mi); Travelodge (1.6 mi)
Mid Sussex Golf Club,,The Bull (1.0 mi); The White Horse (1.0 mi); The Thatched Inn (1.5 mi),Lantern Cottage (1.5 mi); Premier Inn (2.9 mi); Middown House Bed and Breakfast (3.6 mi)
Ham Manor,driving range:450m,The Windmill (0.4 mi); The Lamb Inn (0.8 mi); Georgi Fin (0.9 mi),Angmering Manor Hotel (0.9 mi); Kenmore Guest House (1.0 mi); Premier Inn (1.1 mi)
West Sussex Golf Club,bar:141m,The White Horse (1.2 mi); The Five Bells (1.3 mi); The Crown Inn (1.3 mi),The Roundabout Hotel (0.9 mi); The White Horse (1.8 mi); Chequers (1.9 mi)
Bognor Regis Golf Club,,The George Inn (0.5 mi); The Charlie Purley (0.6 mi); The Thatched House (0.6 mi),The Coast House B&B (0.7 mi); White Horses Bed & Breakfast (0.9 mi); Ocean Hotel (1.0 mi)
Seaford Golf Club,,Royal British Legion (1.0 mi); The Cinque Ports (1.1 mi); Old Plough (1.2 mi),Rathfinny Wine Estate - Flint Barns (0.9 mi); The Avondale (0.9 mi); White Lion Hotel (1.0 mi)
Ifield Golf and Country Club,,The Plough (0.6 mi); Pelham Buckle (0.7 mi); The Windmill (0.7 mi),Trivelles Gatwick Hotel (1.0 mi); Premier Inn Crawley Town West (1.1 mi); Da Vinci Manor Hotel (1.1 mi)
Royal Ashdown Forest Golf Club,,The Chequers (0.9 mi); The Hatch (1.3 mi); The Roebuck (1.5 mi),Brambletye Hotel (0.9 mi); Ashdown Park Hotel and Country Club (1.2 mi); Great Harwoods Farm (2.8 mi)
Dyke Golf Club,,The Devil's Dyke (1.0 mi); The Royal Oak (1.5 mi); The Shepherd & Dog (1.6 mi),Innkeeper's Lodge (2.2 mi); The Garden Bar (2.6 mi); The Garden Bar (2.7 mi)
Littlehampton Golf Club,cafe:142m; driving range:448m; restaurant:166m,The Empress (0.1 mi); The White Hart (0.2 mi); The George Inn (0.2 mi),Victoria Hotel (0.3 mi); East Beach Guest House (0.3 mi); The Little Lookout (0.3 mi)
Hill Barn Golf Club,,The Cricketers (0.6 mi); The Broadwater (0.7 mi); Thomas A Becket (0.8 mi),Manor Guest House (1.0 mi); Manor Guest House (1.0 mi); Merton Guest House (1.0 mi)
Selsey Golf Club,,The Neptune Inn (0.9 mi); The Crown Inn (0.9 mi); The Oasis (0.9 mi),The Coastyard (0.7 mi); The Lion (3.6 mi)
Singing Hills Golf Course,,The Ginger Fox (0.6 mi); The Horse Inn Hurst (1.5 mi); The New Inn (1.6 mi),Travelodge (3.3 mi); Premier Inn (3.3 mi); Tottington Manor Hotel & Restaurant (3.4 mi)
Holtye Golf Club,,The Fountain Inn (1.0 mi); Queen's Arms (2.2 mi); The Anchor Inn (2.4 mi),Brambletye Hotel (3.1 mi); The Greyhound (3.3 mi)
Lewes Golf Club,cafe:101m; restaurant:94m,The Dorset (0.1 mi); The Gardener's Arms (0.1 mi); The Snowdrop Inn (0.2 mi),Premier Inn Lewes (0.3 mi); Berkeley House (0.3 mi); Pelham House (0.5 mi)
Lindfield Golf Course,driving range:231m,The Bent Arms (1.1 mi); Red Lion (1.2 mi); The Stand Up Inn (1.2 mi),Den's Cottage (1.2 mi); The Birch Hotel (2.1 mi); Premier Inn Haywards Heath (2.2 mi)
Lydd Golf Club,,Cinque Port Arms (1.3 mi); Smugglers' Alehouse (1.3 mi); The Dolphin (1.4 mi),The Ship Hotel (1.6 mi); Littlestone Hotel (1.8 mi); White horses cottage B&B (1.9 mi)
Mercure Hythe Imperial Golf Course,,The Bell (0.3 mi); The Bell Inn (0.3 mi); The Butt of Sherry (0.4 mi),Hythe Imperial Hotel (0.0 mi); OYO (0.5 mi); The Swan Hotel (0.5 mi)
Peacehaven Golf Course,,The Jolly Boatman (0.8 mi); Prince of Wales (0.9 mi); The Bridge (0.9 mi),Kings House (0.3 mi); John wayne Lodge (by the sea) (1.2 mi); Premier Inn (1.5 mi)
Pyecombe Golf Course,,The Plough Inn PH (0.4 mi); Jack & Jill (0.8 mi); The Hassocks (1.7 mi),Middown House Bed and Breakfast (1.6 mi); Lantern Cottage (2.0 mi); Innkeeper's Lodge (2.5 mi)
Seaford Head Golf Club,,The Office Bar (0.5 mi); The Cinque Ports (0.5 mi); Wellington Hotel (0.6 mi),Wellington Hotel (0.6 mi); The Avondale (0.7 mi); White Lion Hotel (1.0 mi)
Walmer and Kingsdown Golf Links,,King's Head (0.4 mi); Zetland Arms (0.5 mi); The Rising Sun (0.5 mi),White Cliff Hotel (2.2 mi); St. Margaret's Bay Hotel (2.5 mi); Sondes Lodge (3.0 mi)
Westgate and Birchington Golf Club,,The Swan (0.3 mi); Bake and Alehouse (0.3 mi); Ginger's (0.4 mi),Hussar Hotel (1.0 mi); Westbrook Lodge Guest House (1.4 mi); Nayland Rock Hotel (1.8 mi)
Cuckfield Golf Centre,driving range:366m,Rose & Crown (0.9 mi); The White Hart Inn (1.0 mi); The Talbot (1.0 mi),Ockenden Manor Hotel & Spa (0.9 mi); Ockenden Manor Hotel & Spa (0.9 mi); Chownesmead Hotel - Under Construction (1.9 mi)
Tilgate Forest Golf Centre,restaurant:178m,The Grasshopper (0.1 mi); New Moon (0.6 mi); Charcoal Burner (0.7 mi),Barrington Lodge Crawley (0.6 mi); Arora Hotel (0.8 mi); Grange Hotel (0.9 mi)
Rookwood Golf Course,,Dog and Bacon (0.7 mi); Shelley Arms (0.8 mi); The Coot (0.8 mi),Wimblehurst Hotel (0.9 mi); Travelodge (1.2 mi); Premier Inn (1.4 mi)
Slinfold Golf & Country Club,,The Red Lyon (1.0 mi); The Blue Ship (1.4 mi); Queen's Head (2.4 mi),Random Hall Hotel (0.9 mi); Travelodge (1.8 mi)
Cherry Lodge Golf Club,,The Old Jail (0.2 mi); The Black Horse (0.8 mi); Blacksmith's Arms (0.9 mi),The Landing Hotel (1.1 mi); The Bakery Restaurant & Rooms (1.9 mi); Days Inn (3.1 mi)
Leeds Castle Golf Course,cafe:195m; restaurant:199m,Park Gate Inn (0.3 mi); Sugar Loaves (0.9 mi); The Windmill (0.9 mi),Mercure Maidstone Great Danes (0.9 mi); Days Inn (1.4 mi); Tudor Park Hotel (2.2 mi)
St Augustine's Golf Club,,Jolly Farmer (1.3 mi); Sir Stanley Gray (1.5 mi); The Belle Vue Tavern (1.6 mi),The Pegwell Bay Hotel (1.5 mi); Durlock Lodge B&B (1.6 mi); Premier Inn (1.9 mi)
Sedlescombe Golf Club,driving range:213m,The Queen's Head Inn (1.2 mi); The Black Horse (1.3 mi); The New Inn (1.7 mi),Claverton Country House Hotel (0.6 mi); The Brickwall Hotel (1.2 mi); Beauport Park Hotel (1.6 mi)
Darenth Valley Golf Course,,The Samuel Palmer (0.2 mi); The Kings Arms (0.3 mi); The Two Brewers (0.5 mi),"The Darenth (0.0 mi); Donington Manor Hotel (2.3 mi); Silverleigh Naturist Spa, Hotel and Leisure Centre (3.2 mi)"
Ashford Golf Club,,The Hare and Hounds (0.5 mi); The Pheasant (0.7 mi); The Rose (1.2 mi),"Premier Inn Ashford Eureka Leisure Park (0.8 mi); Travelodge, Ashford (1.0 mi); Ashford International Hotel (1.0 mi)"
Tenterden Golf Club,driving range:470m,Fat Ox (0.6 mi); Woolpack Hotel (1.0 mi); The Crown (1.0 mi),Little Dane Court B & B (0.8 mi); The White Lion (1.0 mi); Signal Cottage Bed & Breakfast (1.1 mi)
Bexleyheath Golf Club,,Royal Oak (0.1 mi); The Robin Hood & Little John (0.3 mi); The Three Blackbirds (0.4 mi),1st Bed Guest House (0.4 mi); Crook Log Guest House (0.5 mi); Premier Inn (0.6 mi)
Nevill Golf Club,,The Hawk & Berry (0.5 mi); The Bull (0.9 mi); The Compasses (1.1 mi),Clarken Guest House (0.9 mi); The Tunbridge Wells Hotel (1.2 mi); Hotel du Vin (1.3 mi)
Cottesmore Golf Club,,The Black Swan (0.9 mi); The Dragon (1.1 mi); The Windmill (1.8 mi),Barrington Lodge Crawley (1.8 mi); Premier Inn Crawley Town West (1.9 mi); Premier Inn (1.9 mi)
Broome Park Golf Club,driving range:306m,The Jackdaw (0.7 mi); Two Sawyers (1.2 mi); The Duke of Cumberland (1.4 mi),Broome Park Hotel (0.1 mi)
Horsham Golf Club,,The Boar's Head (0.5 mi); Hen and Chicken (0.9 mi); The Bear (1.1 mi),Travelodge (1.1 mi); Premier Inn (1.2 mi); Premier Inn (1.6 mi)
Crowborough Beacon Golf Club,driving range:290m,The Blue Anchor (0.3 mi); The Bricklayer's Arms (0.6 mi); The White Hart (1.0 mi),Old Mill Farm (2.5 mi)
Royal Cinque Ports Golf Club,driving range:190m; pro shop:62m,The Smugglers (0.7 mi); Prince Albert (0.9 mi); Ship Inn (0.9 mi),The Rose Hotel (1.1 mi); The Royal Hotel (1.1 mi); Clarendon Hotel (1.2 mi)
Dale Hill Golf Club,,Bell Inn (0.6 mi); The Bull Inn (0.9 mi); The Royal Oak (1.2 mi),Forest Edge Motel (1.2 mi); T&J Motel (1.5 mi); Shoyswell Cottage (1.8 mi)
East Sussex National,,The Anchor Inn (0.3 mi); The Green Man (0.9 mi); The Cock Inn (1.0 mi),Bryn Clai (1.2 mi); Premier Inn Lewes (2.0 mi); Berkeley House (2.0 mi)
High Elms Golf Course,,The Queen's Head (0.6 mi); George and Dragon (0.6 mi); Rose and Crown (1.2 mi),The Landing Hotel (2.1 mi); Premier Inn (2.8 mi)
Orpington Golf Centre,,The Bull Inn (0.2 mi); Seven Stars (0.9 mi); White Swan (1.4 mi),Ruxley Rooms (0.7 mi); The Pavilion (0.8 mi); Travelodge London Sidcup (1.5 mi)
Bromley Golf Centre,driving range:202m,The Chequers (0.5 mi); Chatterton Arms (0.7 mi); The Two Doves (0.8 mi),Bickley Manor Hotel and Restaurant (1.1 mi); Premier Inn London Bromley hotel (1.7 mi); Travelodge (1.8 mi)
Poult Wood Golf Course,,Carpenters Arms (0.9 mi); The Rose Revived (1.1 mi); The Royal Oak (1.4 mi),Vivat Trust - Hadlow Tower (1.8 mi); Premier Inn Tonbridge (1.8 mi); The Rose and Crown (1.9 mi)
The Richmond Golf Club,,The Fox and Duck (0.4 mi); The New Inn (0.4 mi); The Dysart (0.5 mi),The Petersham Hotel (0.8 mi); Richmond Harbour Hotel (0.8 mi); Richmond Hill Hotel (0.8 mi)
The Woldingham Golf Club,,The Horseshoe (0.8 mi); White Lion (0.8 mi); The Bull Inn (1.4 mi),Travelodge Whyteleafe Caterham (1.1 mi); Birch (Selsdon) (2.9 mi); The Bakery Restaurant & Rooms (3.3 mi)
North Downs Golf Course,,Botley Hill Farmhouse (1.4 mi); The Oxted Inn (1.8 mi); Crown and Pepper (1.9 mi),Travelodge Whyteleafe Caterham (2.5 mi); The Bakery Restaurant & Rooms (2.8 mi); Days Inn (3.1 mi)
Croham Hurst Golf Course,,Coombe Lodge (0.4 mi); The Croham Arms (0.8 mi); The Crown & Sceptre (0.8 mi),Premier Inn Croydon South (0.4 mi); Kirkdale Hotel (0.9 mi); Woodstock Guest House (1.0 mi)
Guildford Golf Club,restaurant:56m,Horse and Groom (0.5 mi); Rogues (1.1 mi); Anchor and Horseshoes (1.1 mi),Danes Court Hotel (0.8 mi); Bluebells B&B (1.2 mi); Mandolay Hotel (1.2 mi)
Clandon Regis Golf Club,driving range:344m; restaurant:23m,The Onslow Arms (0.3 mi); Bulls Head (0.3 mi); The Queens Head (0.8 mi),Manor House Hotel (1.4 mi); Bluebells B&B (2.0 mi); Danes Court Hotel (2.7 mi)
Abbey Moor Golf Club,driving range:159m,Waggon & Horses (0.4 mi); The Holly Tree (0.5 mi); The Queens Arms (0.5 mi),Premier Inn (0.6 mi); Travelodge (0.9 mi); The Bridge Hotel (1.1 mi)
Shirley Park Golf Club,cafe:184m,The Crown (0.3 mi); The Cricketers (0.4 mi); Shirley Inn (0.5 mi),Atini Guesthouse (0.8 mi); Premier Inn Croydon South (1.0 mi); easyHotel Croydon Town Centre (1.3 mi)
Dorking Golf Club,,Royal Oak (0.6 mi); Red Bar & Lounge (0.6 mi); The White Hart (0.6 mi),Fairdene Guest House (0.6 mi); Travelodge Dorking (0.7 mi); Blackbrook House (1.3 mi)
Tyrrells Wood Golf Course,,The Cock (1.0 mi); King William IV (1.4 mi); The Edmund Tylney (1.5 mi),Travelodge (1.6 mi); Escape to Surrey (1.7 mi); Burford Bridge Hotel (2.4 mi)
Reigate Hill Golf Club,,The Jolly Brickmakers (1.1 mi); The Feathers (1.2 mi); The Sun (1.5 mi),Bridge House Hotel (0.8 mi); Reigate Manor Hotel (1.3 mi); Travelodge (1.5 mi)
Malden Golf Club,,The Royal Oak (0.2 mi); The Glasshouse (0.4 mi); The Watchman (0.8 mi),Warren House (1.1 mi); Travelodge (1.1 mi); The Bull and Bush Hotel Kingston (1.4 mi)
Coombe Wood Golf Club,,The Albert (0.4 mi); The Park Tavern (0.5 mi); The Black Horse (0.6 mi),Warren House (0.4 mi); The Bull and Bush Hotel Kingston (0.9 mi); Travelodge (1.2 mi)
West Byfleet Golf Club,driving range:170m,The Station (0.5 mi); The Victoria (0.7 mi); Black Prince (1.0 mi),The Queens Head (1.3 mi); The Plough (1.6 mi); DoubleTree by Hilton Hotel Woking (2.1 mi)
Woodcote Park Golf Club,,Jack and Jill (0.2 mi); The Smuggler's Inn (0.7 mi); The Pembroke (0.7 mi),Purley Cross Guest House (1.4 mi); Hazel Residence (1.5 mi); Golden Saphire (2.3 mi)
Milford Golf Club,driving range:263m,The Star (1.0 mi); Inn on the Lake (1.0 mi); The Stag on the River (1.1 mi),The Kings Arms and Royal Hotel (1.6 mi); Godalming Hotel (2.3 mi)
Sutton Green Golf Club,,The Olive Tree (0.3 mi); Drumming Snipe (0.8 mi); Bird in Hand (1.0 mi),Gorse Hill Hotel (2.0 mi); Bluebells B&B (2.1 mi); Worplesdon Place (2.2 mi)
Clandon Golf,,Horse and Groom (0.2 mi); Bulls Head (1.0 mi); Anchor and Horseshoes (1.3 mi),Manor House Hotel (1.1 mi); Bluebells B&B (1.2 mi); Danes Court Hotel (1.4 mi)
Bramley Golf Club,,The Jolly Farmer (0.5 mi); Wheatsheaf (0.5 mi); Grantley Arms (0.9 mi),Barnett Hill House Hotel (1.3 mi); Godalming Hotel (1.6 mi); Percy arms (2.1 mi)
West Surrey Golf Club,,The Star (0.8 mi); The White Hart Inn (0.9 mi); The Merry Harriers (1.1 mi),The Kings Arms and Royal Hotel (2.2 mi); Godalming Hotel (2.8 mi); The Dovecote at Greenaway (3.2 mi)
Reigate Heath Golf Club,driving range:458m,Skimmington Castle (0.2 mi); The Black Horse (0.7 mi); The Pheasant at Buckland (0.8 mi),Prince of Wales (1.4 mi); Hartsfield Manor (1.4 mi); Reigate Manor Hotel (1.7 mi)
Surbiton Golf Club,,The Cricketers (0.6 mi); The Lucky Rover (0.8 mi); The North Star (0.8 mi),The Foley (1.1 mi); Chessington Safari Hotel (1.4 mi); Chessington Azteca Hotel (1.4 mi)
Kingswood Golf & Country Club,,Well House Inn (0.4 mi); Kingswood Arms (0.7 mi); The Dukes Head (0.9 mi),Premier Inn (1.4 mi); Bridge House Hotel (2.1 mi); Reigate Manor Hotel (2.4 mi)
Hurtmore Golf Club,,The Squirrel Inn (0.1 mi); The Cyder House Inn (0.9 mi); The Stag on the River (1.0 mi),The Kings Arms and Royal Hotel (1.6 mi); Godalming Hotel (1.8 mi); Holiday Inn (3.1 mi)
Surrey National Golf Club,,Caterham Arms (0.5 mi); The Boundary on The Green (0.6 mi); Royal Oak (0.7 mi),Travelodge Whyteleafe Caterham (1.9 mi); The White Harte Hotel (2.9 mi)
Sunbury Golf,driving range:190m,The Harrow (0.3 mi); The Bell Inn (0.5 mi); Barley Mow (0.8 mi),Holiday Inn Shepperton (1.2 mi); Premier Inn Sunbury - Kempton Park (1.2 mi); Blakesley Lodge (1.2 mi)
Burhill Golf Club,,The Fairmile (1.1 mi); Bricklayers Arms (1.1 mi); The Watermans Arms (1.2 mi),Premier Inn (1.1 mi); Travelodge (1.4 mi); Hilton Cobham (1.6 mi)
Gatton Manor Golf Course,,The Scarlett Arms (0.8 mi); The Punchbowl Inn (1.0 mi); The Cricketers Arms (1.2 mi),Long Copse B&B (3.5 mi)
Epsom Downs Golf Club,,The Derby Arms (0.7 mi); Tattenham Corner (0.8 mi); Ye Olde Kings Head (0.8 mi),Holiday Inn Express (1.0 mi); Premier Inn (1.2 mi); Premier Inn (1.2 mi)
Surrey Downs Golf Club,driving range:281m,Well House Inn (0.6 mi); The White Hart (1.1 mi); Kingswood Arms (1.1 mi),Premier Inn (1.6 mi); Bridge House Hotel (2.4 mi); Reigate Manor Hotel (2.8 mi)
Thames Ditton and Esher Golf Club,,The Greyhound (0.3 mi); Cricketers on the Green (0.3 mi); Marney's Village Inn (0.4 mi),The Foley (1.3 mi); Crowne Plaza (1.5 mi); Mitre Hotel (1.8 mi)
Pyrford Golf Club,,The Anchor (0.5 mi); The Half Moon (1.0 mi); The Ship (1.1 mi),Talbot Inn (1.1 mi); The Queens Head (1.8 mi); The Plough (1.8 mi)
Mitcham Golf Club,,Crown of Mitcham (0.3 mi); The Ravensbury (0.3 mi); Windmill Inn (0.6 mi),Premier Inn (1.7 mi); Ashling Tara Hotel (1.8 mi); Streatham Common B&B (1.9 mi)
Addington Court Golf Club,,White Bear (1.1 mi); Man on the Moon (1.1 mi); Forestdale Arms (1.2 mi),Birch (Selsdon) (1.8 mi); The Landing Hotel (2.5 mi); Premier Inn Croydon South (2.8 mi)
Lingfield Park Golf Course,,Plough (0.5 mi); Old House At Home (0.6 mi); The Star (0.6 mi),Claridge house (0.4 mi); Woodcock Inn (2.4 mi); Premier Inn (2.6 mi)
Chobham Golf Club,,Royal Oak (0.6 mi); The Anchor (0.8 mi); The Crown (0.8 mi),Premier Inn (2.0 mi); Gorse Hill Hotel (2.1 mi); The Pavilion (2.2 mi)
Limpsfield Chart Golf Club,,Limpsfield Legion (0.2 mi); The Bull Inn (0.5 mi); Carpenters Arms (0.9 mi),Days Inn (1.2 mi); The Kings Arms (2.2 mi); The Bakery Restaurant & Rooms (2.5 mi)
The Leatherhead Club,driving range:197m,The Star (0.4 mi); The Woodman (1.1 mi); The Bear (1.2 mi),Woodlands Park Hotel (1.4 mi); Travelodge (1.8 mi); Premier Inn Chessington (1.9 mi)
Banstead Downs Golf Club,,The California (0.4 mi); The Woolpack (1.1 mi); The Railway (1.3 mi),Adagio London Sutton Point (1.5 mi); ibis London Sutton Point (1.5 mi); Holiday Inn (1.5 mi)
Chipstead Golf Club,driving range:319m,The Midday Sun (0.6 mi); Ramblers Rest (0.6 mi); The White Hart (0.7 mi),Premier Inn (2.4 mi); Purley Cross Guest House (2.7 mi); Hazel Residence (2.7 mi)
The Drift Golf Club,driving range:492m,Black Swan (1.2 mi); The Plough (1.5 mi); The Queen Stage (1.6 mi),Days Inn Cobham (1.3 mi); Horsley Park (1.7 mi); Thatcher's Hotel (1.9 mi)
Addington Palace Golf Club,,Forestdale Arms (0.4 mi); The Surprise (1.0 mi); Radnall Tavern (1.0 mi),Premier Inn Croydon South (1.3 mi); Birch (Selsdon) (1.3 mi); Atini Guesthouse (2.3 mi)
Silvermere Golf Club,driving range:452m,The Blue Anchor (0.8 mi); The Plough (1.0 mi); The Queens Head (1.3 mi),Hilton Cobham (0.6 mi); The Plough (1.0 mi); The Queens Head (1.3 mi)
Cranleigh Golf Club,,Little Park Hatch (0.5 mi); The White Hart (0.8 mi); Three Horsehoes (0.9 mi),Long Copse B&B (1.4 mi); Hurtwood Hotel (3.0 mi)
Chigwell Golf Club,,The King WIlliam IV (0.5 mi); Three Jolly Wheelers (0.5 mi); The Crown & Crooked Billet (0.6 mi),Travelodge (0.5 mi); London Chigwell Prince Regent Hotel (0.7 mi); The Manna House (1.7 mi)
Woolston Manor Golf & Country Club,driving range:270m,The Black Deer (1.0 mi); The Cottage Loaf (1.1 mi); The Maltsters Arms (1.2 mi),Travelodge (2.6 mi); London Chigwell Prince Regent Hotel (2.8 mi); Premier Inn (2.8 mi)
Nazeing Golf Club,,King Harolds Head (0.6 mi); Crooked Billet (0.7 mi); The Black Swan (1.6 mi),The Bell Hotel and Tea Rooms (2.8 mi); Mariott Cheshunt (2.8 mi); Roydon Mill Estate (2.9 mi)
Theydon Bois Golf Club,,The Forest Gate Inn (0.5 mi); Queen Victoria (0.8 mi); The Bull (0.8 mi),The Thatched House Hotel (1.5 mi); Good Intent Rooms (1.7 mi); Delta Hotels Waltham Abbey (2.8 mi)
Blakes Golf Course,restaurant:102m,The Kings Head (1.2 mi); The Green Man (1.7 mi); White Hart Inn (1.8 mi),Phoenix Epping Hotel (0.2 mi); Park Inn Hotel (3.3 mi); The Thatched House Hotel (3.5 mi)
Top Meadow,driving range:419m,The Royal Oak (1.3 mi); Thatched House (1.5 mi); Jobbers Rest (1.6 mi),Stifford Hall Hotel (2.9 mi); Ye Olde Plough House (3.0 mi); The Manor Hotel & Restaurant (3.3 mi)
Millers Barn Golf Park,cafe:36m; driving range:117m,The Three Jays (0.2 mi); Wick Lodge (0.7 mi); Never Say Die (0.7 mi),The Cabana (1.0 mi); Beam Guest House (1.0 mi); Horseshoe House (1.2 mi)
Five Lakes,,Queen's Head (1.0 mi); The King's Head (2.3 mi); The Bell (2.6 mi),Five Lakes (0.0 mi)
Braintree Golf Club,,The Onley Arms (0.4 mi); The Dolphin (0.8 mi); The Swan Inn (1.2 mi),Premier Inn (1.8 mi); Premier Inn (1.9 mi); Travelodge (2.3 mi)
Garon Park Golf Complex,,Mawson's Micropub (0.9 mi); Old Walnut Tree (0.9 mi); The Exchange (0.9 mi),Travelodge (1.4 mi); The Ivy Downs Gues House (1.5 mi); Caris Guest house (1.5 mi)
Castle Point Golf Course,,The Anchor Inn (1.0 mi); The Half Crown (1.0 mi); The Hoy and Helmet (1.0 mi),The Oysterfleet (1.0 mi); Premier Inn (3.2 mi)
Warley Park Golf Club,,The Greyhound (0.1 mi); Thatcher's Arms (1.2 mi); The Brave Nelson (1.3 mi),"Brentwood Hotel (1.7 mi); Premier Inn, Brentwood (1.8 mi); Travelodge (2.0 mi)"
Thorndon Park Golf Club,,The Green Man (0.8 mi); The Chough (0.9 mi); The Boars Head (0.9 mi),"Travelodge (1.7 mi); Brentwood Hotel (1.7 mi); Premier Inn, Brentwood (1.8 mi)"
Notley Golf Course,,The Vine (0.7 mi); The Cross Keys (1.2 mi); The Willows (1.5 mi),Premier Inn (1.4 mi); Premier Inn (1.5 mi); Holiday Inn Express (2.0 mi)
Ingrebourne Links Golf Course,driving range:430m,Willow Farm (0.4 mi); Lennards Inn (0.5 mi); The Saxon Horn (0.8 mi),Premier Inn (0.4 mi); The Manor Hotel & Restaurant (1.1 mi); The Royal Hotel (2.1 mi)
Canons Brook Golf Course,,The Shark (0.4 mi); The Hare (0.6 mi); The Golden Swift (0.7 mi),Holiday Inn Express Harlow (1.1 mi); Briggens House Hotel (1.2 mi); Travelodge Harlow (1.2 mi)
Brentwood Golf Centre at Hartswood,,The Alma Arms (0.5 mi); White Horse (0.6 mi); Black Horse (1.5 mi),"Holiday Inn (2.3 mi); The Marygreen Manor Hotel (2.5 mi); Premier Inn, Brentwood (3.0 mi)"
Stapleford Abbotts Golf Course,,Top Oak (0.6 mi); Deers Rest (1.3 mi); The Orange Tree (1.4 mi),Holiday Inn (3.4 mi); Travelodge (3.6 mi); Travelodge (3.7 mi)
Colne Valley Golf Club,,The Lion (0.3 mi); The Drum Inn (0.3 mi); Drapers (0.4 mi),The Dorington Hotel (2.7 mi)
Golf Kingdom,driving range:142m; pro shop:12m,Tollgate Tavern (0.4 mi); The Eva Hart (0.7 mi); The Harrow (0.7 mi),Premier Inn (0.1 mi); Manns Guest House (1.2 mi); Mawney Hotel (1.5 mi)
Maylands Golf Club,,The Saxon King (0.6 mi); William The Conqueror (0.7 mi); Nags Head (1.0 mi),Holiday Inn (0.9 mi); The Marygreen Manor Hotel (1.3 mi); Palms Hotel (1.8 mi)
Romford Golf Club,cafe:79m; restaurant:75m,The Archers (0.1 mi); The Ship (0.1 mi); Gidea Park MicroPub (0.1 mi),Premier Inn (0.9 mi); Travelodge (0.9 mi); Scimitar House (1.0 mi)
Wanstead Golf Club,,The George and Dragon (0.4 mi); The Bull (0.5 mi); The Cuckfield (0.7 mi),Sunningdale Hotel (0.7 mi); Wanstead Hotel (0.8 mi); Courtney Hotel (0.9 mi)
Belhus Park Golf Club,bar:24m; driving range:192m,The Archer (0.4 mi); The Park Tavern (0.6 mi); Crown and Anchor (0.6 mi),Travelodge Thurrock M25 (1.1 mi); Thurrock Hotel (1.3 mi); Premier Inn Thurrock West (1.4 mi)
Park Wood Golf Club,,The Old Ship (0.8 mi); The Grasshopper Inn (1.7 mi); Botley Hill Farmhouse (1.9 mi),The Bakery Restaurant & Rooms (0.8 mi); Days Inn (1.1 mi); The Kings Arms (1.9 mi)
Brighton & Hove Golf Club,,The Devil's Dyke (1.0 mi); The Royal Oak (1.5 mi); The Shepherd & Dog (1.6 mi),Innkeeper's Lodge (2.2 mi); The Garden Bar (2.6 mi); The Garden Bar (2.7 mi)
Chichester Golf Club,,The Anchor Inn (1.0 mi); The Spotted Cow (1.0 mi); Walnut Tree (1.7 mi),Crouchers Hotel (1.5 mi); Crouchers Hotel (1.5 mi); Crouchers Hotel (1.5 mi)
East Brighton Golf Club,,The West Quay (0.3 mi); The Bell Tower (0.3 mi); The Rock Inn (0.5 mi),Malmaison (0.3 mi); Brighton Inn Boutique Guest Accommodation (1.1 mi); Snooze (1.1 mi)
Hampton Court Palace Golf Club,,Hart's Boat Yard (0.2 mi); Fox & Hounds (0.3 mi); The Grove Tavern (0.4 mi),Bosco Hotel & Lounge (0.6 mi); Crowne Plaza (0.7 mi); Premier Inn (0.9 mi)
West Essex Golf Club,,The Owl (0.8 mi); Rusty Bike (0.8 mi); The Royal Forest (0.8 mi),The Royal Forest (0.8 mi); Premier Inn (1.7 mi); Premier Inn (1.7 mi)
The Rayleigh Club,,The Smugglers Den (1.2 mi); The Anchor Riverside (1.2 mi); Travellers Joy (1.4 mi),Crafty Casks (1.9 mi); Oakland Hotel (2.3 mi); Premier Inn (2.4 mi)
Three Rivers Golf & Country Club,,The Norton (0.5 mi); Prince of Wales (0.9 mi); The Bell (1.0 mi),Oakland Hotel (2.6 mi); Crouch Motel (2.8 mi)
Cams Hall Estate Golf Course,,Cams Mill (0.4 mi); The Red Lion Hotel (0.5 mi); The Delme Arms (0.5 mi),The Roundabout Hotel (0.5 mi); Lysses House Hotel (0.6 mi); Briar Glen Bed & Breakfast (1.0 mi)
Hayling Golf Club,driving range:175m,Inn On The Beach (0.3 mi); The Royal Shades (0.7 mi); The West Town Inn (0.7 mi),Sinah Warren Hotel (0.4 mi); The Newtown House Hotel (0.9 mi); Farmhouse (2.5 mi)
Southwick Park Golf Course,,Golden Lion (0.5 mi); Red Lion (0.6 mi); Cross Keys (1.5 mi),Premier Inn (Port Solent) (1.8 mi); Premier Inn (Port Solent East) (1.9 mi); Marriott Hotel (1.9 mi)
Lee-on-the-Solent Golf Course,driving range:75m,The Wyvern (0.5 mi); Carisbrooke Arms (0.6 mi); Lee On The Solent Conservative Club (0.7 mi),Leeward House Bed And Breakfast (1.1 mi); Premier Inn (1.2 mi); Briar Glen Bed & Breakfast (1.4 mi)
Stoneham Golf Club,,Fleming Arms (0.9 mi); The Stag's (0.9 mi); The Crown Inn (1.1 mi),DoubleTree by Hilton Hotel Southampton (0.6 mi); Ellington Lodge at The Concorde (1.1 mi); Premier Inn (1.2 mi)
Weybrook Park Golf Club,driving range:354m,Wellington Social Club (0.7 mi); The Swan (0.9 mi); Sherborne St John Social Club (0.9 mi),Apollo Hotel (0.9 mi); Cleeves (1.0 mi); Premier Inn (1.4 mi)
Basingstoke Golf Club,,The Queen Inn (0.1 mi); The Sun Inn (0.6 mi); The Wheatsheaf (1.3 mi),The Wheatsheaf Hotel (1.3 mi); Sylven Lea Bed And Breakfast (2.8 mi); Sylvenlea Bed and Breakfast (2.8 mi)
Blackwater Valley Golf Centre,driving range:376m,The White Lion (0.4 mi); Dog and Partridge (0.5 mi); The Royal Oak (0.8 mi),The Ely (1.7 mi); Premier Inn (1.9 mi); Dial House Hotel (1.9 mi)
Royal Winchester Golf Club,,The County Arms (0.8 mi); The Terrace Bar (1.0 mi); Fulflood Arms (1.1 mi),Hotel du Vin & Bistro (1.4 mi); The Old Vine (1.5 mi); Winchester Royal Hotel (1.5 mi)
Avington Park Golf Course,,The Plough (0.5 mi); The Bush Inn (1.3 mi); The Chestnut Horse (1.8 mi),Days Inn Winchester (2.1 mi); voco Winchester Hotel and Spa (2.6 mi); The Bell Inn (2.8 mi)
South Winchester Golf Club,driving range:264m,The County Arms (1.4 mi); The Bell Inn (1.4 mi); The Terrace Bar (1.5 mi),Hotel du Vin & Bistro (1.9 mi); The Old Vine (2.0 mi); Winchester Royal Hotel (2.1 mi)
Hockley Golf Club,,The Bell Inn (0.9 mi); The Bridge Inn (1.0 mi); Phoenix Inn (1.3 mi),The Black Hole (1.6 mi); The Wessex Hotel (1.8 mi); Travelodge Winchester (1.8 mi)
Gosport & Stokes Bay Golf Course,bar:5m,The Fighting Cocks (0.2 mi); Park Tavern (0.7 mi); Village Home (0.9 mi),Anglesey Hotel (0.6 mi); The Old Lodge (0.9 mi); Haven Guest House (1.0 mi)
Petersfield Golf Club,,The Queens Head (0.9 mi); The Half Moon (1.0 mi); The Half Moon (1.0 mi),Scotland Farm (2.2 mi); Premier Inn (2.2 mi)
Test Valley Golf Club,,The Greyhound Inn (1.9 mi); The Red Lion (2.1 mi); The White Hart (2.1 mi),Tufton Warren (3.0 mi); The Wheatsheaf Hotel (3.3 mi); Oakley Hall (3.5 mi)
Burley Golf Club,,White Buck Inn (0.2 mi); The Queen's Head (0.5 mi); The Burley Inn (0.6 mi),Highcroft Bed and Breakfast (0.6 mi); Littlemead Bed & Breakfast (0.6 mi); Burley Manor Hotel (0.6 mi)
Alton Golf Club,,The Railway Arms (1.5 mi); The Eight Bells (1.5 mi); The White Hart Inn (1.6 mi),Alton House Hotel (1.6 mi); O'Connors (1.6 mi); The Crown Hotel (1.6 mi)
Sherfield Oaks Golf Club,,The Four Horseshoes (0.7 mi); The White Hart (0.7 mi); Longbridge Mill (0.8 mi),Tylney Hall Hotel (1.8 mi); Hampshire Centre Court Hotel (2.5 mi); Basingstoke Country Hotel (2.7 mi)
East Horton Golf Club,,The Old George (0.9 mi); Cricketers Arms (0.9 mi); The Alma (1.0 mi),The Stable (1.3 mi); Marwell Hotel (1.6 mi); Macdonald Botley Park Hotel & Spa (2.5 mi)
Wickham Park Golf Course,driving range:127m,The Square Cow (0.6 mi); King's Head (0.6 mi); Green's (0.6 mi),New Place (1.3 mi); Meon Valley Hotel (1.5 mi); The Solent Hotel (2.5 mi)
Boundary Lakes Golf Club,,Southampton Arms (0.5 mi); West End Brewery (0.7 mi); The Bittern (1.0 mi),Hilton Southampton - Utilita Bowl (0.0 mi); Holiday Inn Express (0.2 mi); Twin Oaks Guest House (1.0 mi)
Skylark Golf & Country Club,,The Round Coppice (0.9 mi); The Fisherman's Rest (1.3 mi); The Talisman (1.3 mi),"The Solent Hotel (0.7 mi); The Lodge - at the Solent (0.7 mi); Premier Inn, Fareham (1.0 mi)"
Bramshaw Golf Course,,The Green Dragon (0.3 mi); The Bell Inn (0.3 mi); Sir Walter Tyrrell (0.6 mi),Twin Oaks (1.1 mi); Travelodge Stoney Cross Lyndhurst (1.2 mi); Cosy Cottage B&B (1.4 mi)
Lullingstone Park Golf Course,,Bo Peep (1.1 mi); Five Bells Public House (1.4 mi); The Chequers (1.6 mi),The Darenth (2.3 mi); Premier Inn (2.8 mi); The Pavilion (3.0 mi)
Old Thorns,cafe:108m,The Deers Hut (0.3 mi); The Royal Anchor (1.2 mi); The Green Dragon (1.2 mi),Old Thorns Manor Hotel (0.1 mi); Champneys Health Spa (0.8 mi)
Paultons Golf Centre,,The Vine (0.9 mi); Mortimer Arms (1.1 mi); The Rockingham Arms (1.6 mi),Premier Inn (0.9 mi); The Well House (1.2 mi); Copythorne Lodge Bed & Breakfast (2.2 mi)
Worldham Golf Club,driving range:125m,The Swan (1.0 mi); The Crown Hotel (1.0 mi); The Railway Arms (1.0 mi),Alton House Hotel (0.9 mi); The Swan (1.0 mi); O'Connors (1.0 mi)
Andover Golf Club,,The Southampton Arms (0.3 mi); Tap at The Lamb (0.4 mi); Wolverdene Club (0.4 mi),The Station Inn (0.4 mi); Star and Garter Hotel (0.5 mi); Best Western Andover Hotel (0.7 mi)
Bishopswood Golf Course,,The Ambassadors Club (0.6 mi); The Badgers Wood (0.6 mi); The Cricketers (0.6 mi),Tadley Bed And Breakfast (0.5 mi); The Broomsquire Hotel (1.0 mi); Hawthorns B&B (1.2 mi)
New Forest Golf Club,,The Mailmans Arms (0.5 mi); The Mailmans Arms (0.5 mi); Stag Hotel (0.5 mi),Whitemoor House (0.1 mi); Ormonde House Hotel (0.1 mi); Temple Lodge (0.2 mi)
Waterlooville Golf Course,,Plough and Barleycorn (0.4 mi); Plough and Barleycorn (0.4 mi); The Spotted Cow (0.5 mi),Newhaven (0.9 mi); Premier Inn - Portsmouth (Horndean) (1.5 mi); Havant Travelodge (1.9 mi)
Old Fold Manor Golf Course,,Ye Olde Monken Holt (0.4 mi); The Bucher's Arms (0.6 mi); Sebright Arms (0.7 mi),Savoro (0.5 mi); The Hadley Hotel (0.9 mi); The Barrington Hotel (1.4 mi)
Harpenden Golf Course,driving range:101m,White Horse (0.5 mi); The Engineer (0.9 mi); Queen's Head (1.0 mi),Aubrey Park Hotel (2.2 mi); Hyde Mill Bed & Breakfast (2.8 mi); Premier Inn (2.9 mi)
Porters Park Golf Club,,No 58 Watling Street (0.4 mi); Red Lion Hotel (0.4 mi); The White Horse (1.3 mi),Red Lion Hotel (0.4 mi); Premier Inn (1.8 mi); Holiday Inn Express (2.4 mi)
Pinner Hill Golf Club,,The Dick Whittington (0.7 mi); The Three Wishes (0.9 mi); The Three Wishes (1.1 mi),Grim's Dyke Hotel (2.2 mi); Watford Bed & Breakfast (2.7 mi); Premier Inn (2.8 mi)
The Nine of Herts,driving range:113m,White Bear (0.5 mi); White Bear Pub (0.5 mi); The Rose and Crown (0.7 mi),Premier Inn (0.6 mi); Springwell Barn (1.5 mi); Premier Inn (2.2 mi)
Aldenham Golf Club,,The Round Bush (0.5 mi); The Three Compasses (0.5 mi); The Three Horseshoes (0.9 mi),Hilton London Watford (0.5 mi); Mercure London Watford (1.0 mi); Premier Inn (1.8 mi)
Aldwickbury Park Golf Course,,The Carpenters Arms (0.5 mi); The Plough and Harrow (0.6 mi); Marquis of Granby (0.6 mi),Hyde Mill Bed & Breakfast (2.2 mi); The Boot (3.2 mi)
Little Hay Golf Complex,driving range:205m,The White Horse (0.7 mi); The Anchor (0.7 mi); The Three Horseshoes (0.8 mi),Premier Inn (0.5 mi); Best Western (0.8 mi); Boxmoor Lodge Hotel (1.1 mi)
Essendon Country Club,,Rose & Crown (0.5 mi); The Five Horseshoes (0.7 mi); The Beehive (1.2 mi),Mulberry Lodge (1.5 mi); Baker Arms (1.7 mi); The White Horse (2.7 mi)
Whitehill Golf,driving range:153m,The Boot (0.5 mi); The White Horse (2.0 mi); Lordship Arms (2.3 mi),Emerald Cottages (1.4 mi); Hanbury Manor (2.9 mi)
Mill Green Golf Club,,The Hollybush (0.6 mi); The Beehive (0.7 mi); The Peartree (1.0 mi),Homestead Court Hotel (1.0 mi); Premier Inn (1.4 mi); Lawn House (1.5 mi)
Great Hadham Golf Course,driving range:289m,The Prince of Wales (0.9 mi); The Bull Inn (1.4 mi); The Harvest Moon (1.6 mi),The Acorn at Oak House (2.4 mi); Travelodge (2.6 mi); Latchmead Bed and Breakfast (2.9 mi)
Chesfield Downs Golf Club,bar:19m; driving range:147m; pro shop:19m,The Highwayman (0.3 mi); The Wagon and Horses (1.1 mi); The Fox (1.1 mi),Letchworth Hall Hotel (1.5 mi); Premier Inn (1.9 mi); Travelodge Letchworth Garden City (2.0 mi)
Redbourn Golf Club,driving range:224m,The George (1.0 mi); The Cricketers of Redbourn (1.2 mi); Chequers Inn (1.3 mi),Premier Inn (1.5 mi); Aubrey Park Hotel (1.9 mi); Hyde Mill Bed & Breakfast (2.4 mi)
Ash Valley Golf Club,driving range:269m,The Nag's Head (0.8 mi); The Bull Inn (0.9 mi); The Prince of Wales (1.8 mi),The Nag's Head (1.4 mi)
Batchworth Park Golf Club,driving range:113m,White Bear (0.5 mi); White Bear Pub (0.5 mi); The Rose and Crown (0.7 mi),Premier Inn (0.6 mi); Springwell Barn (1.5 mi); Premier Inn (2.2 mi)
Mid Herts Golf Club,,The Cross Keys (0.5 mi); The Reading Rooms (1.0 mi); The Swan (1.1 mi),The Boot (1.7 mi); Hyde Mill Bed & Breakfast (2.8 mi)
Royston Golf Club,restaurant:84m,Coach & Horses (0.2 mi); The Manor House (0.2 mi); The Old Bull (0.3 mi),Banyers House (0.3 mi); Warren Guest House (0.4 mi); Magnolia House (0.7 mi)
Brocket Hall,restaurant:1m,The Crooked Chimney (0.4 mi); The Sun (0.6 mi); The Waggoners (0.9 mi),Premier Inn (1.6 mi); Premier Inn (2.3 mi); Homestead Court Hotel (2.5 mi)
Berkhamsted Golf Club,,The Crystal Palace (0.7 mi); The Boat (0.8 mi); The Rising Sun (0.8 mi),The Penny Farthing (1.1 mi); Best Western (2.0 mi); Premier Inn (2.1 mi)
Calcot Park Golf Club,,The Water Tower (0.6 mi); The Prince of Wales (0.9 mi); Fox and Hounds (0.9 mi),Calcot Hotel (0.6 mi); Travelodge Reading Eastbound (1.3 mi); Travelodge Reading Westbound (1.5 mi)
The Caversham,,The Pack Saddle (0.3 mi); The Packhorse (0.6 mi); The New Inn (1.4 mi),The Roebuck Hotel (1.6 mi); Premier Inn (2.0 mi); Tulip Styles (2.0 mi)
The Club at Mapledurham,driving range:198m,The Pack Saddle (0.1 mi); The Packhorse (0.6 mi); The New Inn (1.3 mi),Premier Inn (1.9 mi); The Village Hotel (1.9 mi); The Roebuck Hotel (1.9 mi)
The West Berkshire Golf Club,,The Stag (1.1 mi); The Fox (1.9 mi); The Crab (2.8 mi),
Bird Hills Golf Centre,driving range:396m,The Bridge House (0.7 mi); New Leathern Bottle (1.1 mi); Shepherds House (1.4 mi),Stirrups Country Hotel (2.4 mi); The Winning Post (2.4 mi); Holiday Inn (2.9 mi)
Billingbear Park Golf Course,driving range:175m,Billingbear Park Golf Course (0.2 mi); The Warren (0.8 mi); Shurlock Inn (1.4 mi),Cantley House Hotel (1.8 mi); White Gates Hotel (1.8 mi); Fines Bayliwick Hotel (2.2 mi)
Newbury & Crookham Golf Club,,The Swan (1.3 mi); The Crucible (1.3 mi); The Two Watermills (1.3 mi),Premier Inn (1.2 mi); The Lodge (1.3 mi); The Elephant at the Market (1.8 mi)
Donnington Grove Country Club,,The Castle (0.4 mi); The Starting Gate (0.6 mi); The High Horse (1.1 mi),The Hare & Hounds (0.6 mi); Donnington Valley Hotel (0.6 mi); The Chequers (1.0 mi)
Royal Ascot Golf Club,,The Stag (0.4 mi); The Duke of Edinburgh (0.9 mi); The Swinley (0.9 mi),Highclere Hotel (1.2 mi); Macdonald Berystede Hotel & Spa (1.5 mi); Royal Berkshire (1.5 mi)
Donnington Valley Golf Club,,The Castle (0.4 mi); Fox & Hounds (0.8 mi); The Starting Gate (1.0 mi),Donnington Valley Hotel (0.1 mi); The Chequers (1.1 mi); The Hare & Hounds (1.1 mi)
Goring & Streatley Golf Club,,The Bull (0.7 mi); The Swan at Streatley (0.8 mi); The Miller of Mansfield (1.1 mi),Grange Close Bed & Breakfast (1.1 mi); The Miller of Mansfield (1.1 mi); The Springs Hotel (3.6 mi)
Twisted Stone Golf Course,,The Anchor (0.6 mi); The Station (1.0 mi); The Queens Head (1.3 mi),The Queens Head (1.3 mi); The Plough (1.4 mi); Talbot Inn (1.8 mi)
Chartham Park,,The Star Inn (0.8 mi); The Wiremill Lakeside Pub & Inn (1.1 mi); Peacock Lodge (1.2 mi),Premier Inn (0.8 mi); Grinstead Lodge Guest House (0.9 mi); Woodcock Inn (1.0 mi)
North Middlesex Golf Club,,The York Arms (0.4 mi); Toolan's (0.5 mi); Malt and Hops (0.5 mi),Glenlyn Hotel (0.6 mi); Travelodge London Whetstone (1.0 mi); Ramada London Finchley (1.2 mi)
Hendon Golf Course,driving range:281m,Adam & Eve (0.6 mi); Hind and Hart (1.1 mi); The Greyhound (1.1 mi),Travelodge Finchley (1.2 mi); Holiday Inn Express Golders Green (1.5 mi); The Pillar Hotel (1.7 mi)
Dukes Meadows Golf,driving range:379m,Ye White Hart (0.2 mi); The Watermans Arms (0.2 mi); The Bull's Head (0.2 mi),Premier Inn (0.9 mi); The Victoria (1.2 mi); Kew Gardens Hotel (1.3 mi)
Arkley Golf Club,,The Gate (0.4 mi); The Arkley (0.9 mi); The Lord Nelson (1.3 mi),DoubleTree by Hilton London Elstree (0.8 mi); Travelodge (1.0 mi); Premier Inn (1.0 mi)
Fulwell Golf Club,,The Roebuck (0.2 mi); Brouge (0.3 mi); The Red Lion (0.3 mi),Premier Inn (0.6 mi); The Park Hotel (0.9 mi); Travelodge (0.9 mi)
Muswell Hill Golf Club,,The Maid of Muswell (0.1 mi); Furlong (0.5 mi); The Phoenix (0.6 mi),Roseview Hotel (0.7 mi); National Hotel (0.7 mi); Premier Inn (0.8 mi)
The Inspiration Club,,The Middlesex Arms (0.8 mi); Black Bull (1.2 mi); The Bell (1.3 mi),Ramada South Ruislip (0.8 mi); Travelodge (1.4 mi); The Barn Hotel (1.9 mi)
Finchley Golf Course,,The Joiners (0.6 mi); King of Prussia (0.7 mi); The Catcher in the Rye (0.8 mi),Travelodge Finchley (0.7 mi); Glenlyn Hotel (1.2 mi); Ramada London Finchley (1.2 mi)
Hainault Forest Golf Club,driving range:146m,The Harrow (1.2 mi); The Colley Rowe Inn (1.2 mi); Two Brewers (1.3 mi),Premier Inn (1.8 mi); Manns Guest House (2.4 mi); The Manna House (2.5 mi)
Royal Mid-Surrey Golf Club,,The Triple Crown (0.2 mi); The Sun Inn (0.3 mi); The Orange Tree (0.3 mi),The Orange Tree (0.3 mi); Shandon House (0.5 mi); Quinns Hotel (0.5 mi)
Aspley Guise & Woburn Sands Golf Club,,The Anchor (0.4 mi); The Fir Tree Inn (0.4 mi); The Swan (0.5 mi),Best Western Moore Place Hotel (0.3 mi); Greens Hotel (0.4 mi); The Fir Tree Inn (0.4 mi)
Whiteleaf Golf Club,,Red Lion (0.2 mi); The Plough (0.4 mi); The Three Crowns (0.5 mi),Bel & The Dragon at the Red Lion (3.6 mi)
Ivinghoe Golf Club,,The Rose and Crown (0.1 mi); Village Swan (1.2 mi); The Old Swan (1.4 mi),Brownlow Stables;The Brownlow (0.9 mi); Pendley Manor (2.9 mi); Bellows Mill (2.9 mi)
Chiltern Forest Golf Course,,The Bell (1.3 mi); The Partridge (1.6 mi); The Oak (1.7 mi),Premier Inn (1.0 mi); West Lodge Hotel (1.4 mi); Bel & The Dragon at the Red Lion (2.0 mi)
Wycombe Heights Golf Centre,,King George V (0.5 mi); Papermill Brewers Fayre (0.7 mi); The General Havelock (0.7 mi),Premier Inn High Wycombe Beaconsfield (0.7 mi); High Wycombe Central Travelodge (2.4 mi); Premier Inn (2.5 mi)
Beaconsfield Golf Club,,Three Horseshoes (0.6 mi); The Jolly Cricketers (0.6 mi); The White Horse (1.2 mi),Crowne Plaza (1.1 mi); Travelodge Beaconsfield Central (1.3 mi); Crazy Bear (1.4 mi)
Oakland Park Golf Club,driving range:140m,The White Hart (0.3 mi); Fox & Hounds (0.8 mi); The Feathers (0.8 mi),Whitewebbs Bed and Breakfast (2.0 mi); Crowne Plaza (2.2 mi); Travelodge Beaconsfield Central (2.7 mi)
Abbey Hill Golf Centre,cafe:23m; restaurant:85m,The Cruck Barn (0.7 mi); The Kensington (0.7 mi); The Prince Albert (1.0 mi),Mercure Milton Keynes Abbey Hill hotel (0.1 mi); Travelodge (1.7 mi); Travelodge Milton Keynes Central (1.7 mi)
Oxford Golf Club,driving range:192m,The City Arms (0.4 mi); Donnington Arms (0.6 mi); The Library (0.6 mi),Athena Guest House (0.4 mi); Conifers Guest House (0.8 mi); Pickwicks Guest House (0.8 mi)
Drayton Park Golf Club,driving range:308m,Wheatsheaf (0.4 mi); Red Lion (0.5 mi); The Plum Pudding (1.0 mi),Courtyard by Marriott Oxford South (1.4 mi); Premier Inn Oxford South (Didcot) (1.5 mi); Steventon House Hotel (1.7 mi)
Burford Golf Club,cafe:183m,The Angel (0.4 mi); Royal Oak (0.5 mi); The Mermaid (0.5 mi),Travelodge (0.1 mi); The Prince of Burford (0.2 mi); Burford Lodge (0.3 mi)
Kirtlington Golf Club,driving range:310m,Oxford Arms (0.6 mi); Gardiner Arms (1.1 mi); Sturdy's Castle (1.7 mi),The Dashwood (0.7 mi); Colliers Bed & Breakfast (1.0 mi); Sturdy's Castle (1.7 mi)
Bicester Golf Hotel & Spa,,The Red Cow (0.5 mi); The Lion at Wendlebury (1.1 mi); The Shakespeare (1.4 mi),Bignell Park (0.6 mi); Holiday Inn Express & Suites (1.2 mi); Premier Inn (1.4 mi)
Henley Golf Club,,The Three Horseshoes (0.7 mi); The Saracen's Head (0.9 mi); Bird in Hand (1.0 mi),Falaise House (1.1 mi); Milsoms Hotel (1.2 mi); The Catherine Wheel (1.2 mi)
Hinksey Heights Golf Course,driving range:232m,The 19th Hole (0.0 mi); The Fishes (0.8 mi); The Duke of Monmouth (1.0 mi),Ethos Hotel (1.0 mi); Lakeside Guest House (1.0 mi); Sportsview Guest House (1.0 mi)
Tilsworth Golf Course,,The Anchor (0.4 mi); The Queens Head (1.2 mi); The Five Bells (1.3 mi),Red Wings Lodge (0.5 mi); The Pheasant Inn (2.8 mi); The Old Palace Lodge Hotel (3.0 mi)
The Millbrook Golf Club,,The Green Man (1.0 mi); Marston Social Club (1.6 mi); The Queens Head (1.7 mi),Center Parcs Hotel (0.7 mi); The White Hart (1.8 mi); Moreteyne Manor (2.1 mi)
Leighton Buzzard Golf Club,,The Star (0.3 mi); The Axe & Compass (0.4 mi); The Dukes (0.5 mi),Swan Hotel (1.6 mi); The Hunt Lodge (1.7 mi); The White House (3.1 mi)
Bedford and County Golf Club,,Nags Head Real Ale Bar (0.8 mi); The Horse and Groom (0.9 mi); The Fox And Hounds (1.1 mi),Narly Oak Lodge (0.3 mi); Woodland Manor Hotel (0.8 mi); Travelodge (1.4 mi)
South Beds Golf Club,,The Brim and Crown (1.1 mi); Jolly Milliner (1.2 mi); The Round Bush (1.4 mi),Holiday Inn London Luton North (1.6 mi); The Old Forge (1.7 mi); The Chequers (1.8 mi)
Aylesbury Vale Golf Club,,Carpenters Arms (0.8 mi); The Swan (1.4 mi); The Boot (1.5 mi),The Hunt Lodge (2.8 mi); Swan Hotel (3.3 mi)
Cainhoe Wood Golf Club,driving range:387m,The White Hart (1.1 mi); The Green Dragon (1.4 mi); The Stone Jug (1.8 mi),Beadlow Manor (0.3 mi); Old Joe's B & B (2.3 mi); The Airman Hotel (2.7 mi)
Ely City Golf Club,driving range:166m,The Fountain (0.5 mi); The Prince Albert (0.6 mi); West End House (0.6 mi),Nyton Hotel (0.3 mi); Riverside Inn (0.6 mi); Travelodge (0.6 mi)
March Golf Club,,The Seven Stars (1.0 mi); The Anchor Inn (1.3 mi); Three Lions Sports Bar & Restaurant (1.5 mi),The Causeway (1.4 mi); Oliver Cromwell Hotel (1.5 mi); The Hippodrome (1.8 mi)
Ramsey Golf & Bowls Club,,The White Lion (0.4 mi); The George (0.5 mi); The Whispering Angel (0.6 mi),Ramsey Rooms (0.5 mi); Pointers Guest House (1.8 mi); Providence Place (2.0 mi)
Elton Furze Golf Club,,The Cuckoo (1.6 mi); Black Horse Inn (1.7 mi); The Crown Inn (1.9 mi),Travelodge (1.4 mi); Days Inn (1.5 mi); Holiday Inn Express Peterborough (1.8 mi)
Kingsthorpe Golf Course,,The Pioneer (0.4 mi); The Cock (0.6 mi); Queens Park Wmc (0.6 mi),Parkside B&B (0.6 mi); Abington Avenue Guest House (0.9 mi); Langham Hotel (1.0 mi)
Kilworth Springs,,The White Hart (0.7 mi); White Lion (0.8 mi); The Bell Inn (2.0 mi),Kilworth House Hotel (1.0 mi); Little Lodge (3.1 mi)
Oundle Golf Club,,The Shuckburgh Arms (1.0 mi); The George (1.3 mi); The Ship Inn (1.3 mi),Talbot Hotel (1.4 mi); Lower Farm Bed and Breakfast (3.0 mi)
Hellidon Lakes Golf Club,,The Red Lion (0.9 mi); The Hollybush (1.0 mi); The Fox and Hounds (2.3 mi),Hellidon Lakes Hotel (0.2 mi); Catesby Barn Farm B&B (2.2 mi); The Homestead (3.1 mi)
Collingtree Park Golf Club,,Wooden Walls of Old England (0.4 mi); The Collingtree (0.5 mi); Yeoman of England (0.8 mi),Travelodge Northampton Wooton (0.5 mi); Hilton Northampton (0.7 mi); Premier Inn (1.0 mi)
Rushden Golf Club,,The Star And Garter (0.8 mi); The Green Dragon (1.4 mi); The Carriage House (1.4 mi),Middle Farm Villa (0.8 mi); The Green Dragon (1.4 mi); The Old House (1.4 mi)
St Audrys Golf Club,,White Lion Inn (0.8 mi); The Ufford Crown (0.8 mi); The Wilford Bridge (0.9 mi),Ufford Park Hotel & Spa (Best Western) (0.2 mi); The Bull Hotel (1.8 mi); Station Guest House (2.0 mi)
Bury St Edmunds Golf Club - Championship Course,,The Greengage (0.7 mi); The Tollgate (1.1 mi); The Three Kings (1.2 mi),Priory Hotel (1.1 mi); Premier Inn (1.3 mi); All Saints (1.5 mi)
Stowmarket Golf Club,,The Chestnut Horse (0.4 mi); The Shepherd and Dog (0.8 mi); The Walnut (2.0 mi),Copinger Hall (0.8 mi); Travelodge (2.0 mi); The Verandah House (2.3 mi)
Rookery Park Golf Club - Main Course,,The Crown (0.4 mi); The King Alfred Freehouse (1.0 mi); Bell Inn (1.0 mi),Coach House Suffolk (0.6 mi); Ivy House Country Hotel (1.0 mi); The Wherry Hotel (1.7 mi)
Ipswich Golf Club,,The Golf Hotel (0.4 mi); The Thrasher (1.1 mi); The Raven (1.2 mi),Holiday Inn (1.2 mi); Premier Inn Ipswich South East (1.2 mi); The Harp (1.7 mi)
Thorpeness Hotel & Golf Club,,The Dolphin (0.7 mi); Parrot & Punchbowl (1.2 mi); The Vulcan Arms (1.4 mi),Field End (1.5 mi); White Horse Hotel (1.8 mi); Thimble Cottage & Suffolk Cottage (1.8 mi)
Eaton Golf Club Norwich,,The Marsh Harrier (0.6 mi); The Cellar House (0.6 mi); The Red Lion (0.7 mi),Holiday Inn Norwich (0.6 mi); Chestnut Grove (0.7 mi); The George Hotel (1.1 mi)
Costessey Park Golf Course,,The Copper Beech (0.5 mi); The Harte of Costessey (0.8 mi); The Bush (0.9 mi),Premier Inn (0.6 mi); Best Western Brook Hotel. now closed (1.4 mi); The Old Lodge (1.5 mi)
Thetford Golf Club,driving range:283m,The Chase (1.3 mi); The Railway Tavern (1.3 mi); The Bell Inn (1.4 mi),Premier Inn (0.7 mi); Travelodge (1.4 mi); The Bell Inn (1.4 mi)
Great Yarmouth and Caister Golf Club,driving range:133m,Mash and Barrel (0.3 mi); Follies Family Showbar (0.4 mi); The Ship Inn (0.5 mi),Sunnydene Guest House (1.3 mi); Rycroft (1.3 mi); Swiss Cottage (1.5 mi)
Bawburgh Golf Course,,The Kings Head (0.7 mi); The Copper Beech (0.9 mi); The Bell at Marlingford (1.1 mi),Premier Inn (0.7 mi); Easton Guest House (1.2 mi); The Old Lodge (1.2 mi)
Caldecott Hall,,The Tavern (0.7 mi); The FIsherman's Inn (1.5 mi); The Bell Inn (1.7 mi),Fritton Arms (1.0 mi); Decoy Barn Bed & Breakfast (1.2 mi); Travelodge (2.8 mi)
Mattishall Golf Club,,The Swan Inn (0.9 mi); The Bell Inn (2.0 mi); The Victoria (2.3 mi),HPB Barnham Broom (2.0 mi); Barnham Broom Hotel & Country Club (2.1 mi); Yaxham Mill (2.7 mi)
Whitley Golf Club,,The Pear Tree (0.7 mi); Golden Fleece (0.9 mi); The Unicorn (1.2 mi),Shaw Country Hotel (0.4 mi); Beechfield House Hotel (0.7 mi); The King's Arms Hotel (1.6 mi)
Rushmore Golf Club,,King John Inn (1.3 mi); The Museum Inn (2.0 mi); The Roebuck Inn (2.3 mi),
Ogbourne Downs Golf Club,,Silks on the Downs (2.1 mi); The Patriots Arms (3.0 mi),The Inn With The Well (0.6 mi); Parklands Hotel (0.6 mi); The Sanctuary (0.7 mi)
Marlborough Golf Course,,Queens Head (0.8 mi); The Bear (0.8 mi); The Green Dragon (0.8 mi),The Bear (0.8 mi); Castle & Ball Hotel (0.8 mi); Premier Inn (1.3 mi)
Wiltshire Golf and Country Club,driving range:415m,The Phoenix (1.6 mi); Waggon & Horses (1.6 mi); The Five Bells (1.7 mi),The Angel Hotel (1.8 mi); Marsh Farm Hotel (2.6 mi); The School House Hotel (3.3 mi)
Salisbury Golf Centre,,The White Horse (0.5 mi); The Horse & Groom (0.9 mi); Devizes Inn (1.1 mi),Cricket Field House (0.3 mi); The Old House Guest House (0.6 mi); The Pembroke Arms (1.2 mi)
Tidworth Garrison Golf Club,,Ram Inn (1.5 mi); The Boot Inn (1.8 mi),Gray Manor Hotel (2.8 mi); Parkhouse Motel (2.9 mi)
Upavon Golf Club,,The Ship (1.0 mi); The Antelope Inn (1.1 mi); The Woodbridge (1.6 mi),Willow House Bed & Breakfast (1.9 mi); Cocklebury Farm (3.5 mi)
Basset Down Golf Course,driving range:251m,The Windmill (1.8 mi); The Fox and Hounds (1.8 mi); The Carters Rest (1.9 mi),"Holiday Inn Express Swindon - West M4, Jct 16 (1.4 mi); DoubleTree by Hilton Hotel (1.6 mi); Premier Inn Swindon West (1.7 mi)"
High Post Golf Club,,The Bridge Inn (1.9 mi); Winterbourne Arms (1.9 mi); The Wheatsheaf Inn (2.2 mi),High Post Hotel (0.3 mi); Porton Hotel (2.4 mi); The Antrobus Arms (2.8 mi)
Meyrick Park Golf Course,,All Hail Ale (0.5 mi); The Four Horsemen (0.6 mi); The Goat and Tricycle (0.6 mi),Laguna (0.4 mi); Premier Inn (0.6 mi); The Norfolk Royale Hotel (0.6 mi)
Lyme Regis Golf Club,,The Royal Oak (0.8 mi); The George (1.0 mi); Ship Inn (1.1 mi),Fernhill Hotel (0.2 mi); Ambleside Annexe B&B (0.7 mi); Hensleigh house (1.0 mi)
Came Down Golf Club,,Old Ship Inn (1.4 mi); The Royal Standard (1.6 mi); The Springhead (2.0 mi),The Cottage B & B (2.1 mi); Premier Inn (2.3 mi); Baytree House (2.5 mi)
Parley Golf Centre Course,driving range:180m,The Curlew (1.3 mi); The Broadway (1.3 mi); The Pear At Parley (1.7 mi),Avon Causeway Hotel (1.8 mi); Travelodge (2.1 mi); Village Hotel Bournemouth (2.3 mi)
Broadstone Golf Club,driving range:249m,The Goods Yard (0.6 mi); The Blackwater Stream (0.9 mi); Lambs' Green Inn (1.2 mi),1777 (1.9 mi); The King's Head (1.9 mi); Premier Inn Poole North (2.0 mi)
Bulbury Woods Golf Club,,The Cock and Bottle (1.0 mi); The Chequers Inn (1.4 mi); Rose & Crown Public House (1.6 mi),white house bed and breakfast (3.2 mi); Spurwing Guest House (3.3 mi)
Highcliffe Castle Golf Club,,The Sandpiper (0.6 mi); The Amberwood (1.2 mi); Cat & Fiddle (1.3 mi),Golfers Reach B&B (0.1 mi); Beechwood Place B&B (0.2 mi); Castle Lodge Bed & Breakfast (0.4 mi)
Ashley Wood Golf Club,,The True Lovers Knot (1.0 mi); Charlton Inn (1.7 mi); Railway Hotel (2.1 mi),The Crown Hotel (2.4 mi); Park Lodge Bungalows B&B (2.4 mi)
Queen's Park Golf Course,,Queens Park Hotel (0.4 mi); The Fiveways (0.8 mi); The Firkin Shed (0.8 mi),Travelodge (0.9 mi); Pinewood Bed & Breakfast (1.1 mi); Crescent Royal Hotel (1.1 mi)
Sturminster Marshall Golf Club,cafe:118m; driving range:73m,The Red Lion (0.4 mi); The Golden Fox (0.7 mi); The Coventry Arms (1.5 mi),The King's Head (3.5 mi); 1777 (3.5 mi)
Wareham Golf Club,,The Kings Arms (1.0 mi); The Angel (1.0 mi); The Red Lion Hotel (1.1 mi),Spurwing Guest House (0.4 mi); The Priory Hotel (1.2 mi); Springfield Hotel (2.1 mi)
Wessex Golf Centre,cafe:191m; driving range:0m,John Gregory (0.6 mi); The Marquis of Granby (0.7 mi); The Turk's Head (0.7 mi),The Heritage Bed and Breakfast (0.7 mi); Lacey's Guest House (1.3 mi); Weyside House (1.3 mi)
Isle of Purbeck Golf Course,,The Village Inn (1.1 mi); Old Harry Bar (1.3 mi); Bankes Arms (1.5 mi),Tall Trees (1.2 mi); Knoll House Hotel (1.3 mi); Studland Stores (1.3 mi)
Christchurch Golf Club - Stour Course,driving range:346m,The Victory (0.6 mi); The Stourvale (0.8 mi); Iford Bridge Hotel (0.8 mi),Village Hotel Bournemouth (0.6 mi); Travelodge (0.8 mi); Beautiful South Bed & Breakfast (1.3 mi)
Yeovil Golf Club,driving range:78m,Pen Mill Hotel (0.6 mi); The William Dampier (0.9 mi); Pall Tavern (1.1 mi),Premier Inn Yeovil Town Centre (0.8 mi); The Warehouse (1.1 mi); The Keep (1.1 mi)
Wells Golf Club,,The Britannia Inn (0.3 mi); The Fountain Inn (0.9 mi); The Crown (1.1 mi),Beryl (0.7 mi); Chapter House Rental Property (0.8 mi); Carden Cottage Rental Property (0.8 mi)
Saltford Golf Club,driving range:316m,The Crown (0.5 mi); The Bird In Hand (0.9 mi); Wheatsheaf (1.0 mi),Kendall House (0.6 mi); Corston Fields Farm (0.9 mi); Greenfields (1.2 mi)
Mendip Spring Golf Club - Brinsea Championship Course,,The Plough (1.3 mi); The Old Inn (1.3 mi); The Ship and Castle (1.4 mi),Lyncombe Lodge (1.5 mi); Winston Manor Hotel (1.6 mi); DoubleTree by Hilton Bristol South - Cadbury House (2.1 mi)
Clevedon Golf Club,driving range:171m,The Old Inn (1.1 mi); Limehouse (1.1 mi); The Fallen Tree (1.1 mi),Walton Park Hotel (0.8 mi); Cavell House (1.3 mi); Warrens Village Motel and Self Catering (2.5 mi)
Tall Pines Golf Club,,Airport Tavern (1.2 mi); Rising Sun (1.6 mi); Darlington Arms (1.7 mi),Hampton by Hilton Bristol Airport (0.7 mi); Forge Motel (1.2 mi); Hathway House (1.2 mi)
Bristol & Clifton Golf Club,,Failand Inn (0.9 mi); The Miners Rest (1.2 mi); The George Inn (1.2 mi),Ramada by Wyndham Bristol West (2.3 mi); Avon Gorge Hotel (2.4 mi); Clift Guest House (2.6 mi)
Orchardleigh Golf Club,,The Woolpack Inn (1.4 mi); Foresters (1.6 mi); The Bell (1.6 mi),The Woolpack Inn (1.4 mi); Travelodge (1.6 mi); Premier Inn (1.6 mi)
Tickenham Golf Club,,The Star Inn (0.4 mi); White Lion (1.0 mi); Moor End Spout (1.1 mi),Highdale B&B (1.2 mi); Premier Inn (2.6 mi); Avon View (2.7 mi)
Long Ashton Golf Club,,The Miners Rest (0.2 mi); Bird in Hand (0.5 mi); The Angel Inn (0.9 mi),Clift Guest House (2.2 mi); Avon Gorge Hotel (2.2 mi); Rodney Hotel (2.5 mi)
Bath Golf Club,,The Plug (0.4 mi); The George (0.9 mi); The Barley Mow (1.0 mi),Sun House (0.5 mi); Abbey Rectory (0.5 mi); The Bath Spa Hotel (0.7 mi)
Thornbury Golf Centre,driving range:259m,Ship Inn (0.6 mi); Wheatsheaf (0.7 mi); The Malthouse (0.7 mi),Premier Inn (0.6 mi); Thornbury Castle Hotel (1.1 mi); Harts House (2.2 mi)
Gloucester Golf Club,driving range:417m,The Fox & Elm (0.7 mi); The Three Oaks (0.8 mi); Kings Head (0.9 mi),Gloucester Robinswood Hotel (0.5 mi); Hatton Court Hotel (0.9 mi); Bowden Hall (1.7 mi)
Lilley Brook Golf Course,driving range:260m,The Clock Tower (0.4 mi); The Wheatsheaf (0.8 mi); The Royal (0.8 mi),DoubleTree by Hilton Cheltenham-Cotswolds (0.4 mi); Charlton Kings Hotel (1.1 mi); Detmore House (1.3 mi)
Brickhampton Court Golf Complex,driving range:199m,The Hare and Hounds (0.5 mi); The Bullfinch (1.1 mi); The Aviator Cafe (1.4 mi),Hatherley Manor Hotel (0.9 mi); Hope Orchard B&B (1.4 mi); The Oakwood Hotel (1.7 mi)
Forest Hills Golf Club,,Gamekeepers Inn (0.4 mi); The Globe (0.7 mi); The Dog House (0.7 mi),The White House (0.6 mi); Kings Head Hotel (0.7 mi); Angel Hotel (0.7 mi)
Stinchcombe Hill Golf Course,,The Old Spot Inn (0.8 mi); The Kings Head (0.9 mi); The Hoptician (0.9 mi),Foresters (1.2 mi); The Prince of Wales Hotel (1.8 mi); Churchend Farm B & B (3.1 mi)
Filton Golf Course,,The Air Balloon (0.6 mi); The Plough (0.7 mi); The Pegasus (0.7 mi),Rockleaze Guesthouse (0.6 mi); Filton Guesthouse (0.6 mi); Premier Inn (0.6 mi)
Naunton Downs Golf Club,,The Black Horse Inn (0.5 mi); Farmer's Arms (1.6 mi); Hollow Bottom (1.8 mi),Foxhill B&B (0.9 mi); Lords of the Manor (2.7 mi); The Slaughters Country Inn (3.2 mi)
Woodlands Golf & Country Club,,The Hollow Tree (1.0 mi); The Three Brooks Pub (1.1 mi); The Swan (1.3 mi),Grange Hotel (1.0 mi); DoubleTree by Hilton Hotel Bristol North (1.1 mi); Almondsbury Interchange Hotel (1.2 mi)
Bristol Golf Club,,The Fox (0.9 mi); The Swan (1.7 mi); The Bowl Inn (1.8 mi),Travelodge Bristol Cribbs Causeway (0.9 mi); Mollie's (1.0 mi); Premier Inn (1.1 mi)
Cirencester Golf Club,,The Plough Inn (1.0 mi); The Drillmans Arms (1.1 mi); Golden Cross (1.8 mi),Stratton House Hotel (0.9 mi); The Corinium Hotel And Restaurant (1.6 mi); Travelodge (1.9 mi)
South Cerney Golf Course,driving range:278m,The George (0.7 mi); Eliot Arms (0.7 mi); Greyhound (1.6 mi),De Vere Cotswold Water Park (1.2 mi); Premier Inn Cirencester (2.3 mi); Wild Thyme & Honey Hotel (2.4 mi)
Sherdons Golf Centre,,Odessa (1.1 mi); Wheatpieces (1.3 mi); Gupshill Manor (1.3 mi),Barton House B&B (1.9 mi); Abbey Hotel (2.0 mi); Jessop House (2.0 mi)
Rodway Hill Golf Club,,The Lock Keepers (1.9 mi); The White Hart (1.9 mi); Rising Sun (2.2 mi),Nicki's Hotel (2.8 mi); SULA Lightship (2.8 mi); Premier Inn (2.9 mi)
Minchinhampton Golf Club,driving range:412m,Queen Matilda (0.7 mi); Bell Inn (0.8 mi); Ragged Cot (1.4 mi),Hayleaze Bed & Breakfast (1.6 mi); Burleigh Court Hotel (2.4 mi); Wild Garlic Rooms (2.6 mi)
Cleeve Hill Golf Club,,Apple Tree (1.1 mi); The Plough (1.9 mi); The Swallow (1.9 mi),Cleeve Hill Hotel (0.4 mi); Rising Sun (0.6 mi); Postlip Hall Farm (0.8 mi)
Henbury Golf Club,practice ground:143m,The White Horse (0.6 mi); White Lion (0.6 mi); Blaise Inn (0.6 mi),Henbury Lodge Hotel (0.7 mi); Ferndale Mews (0.8 mi); The Westbury Park Guest House (1.1 mi)
Puckrup Hall Hotel & Golf Club,,The Crown (0.7 mi); The Railway Inn (1.0 mi); The Village Inn (1.1 mi),"Hilton Puckrup Hall Hotel & Golf Club, Tewkesbury (0.1 mi); Bank Cottage B&B (2.0 mi); Tudor House Hotel (2.3 mi)"
Ross-on-Wye Golf Club,,Roadmaker Inn (0.5 mi); The Alma (0.6 mi); The Moody Cow (1.7 mi),Premier Inn (3.1 mi)
South Herefordshire Golf Club,,The Moody Cow (0.3 mi); The Alma (1.3 mi); Weston Cross Inn (1.9 mi),Premier Inn (1.6 mi); Merton House Holiday Hotel (2.9 mi); Royal Hotel (3.0 mi)
Woodspring Golf & Country Club,driving range:152m,The Inn at Yanleigh (0.4 mi); The Winford Arms (0.5 mi); Bird in Hand (1.0 mi),Clift Guest House (2.3 mi); Cedarwood B&B (2.7 mi); Coalshed (2.7 mi)
Stoneleigh Deer Park Golf Club,,The Malt Shovel (1.5 mi); The Three Horseshoes (1.5 mi); The Oak (1.5 mi),Stoneleigh Park Lodge (1.0 mi); The Old Mill (1.9 mi); Wethele Manor (2.0 mi)
Kenilworth Golf Club,,The Tiltyard (0.7 mi); The Engine (1.0 mi); Cottage Inn (1.0 mi),Stoneleigh Park Lodge (1.1 mi); Ferndale Guest House (1.3 mi); Milsoms Hotel (1.5 mi)
Lea Marston Golf Course,restaurant:154m,Dog and Doublet Inn (1.2 mi); The Beehive (1.4 mi); White Horse (1.5 mi),Lea Marston Hotel (0.2 mi); Marston Farm (0.9 mi); Highfield Farm Guest House (1.2 mi)
Welford-on-Avon Golf Course,,The Shakespeare (0.6 mi); Bell Inn (0.8 mi); Four Alls (1.3 mi),Church Farm B&B (1.3 mi); Bridgend B & B (1.4 mi); The New Inn (2.9 mi)
Whitefields,,The Dun Cow (1.8 mi); The Green Man (1.8 mi); The Friendly Inn (1.9 mi),Draycote Hotel (0.4 mi); Travelodge (0.7 mi); Bourton Hall (1.3 mi)
Little Aston Golf Club,,The Old Irish Harp (0.6 mi); The Hardwick Arms (0.9 mi); The Crown (1.4 mi),Fairlawns Hotel & Spa (0.8 mi); Birmingham Streetly Travelodge (2.3 mi); Barons Court Hotel (3.0 mi)
Walsall Golf Club,,The Tiger (0.3 mi); Bell Inn (0.5 mi); The Orchard (0.6 mi),Metro Inns Walsall (0.4 mi); County Hotel (0.9 mi); Premier Inn (1.1 mi)
Lickey Hills Golf Course,,The Toby Jug (0.5 mi); The Old Hare & Hounds (0.5 mi); The Oak Tree (0.6 mi),The Old Rose & Crown (0.3 mi); Premier Inn Birmingham South (Rubery) (1.1 mi); Premier Inn (1.5 mi)
Great Barr Golf Club,,Bell Inn (0.6 mi); The King Arthur (0.7 mi); Cat And Fiddle (1.0 mi),Premier Inn (0.6 mi); Holiday Inn (0.7 mi); Metro Inns Walsall (1.3 mi)
Calderfields Golf and Country Club,driving range:358m,The Dilke (0.2 mi); The Longhorn (0.6 mi); Duke of York (0.8 mi),Beverley Hotel (1.0 mi); County Hotel (1.0 mi); The Royal Hotel (1.0 mi)
Dudley Golf Club,,The Hailstone (0.5 mi); The Cock Inn (0.5 mi); The Fourways (0.6 mi),Rowley Olympic Rooms (0.2 mi); Premier Inn (0.9 mi); Travelodge Birmingham Oldbury (1.0 mi)
Nailcote Hall,,Hickory's Smokehouse (0.6 mi); The Auction House (0.8 mi); The Railway (1.3 mi),Nailcote Hall (0.1 mi); Hilton B & B (1.2 mi); Haigs Hotel (1.6 mi)
Copt Heath Golf Club,,Toby Carvery (0.6 mi); The Vaults (0.8 mi); The Red Lion (0.8 mi),Achill Guest House (0.6 mi); Greswolde Hotel (0.7 mi); Calvert's (1.3 mi)
Wergs Golf Club,,Dog and Gun (0.8 mi); Hail To The Ale (0.9 mi); The Claregate (1.0 mi),Harwin Hotel (1.2 mi); The York Hotel (1.5 mi); Mount Hotel (1.5 mi)
The South Staffordshire Golf Club,driving range:471m,Hail To The Ale (0.4 mi); The Claregate (0.4 mi); Dog and Gun (0.5 mi),Harwin Hotel (0.7 mi); The York Hotel (1.1 mi); Revelstoke Guest House (1.1 mi)
The Old Nene Golf & Country Club,driving range:261m,The George Inn (1.3 mi); The Jolly Sailor (1.3 mi); Three Horse Shoes (1.3 mi),Ramsey Rooms (1.4 mi); Providence Place (3.5 mi)
Ufford Park Golf Course,,White Lion Inn (0.5 mi); The Ufford Crown (0.7 mi); The Wilford Bridge (0.9 mi),Ufford Park Hotel & Spa (Best Western) (0.1 mi); The Bull Hotel (2.0 mi); Station Guest House (2.1 mi)
Newton Green Golf Course,,Saracens Head (0.1 mi); White Horse (1.6 mi); Maldon Grey (1.8 mi),Jasmine Cottage B&B (1.6 mi); The Old Rectory Country House (1.9 mi); Hill Lodge Hotel (2.3 mi)
Bungay & Waveney Valley Golf Club,,The 19th Hole (0.4 mi); Green Dragon (0.6 mi); The Three Tuns (0.7 mi),Wainford Mill House (1.5 mi); The Old Grain Store (1.6 mi); The Nursery B&B (3.1 mi)
Swaffham Golf Club,driving range:302m,The White Hart (1.5 mi); Greyhound (1.5 mi); Kings Arms (1.5 mi),Holly Lodge (1.4 mi); The Horse & Groom (1.5 mi); Strattons Hotel (1.6 mi)
Barnham Broom,driving range:390m,The Norfolk Lurcher (1.0 mi); The Bell Inn (1.2 mi); The Honingham Buck (2.1 mi),Barnham Broom Hotel & Country Club (0.4 mi); HPB Barnham Broom (0.4 mi); Easton Guest House (2.9 mi)
Hamptworth Golf & Country Club,,The Cuckoo Inn (0.6 mi); The Landford Poacher (1.2 mi); The Lamb (2.1 mi),Langley Wood House (1.0 mi); New Forest Lodge Hotel (1.3 mi); Englewood B&B (1.3 mi)
Burnham & Berrow Golf Club,,Dunstan House Inn (1.8 mi); The Railway (1.9 mi); Chaplin's (2.0 mi),The Royal Clarence Hotel (1.8 mi); Woodlands Country House Hotel (2.5 mi); Battleborough Grange Hotel (3.1 mi)
Hatchford Brook Golf Course,,The Crane (0.6 mi); Marston Green Tavern (0.8 mi); The Wheatsheaf (1.0 mi),Homelea Guest House (0.6 mi); Holiday Inn (0.8 mi); The White House Bed and Breakfast (0.8 mi)
Scraptoft Golf Club,,The White House (0.6 mi); The Manor (1.1 mi); Dog and Gun (1.2 mi),Empire Hotel (3.4 mi); Stoneycroft Hotel (3.6 mi); David House (3.6 mi)
Glen Gorse Golf Club,,Grange Farm (0.7 mi); Hickory's Smokehouse Leicester (0.8 mi); The Oadby Owl (0.9 mi),"Premier Inn (0.8 mi); Holiday Inn, Wigston (2.1 mi); Flexistay Aparthotel (2.7 mi)"
Longcliffe Golf Club,,The Priory Inn (0.6 mi); Jolly Farmers (1.4 mi); The Railway (1.5 mi),The Link Hotel (1.0 mi); Burleigh Court (1.4 mi); Elite Athlete Centre and Hotel (1.9 mi)
Charnwood Forest Golf Course,,The Old Bull's Head (0.5 mi); Curzon Arms (0.8 mi); The Wheatsheaf Inn (1.3 mi),Burleigh Court (2.1 mi); The Link Hotel (2.3 mi); The Cedars Hotel (2.5 mi)
Melton Mowbray Golf Club,practice ground:210m,The Kings Arms (2.2 mi); White Hart (2.4 mi); The Generous Briton (2.4 mi),Premier Inn (2.4 mi); Scalford Country House Hotel (2.5 mi); The Harboro' Hotel (2.5 mi)
Beedles Lake Golf Course,,The Plough (0.6 mi); The Gate Hangs Well (0.8 mi); Horse and Groom (1.1 mi),Sunrise Hotel (2.2 mi); Ibis Budget (3.2 mi); Rothley Court Hotel (3.6 mi)
Greetham Valley Golf Course,,Wheatsheaf (0.9 mi); Plough (1.1 mi); The Jackson Stops (1.5 mi),Barnsdale Lodge (3.4 mi); Travelodge New Fox (3.6 mi); Barnsdale Hall Hotel (3.7 mi)
Wollaton Park Golf Club,,The Wollaton (0.5 mi); Hops@Lenton (0.5 mi); The Wheelhouse (0.5 mi),The Jubilee (0.6 mi); Orchard Hotel (0.7 mi); Travelodge (0.9 mi)
Nottingham City Golf Club,,The Top House (0.5 mi); The Lime Kiln (0.6 mi); The Monkey (0.7 mi),Bowman Inn (1.1 mi); Rufford Court Bed & Breakfast (1.6 mi); Premier Inn (1.7 mi)
Bulwell Forest Golf Club,,Newstead Abbey (0.2 mi); Tuck and Tanner (0.3 mi); The Monkey (0.5 mi),Rufford Court Bed & Breakfast (1.3 mi); Bestwood Lodge Hotel (1.4 mi); Bowman Inn (1.4 mi)
Ramsdale Golf Centre,driving range:91m; practice ground:83m,The Cherry Tree (0.9 mi); Admiral Rodney (1.0 mi); The Gleaners (1.5 mi),Cockliffe Country House Hotel (1.1 mi); Bestwood Lodge Hotel (2.4 mi); Premier Inn (2.8 mi)
Oakmere Park Golf Club,driving range:380m,Green Dragon (1.3 mi); Ye Olde Bridge Inn (1.5 mi); Fox and Hounds (1.8 mi),Far Baulker Farm (0.9 mi); Cockliffe Country House Hotel (2.5 mi)
Springwater Golf Club,driving range:147m,Four Bells (0.5 mi); The Gleaners (0.6 mi); Nags Head (0.7 mi),Cockliffe Country House Hotel (3.1 mi); Far Baulker Farm (3.7 mi)
Southwell Golf Club,,The Crown Inn (0.7 mi); Cross Keys (0.8 mi); Full Moon (1.2 mi),The Crown Hotel (2.1 mi); Saracen's Head (2.2 mi); Old Vicarage Hotel (2.6 mi)
Hollinwell,,The Pit Micropub (1.1 mi); The Kingsway (1.2 mi); Badger Box (1.3 mi),Woodhouse Bed & Breakfast (1.4 mi); Mour (1.9 mi); Holly Lodge (2.0 mi)
Worksop Golf Club,,The greyhound (0.7 mi); The White Lion (1.2 mi); Fuggle's Chapter One (1.3 mi),Dukeries Park Hotel (1.2 mi); The Lion Hotel (1.4 mi); Travelodge (1.9 mi)
Sherwood Forest Golf Club,,The White Gate (1.0 mi); Prince Charles (1.4 mi); The Ling Forest (1.5 mi),Bridleways Guest House (0.5 mi); Sherwood Lodge (2.4 mi); Mansfield Lodge Hotel (2.7 mi)
Retford Golf Club,,The Clumber Inn (0.6 mi); Babworth Road Sports & Social Club (0.7 mi); Cobwell Social Club (0.8 mi),Old Station House B&B (1.0 mi); Old Retford Police Station (1.0 mi); Rooms At The Inn (1.1 mi)
Mapperley Golf Course,,Tree Tops (0.4 mi); The Blues Dawg (0.6 mi); The Arrow (0.7 mi),Sunny Mount (0.9 mi); Premier Inn (1.6 mi); Cotswold Hotel (2.2 mi)
Mickleover Golf Course,driving range:190m,The Nags Head (0.7 mi); The Hole in the Wall (0.7 mi); The Vine Inn (0.7 mi),Premier Inn (0.9 mi); Derby Mickleover Hotel (1.0 mi); Littleover Lodge Hotel (1.1 mi)
Morley Hayes,bar:48m; cafe:187m; driving range:239m; restaurant:38m,Rose and Crown (0.5 mi); Three Horseshoes (0.6 mi); Bateman Arms (1.1 mi),Morley Hayes (0.0 mi); Hayeswood Lodge (0.7 mi); Horsley Lodge Hotel (1.3 mi)
Sickleholme Golf Club,,The Anglers (0.8 mi); The Little John Hotel (1.2 mi); The Scotsman's Pack (1.4 mi),The Old Chapel (1.2 mi); George Hotel (1.2 mi); Bike & Boot (1.2 mi)
Bakewell Golf Club,,The Peacock (0.5 mi); The Castle Inn (0.5 mi); The Queens Arms (0.5 mi),The Manners (0.6 mi); Avenue House (0.6 mi); The Rutland Arms Hotel (0.6 mi)
Bondhay Golf Club and Academy,,Half Moon (1.3 mi); Boot and Shoe (1.4 mi); The Royal Oak (1.5 mi),Hotel Van Dyk (1.3 mi); Days Inn (2.3 mi); Ibis (2.7 mi)
Chesterfield Golf Club,,The Blue Stoops (0.3 mi); Maggie May's (0.7 mi); The Whitecotes (0.9 mi),Chesterfield Lodge Bed and Breakfast (1.0 mi); The Clarence Guest House (1.5 mi); The Westdale Hotel (1.5 mi)
Hallowes Golf Club,,Hyde Park Inn (0.6 mi); The Three Tuns (0.7 mi); The White Swan (0.8 mi),The Chantry Hotel (0.9 mi); Manor House (1.0 mi); The Sandpiper Hotel (1.4 mi)
Trent Lock Golf Centre,,The Trent Lock (0.4 mi); The Bell Inn (0.4 mi); Steamboat Inn (0.5 mi),Beeches Guest House (1.4 mi); Bennetts (1.6 mi); Hilton East Midlands Airport (2.3 mi)
Whittington Heath Golf Club,,The Whittington Arms (0.3 mi); The Dog Inn (0.8 mi); The Bell Inn (0.9 mi),Swinfen Hall Hotel (1.4 mi); The Maples (1.6 mi); George Hotel (2.4 mi)
The Mount Golf & Country Club,driving range:327m,Wrottesley Arms (0.8 mi); The Pear and Partridge (0.9 mi); The Fieldhouse (1.3 mi),Mount Hotel (1.5 mi); The York Hotel (2.8 mi); Revelstoke Guest House (2.8 mi)
JCB Golf & Country Club,,Red Lion (1.1 mi); The Tavern (1.4 mi); Olive Tree (1.9 mi),Riversholme (1.0 mi); Dove Meadow (1.9 mi); Premier Inn (2.5 mi)
Penn Common Golf Course,,Barley Mow (0.3 mi); The Stag's Head (0.5 mi); The Summer House (0.6 mi),Ramada by Wyndham Park Hall (1.3 mi); Barons Court Hotel (1.6 mi); Mercure Wolverhampton Goldthorn Hotel (1.9 mi)
Evesham Golf Course,driving range:401m,Anchor Inn (0.5 mi); Chequers Inn (0.6 mi); Old Chestnut Tree (1.2 mi),Avon Reflections B&B (0.5 mi); The Wood Norton (1.2 mi); Arbour House (2.0 mi)
Bromsgrove Golf Centre,,The Guild (0.4 mi); The Crabmill (0.6 mi); The Hop Pole (0.6 mi),Premier Inn (0.4 mi); ibis budget Bromsgrove 2 stars (1.1 mi); Holiday Inn (1.8 mi)
Wharton Park Golf & Country Club,,The Running Horse (0.2 mi); The Hop Pole Inn (0.8 mi); Duke William (1.0 mi),Welch Gate Guest House (1.4 mi); George Hotel (1.5 mi); The Black Boy Hotel (1.6 mi)
The Kidderminster Golf Club,,The Viaduct (0.6 mi); King and Castle (0.6 mi); Railway Bell Hotel (0.6 mi),Travelodge (0.9 mi); Premier Inn (1.0 mi); Mercure Kidderminster (2.5 mi)
Oswestry Golf Course,,Queen's Head (0.4 mi); Punch Bowl Inn (1.1 mi); Navigation Inn (1.6 mi),Travelodge (1.7 mi); Premier Inn (2.0 mi); Sweeny Hall Hotel (2.4 mi)
Shifnal Golf Club,,Reds Bar (0.6 mi); White Hart (0.9 mi); White Hart (0.9 mi),Haughton Hall (0.9 mi); Anvil Lodge (1.1 mi); Days Inn (1.3 mi)
Market Drayton Golf Club,,Joiners Arms (0.8 mi); Kings Head Inn (0.8 mi); Four Alls (0.8 mi),Tudor House Hotel (1.0 mi); Rosehill Manor Hotel (1.7 mi); Tern Hill Hall Hotel (2.3 mi)
Shrewsbury Golf Club,driving range:265m,The Compasses Inn (1.7 mi); The Beeches (1.7 mi); The Fox Inn (1.8 mi),Travelodge (2.2 mi); Netley Hall Hotel (2.8 mi); Holiday Inn Express (3.6 mi)
Woodhall Spa National Golf Centre,,The Mall (0.5 mi); The Village Limits (0.9 mi); Abbey Lodge (1.0 mi),Old Manor House (0.1 mi); Dower House (0.2 mi); The Vale (0.2 mi)
North Shore Golf Course,,Garden City (0.5 mi); Seathorne Arms (0.6 mi); The Seaview Pub (0.7 mi),The North Shore Hotel (0.3 mi); Tudor Guest House (0.6 mi); The Sunningdale Hotel (0.6 mi)
Belton Park Golf Club,,Royal Queen (0.9 mi); The Three Gables (1.1 mi); Five Bells (1.6 mi),Belton Wood Hotel (1.1 mi); Eden House Hotel (1.6 mi); Red House Guest House (1.7 mi)
The Toft Country House Hotel and Golf Club,,The Six Bells (1.1 mi); The Horseshoe (2.0 mi); The Sugar Mill (2.2 mi),The Toft Country House Hotel (0.2 mi); Glen House B&B (0.6 mi); The Angel Hotel (2.6 mi)
Boston Golf Club,,Cowbridge House Inn (0.3 mi); Mill Inn (1.4 mi); Burton House (1.4 mi),The Limes (0.3 mi); Lochiel Guest House (1.4 mi); Palethorpe House Bed & Breakfast (1.4 mi)
Blankney Golf Club,,Star & Garter (0.9 mi); White Hart (0.9 mi); Lincolnshire Poacher Pub (1.0 mi),Old Stables Nocton (2.6 mi)
Exeter Golf and Country Golf Club,,The Tally Ho (0.9 mi); The Blue Ball (1.0 mi); Exeter Inn (1.1 mi),Premier Inn (0.5 mi); Courtyard Sandy Park (0.8 mi); The Blue Ball (1.0 mi)
Torquay Golf Club,,Crown and Sceptre (0.4 mi); The Snooty Fox (0.4 mi); The Dolphin (0.5 mi),Blue Conifer (0.6 mi); The Norcliffe Hotel (0.6 mi); Hotel De La Mer (0.6 mi)
Tiverton Golf Club,,The Hickory Inn (1.3 mi); Redwoods Inn (1.7 mi); The Barley Mow (2.3 mi),Tiverton Hotel (1.9 mi); Manleys B&B (2.1 mi); Premier Inn (2.4 mi)
Thurlestone Hotel Golf Course,,The Village Inn (0.1 mi); The Sloop Inn (0.7 mi); The Hope And Anchor (1.7 mi),Summerwinds B&B (1.7 mi); The Cottage Hotel (1.7 mi); Burgh Island Hotel (1.8 mi)
Elfordleigh Hotel Golf & Country Club,,The Colebrook Inn (1.0 mi); The Lord Louis (1.1 mi); The Sir Joshua Reynolds (1.3 mi),"Elfordleigh Hotel, Golf and Leisure (0.2 mi); Boringdon Hall (0.5 mi); Premier Inn (2.1 mi)"
Royal North Devon,,Kingsley Inn (1.1 mi); Waterfront Inn (1.1 mi); Golden Lion (1.1 mi),Culloden House (Bed & Breakfast) (1.3 mi); Durrant House Hotel (1.5 mi); Yeoldon House Hotel & Soyer's Restaurant (1.6 mi)
Holsworthy Golf Club,,The Molesworth Arms (0.8 mi); The Rydon Inn (1.0 mi); The Golden Fleece (1.7 mi),White Hart Hotel (1.8 mi)
Axe Cliff Golf Course,,The Ship Inn (0.6 mi); The Harbour Inn (0.6 mi); The Kings Arms (0.9 mi),Premier Inn (0.7 mi); The Mariners Hotel (0.8 mi); Eyre Court Hotel (1.0 mi)
Woodbury Park Hotel & Golf Club,driving range:462m,The White Horse (1.2 mi); Digger's Rest (1.4 mi); White Hart Inn (1.8 mi),Woodbury Park & Golf Club (0.3 mi); Hillside House Hotel & Spa (2.6 mi); Hampton by Hilton Exeter Airport (3.1 mi)
Stover Golf Club,,Star Inn (0.9 mi); Welcome Stranger (1.3 mi); Highweek Village Inn (1.8 mi),Western House (1.4 mi); Premier Inn (2.6 mi); The Dolphin (2.6 mi)
Yelverton Golf Club,,Sky Lark (0.4 mi); The Rock Inn (1.3 mi); The Devon Tors (1.3 mi),Moorland Links Hotel (0.4 mi); The Rosemont (1.4 mi); Barnabas House (1.4 mi)
Dainton Park Golf Club,,The Two Mile Oak (0.6 mi); Court Farm Inn (0.9 mi); Bickley Mill Inn (1.0 mi),St Benet's Residential Home (2.0 mi); Doneraile Residential Home (2.1 mi); Barton Hall Activity Centre (3.1 mi)
Portmore Golf Park,driving range:136m,The Castle (1.0 mi); Chichester Arms (1.5 mi); The Underground (1.7 mi),Premier Inn (0.6 mi); Weirholme Annex (0.9 mi); Imperial Hotel (1.6 mi)
Exminster Golf Centre,driving range:93m,Royal Oak (0.4 mi); The Turf (1.1 mi); The Lighter Inn (1.4 mi),The Globe (1.4 mi); The Salutation Inn (1.4 mi); The Devon Hotel (1.9 mi)
Bigbury Golf Club,,The Sloop Inn (0.8 mi); Journey's End Inn (1.2 mi); The Pickwick Inn (1.4 mi),Summerwinds B&B (1.1 mi); Burgh Island Hotel (1.4 mi); Hooppells Torr (2.9 mi)
Churston Golf Club,,Churston Court (0.2 mi); The Railway Inn (0.6 mi); Brixham Cricket Club (0.7 mi),The Station Guest House (0.7 mi); Trefoil Guest House (1.0 mi); Anchorage B&B (1.0 mi)
Honiton Golf Club,,The Star Inn (1.2 mi); The Three Tuns (1.3 mi); The Volunteer (1.3 mi),Premier Inn (1.7 mi); The Pig (2.1 mi); Home Farm Hotel (2.5 mi)
Saunton Golf Course,,The Manor (1.7 mi); The Thatch (1.7 mi); Billy Budd's (1.7 mi),Saunton Sands Hotel (1.0 mi); Kingsacre (1.4 mi); The Whiteleaf (1.7 mi)
Staddon Heights Golf Club,,The Victoria Inn (0.7 mi); The Royal Oak (0.8 mi); Boringdon Arms (1.0 mi),Hotel Mount Batten (1.2 mi); Premier Inn Lockyers Quay (1.7 mi); Premier Inn Sutton Harbour (1.7 mi)
Downes Crediton Golf Club,driving range:253m,The Red Deer (0.3 mi); Crediton Arms (0.9 mi); Buccaneers (0.9 mi),Taw Vale B&B (0.6 mi); Ship Hotel (1.2 mi); Creedy Manor (1.7 mi)
Budock Vean Golf Club,,Ferry Boat Inn (0.3 mi); Shipwrights Arms (0.8 mi); The Red Lion (1.3 mi),Budock Vean Hotel (0.1 mi); Hotel Meudon (1.7 mi); Hotel Meudon (1.7 mi)
Lanhydrock Hotel & Golf Club,,The Weavers Inn (1.7 mi); The Hole in the Wall (1.7 mi); The White Hart Inn (1.7 mi),Lanhydrock View (0.9 mi); Westberry Hotel and Restaurant (1.7 mi); The White Hart Inn (1.7 mi)
St Enodoc Golf Club,,The Mariners (0.6 mi); The Pityme Inn (1.1 mi); The Shipwrights (1.1 mi),Sanderling B&B (0.8 mi); St Moritz (0.9 mi); The White Heron (1.1 mi)
Truro Golf Club,,The Railway Tavern (1.0 mi); Victoria Inn (1.2 mi); The Wig and Pen (1.3 mi),The Bay Tree Guest House (1.3 mi); Townhouse Rooms (1.4 mi); Hotel VARA (1.5 mi)
Newquay Golf Course,,The Red Lion (0.3 mi); The Fort Inn (0.4 mi); Sailor's Arms (0.4 mi),Longbeach Hotel (0.2 mi); Bee & Bee Newquay (0.3 mi); Headland Hotel (0.3 mi)
Mullion Golf Course,,Old Inn (1.2 mi); Halzephron Inn (1.3 mi),Polurrian Hotel (1.2 mi); Mullion Cove Bungalows (1.5 mi); Mullion Cove Hotel (1.5 mi)
Bude & North Cornwall Golf Course,,The Barrel Bude (0.2 mi); The Globe (0.3 mi); The Carriers Inn (0.3 mi),Sea Jade Guest House (0.1 mi); Links Side Guest House (0.1 mi); Sunrise Guest House (0.1 mi)
Whitsand Bay Golf Club,driving range:149m,Finnygook Inn (0.2 mi); Halfway House (2.0 mi); The Carew Arms (2.2 mi),Whitsand Bay Hotel (0.3 mi); The Liscawen (0.4 mi)
Launceston Golf Club,,White Horse Inn (0.8 mi); Bell Inn (1.2 mi); Westgate Inn (1.3 mi),Eagle House (1.1 mi); Eagle House Hotel (1.1 mi); White Hart (1.3 mi)
Perranporth Golf Club,,The Watering Hole (0.4 mi); Perranporth Inn (0.5 mi); The Seiners Arms (0.6 mi),Bolenna Court (0.9 mi); St George's Country House Hotel (1.4 mi); The Driftwood Spars (3.4 mi)
St Austell Golf Course,driving range:85m,The Polgooth Inn (0.4 mi); Polgooth Inn (0.4 mi); The Western Inn (1.0 mi),Bosinver Farm Cottages (0.5 mi); The Cornwall Hotel (0.6 mi); Cornerways Guest House (0.8 mi)
Mawgan Porth Golf Club,,Merrymoor Inn (1.0 mi); Travellers Rest (1.1 mi); The Falcon Inn (1.2 mi),Bedruthen Steps Hotel (0.8 mi); The Scarlet (0.8 mi); Bedruthan House Hotel (1.1 mi)
Porthpean Golf Club,,Harbour Side (1.0 mi); The Rashleigh Arms (1.0 mi); Duke of Cornwall (1.0 mi),Langdale House (0.9 mi); T'Gallants (1.0 mi); T'Gallants Guest House (1.0 mi)
Tehidy Park Golf Club,driving range:224m; restaurant:65m,The Basset Arms (1.0 mi); The Robartes Arms (1.1 mi); Waterfront Inn (1.1 mi),Aviary Court Hotel (0.9 mi); Cliff House B&B (1.1 mi); Portreath Arms Hotel (1.1 mi)
Bowood Park Golf Course,,Darlington Inn (1.3 mi); The Masons Arms (1.4 mi); The Bettle and Chisel (1.8 mi),Culloden Farmhouse (1.5 mi); Countryman Hotel (1.5 mi); Treveighan Farm B&B (2.0 mi)
Cape Cornwall Club,driving range:301m,Commercial Hotel (0.8 mi); Kings Arms (0.9 mi); The Star Inn (0.9 mi),Boswedden House (0.1 mi); Boswedden Vean (0.4 mi); The Old Posthouse (0.7 mi)
Radcliffe-on-Trent Golf Club,,The Yard of Ale (0.9 mi); Royal Oak (0.9 mi); The Radcliffe (0.9 mi),Hillcrest Bed & Breakfast (0.9 mi); Blotts Country Club (2.3 mi); Primrose House B&B (2.4 mi)
Alfreton Golf Club,,Pesto at the Peacock (0.6 mi); Miners Arms (0.8 mi); Waggon and Horses (1.0 mi),Travelodge (0.8 mi); Park Farm (1.9 mi); Crich Lane Farm (2.0 mi)
Teignmouth Golf Course,,The Elizabethan Inn (1.3 mi); Ring O'Bells (1.3 mi); Old Commercial Inn (1.3 mi),Coombe Bank (1.8 mi); Cliffden Hotel (2.1 mi); Thomas Luny House (2.1 mi)
Tavistock Golf Club,,The Whitchurch (0.8 mi); Tavistock Inn (1.2 mi); Drake's Wine Bar & Café (1.3 mi),The Bedford (1.3 mi); Number 58 (1.5 mi); Horn of Plenty Hotel (3.7 mi)
Illfracombe Golf Club,driving range:43m,The Hele Bay (0.5 mi); Sawmills (1.0 mi); The Thatched Inn (1.0 mi),Varley House (0.8 mi); The Towers (0.9 mi); Marine Court (1.0 mi)
Dartmouth Golf And Country Club,,The Sportsmans Arms (0.8 mi); The George Inn (1.4 mi); Hunters Lodge Inn (1.8 mi),The Dartmouth Hotel Golf & Spa (0.1 mi); The Maltsters Arms (2.1 mi); Downton Lodge Country Bed & Breakfast (2.2 mi)
St. Mellion International Resort,,Coryton Arms (0.5 mi); The Weary Friar (1.2 mi); Who'd Have Thought It Inn (1.9 mi),St Mellion (0.0 mi); The Weary Friar (accommodation) (1.2 mi); Cadson Manor (2.9 mi)
Point at Polzeath Golf Course,driving range:269m; restaurant:172m,Oystercatcher (0.8 mi); The Pityme Inn (0.9 mi); Fourways Inn (1.3 mi),The White Heron (0.7 mi); St Moritz (0.8 mi); Sanderling B&B (0.9 mi)
Ormskirk Golf Club,,The Plough Inn (0.8 mi); Bull & Dog (1.3 mi); Ring o' Bells (1.7 mi),Briars Hall Country House Hotel (1.5 mi); Heskin Farm B&B (2.0 mi); Red Lion Hotel (2.7 mi)
Rishton Golf Club,,Rishton Arms (0.4 mi); Roebuck Inn (0.6 mi); Rishton Workmens Club (0.7 mi),Dunkenhalgh Hotel (0.9 mi); Hampton by Hilton Blackburn (1.3 mi); Sparth House (1.8 mi)
Royal Lytham & St Annes Golf Course,,The Blossoms (0.7 mi); The Fairhaven (0.7 mi); The Water's Edge (0.8 mi),The Dormy House (0.6 mi); The Claremont (0.7 mi); Beach Suites (0.7 mi)
Morecambe Golf Course,,Owls Nest (0.5 mi); Bare Village Club (0.5 mi); Little Bear (micro pub) (0.5 mi),The Craggs (0.6 mi); The Channings (0.6 mi); Strathmore Hotel (1.0 mi)
Chorley Golf Club,,The White Horse (0.7 mi); The Bay Horse (0.7 mi); The Black Horse (0.7 mi),Plaza Hotel (0.8 mi); The Ridges (0.9 mi); Theatre Hotel (2.0 mi)
Mossock Hall Golf Club,,Derby Arms (0.6 mi); Aughton Institute (1.3 mi); The Wine Bar (1.4 mi),Premier Inn (3.6 mi)
Southport Golf Academy,driving range:115m,The Western Frontier (0.2 mi); The Legh Arms (0.5 mi); The Hesketh Arms (2.8 mi),Rufford Arms Hotel (3.1 mi); Premier Inn (3.7 mi)
Accrington and District Golf Club,,Thorn Inn (0.7 mi); Rishton Arms (0.7 mi); Trickys (0.7 mi),Dunkenhalgh Hotel (0.9 mi); Hampton by Hilton Blackburn (1.4 mi); Pilkingtons Bed & Breakfast (1.7 mi)
Clitheroe Golf Course,,Freemasons (1.1 mi); Swan with Two Necks (1.3 mi); De Lacy Arms (1.6 mi),Mitton Hall (1.2 mi); Spinning Block (1.6 mi); Waddow Hall (2.4 mi)
Penwortham Golf Course,,Fleece Inn (0.5 mi); The Ribble Pilot (0.6 mi); The Wellington (0.8 mi),Ashwood Hotel (1.1 mi); Legacy International Hotel (1.3 mi); No.10 Preston (1.4 mi)
Baxenden Golf Course,,The Park (1.1 mi); Grants (1.3 mi); The Arden Inn (1.4 mi),Pilkingtons Bed & Breakfast (1.7 mi); Commercial Hotel (2.4 mi); Dunkenhalgh Hotel (3.1 mi)
Heysham Golf Club,driving range:110m,The Duke of Rothesay (0.4 mi); The Middleton Pub (0.9 mi); Old Hall Inn (0.9 mi),Six Acres B&B (1.7 mi); Westleigh (2.5 mi); The Balmoral (2.6 mi)
Knott End Golf Course,,The Bourne Arms Public House (0.5 mi); The Squash (0.6 mi); The Steamer (0.6 mi),North Euston Hotel (0.8 mi); Wavecrest Lodge (0.9 mi); Sandpipers Hotel (0.9 mi)
Lansil Golf Club,,Brewers Fayre (0.3 mi); Halton Social Club (1.1 mi); The Greyhound (1.1 mi),Premier Inn (0.4 mi); Lancaster Town House (0.4 mi); Holiday Inn (0.5 mi)
Lancaster Golf Club,,The Stork (1.1 mi); The Trough of Bowland (1.5 mi); Trevor (1.5 mi),Pyes Mill (1.4 mi); Lancaster House Hotel (1.4 mi); John Creed Guest Rooms (1.6 mi)
Burnley Golf Club,,The Rose and Crown (0.7 mi); The New Waggoners (0.8 mi); Royal Butterfly (0.9 mi),The Alexander (1.3 mi); Regent Guest House (1.6 mi); Travelodge (1.6 mi)
Wilpshire Golf Course,,Wilpshire Hotel (0.4 mi); Rising Sun (0.8 mi); Brownhill Arms (1.2 mi),Northcote (1.6 mi); Mytton Fold Hotel (1.7 mi); The Fox Field (2.1 mi)
Ghyll Golf Club,,Punch Bowl (0.7 mi); BB18 Brewery & Tap (1.0 mi); BB18 (1.0 mi),The Craven Heifer Inn (1.9 mi); Old Stone Trough (2.3 mi)
Blackburn Golf Club,,quarrymans (0.4 mi); Hare and Hounds (0.4 mi); The Alexandra Hotel (0.5 mi),Hill View Hotel (0.6 mi); Hotel 99 (1.2 mi); Premier Inn Blackburn Town Centre (1.3 mi)
Lytham Green Drive Golf Course,,The Railway Hotel (0.7 mi); Station Tavern (0.8 mi); The Craft House Beer Cafe (0.8 mi),Clifton Arms Hotel (1.0 mi); The Rooms (1.0 mi); The Villa (2.2 mi)
Rossendale Golf Club,,Station Hotel (0.4 mi); Sunnybank Social Club (0.4 mi); The Bridge End (0.5 mi),Commercial Hotel (1.4 mi); The Old Mill (2.4 mi); Red Hall Hotel (3.5 mi)
Hurlston Hall Golf Club,,The Elephant (0.8 mi); The Yew Tree (1.4 mi); The Hayfield (1.5 mi),Premier Inn (1.6 mi); Heskin Farm B&B (3.3 mi); Briars Hall Country House Hotel (3.6 mi)
Leyland Golf Club,driving range:440m,The Bobbin Mill (0.3 mi); The Woodsman (0.5 mi); The War Horse (1.0 mi),Hallmark Hotel Preston Leyland (0.7 mi); Shaw Hill (1.1 mi); Farington Lodge Hotel (1.4 mi)
Pleasington Golf Club,,The Railway (0.4 mi); Butlers Arms (0.5 mi); Feildens Arms (0.7 mi),Fernhurst Lodge (2.7 mi); Hill View Hotel (2.7 mi); Hotel 99 (3.1 mi)
Darwen Golf Club,,Sunnyhurst (0.5 mi); Rock Inn (0.7 mi); Anchor Hotel (0.8 mi),Travelodge (1.0 mi); Premier Inn Blackburn South (M65 J4) (1.4 mi); Fernhurst Lodge (1.6 mi)
Stonyhurst Golf Club,,Shireburn Arms (0.8 mi); Black Bull (2.3 mi); Ribchester Arms (2.9 mi),The Avenue Hotel (2.1 mi); Mitton Hall (2.1 mi); Northcote (3.0 mi)
Dean Wood Golf Club,,The White Lion (0.6 mi); The Victoria Hotel (0.6 mi); The Britannia (0.6 mi),Holland Hall (0.2 mi); Mount Hotel (0.9 mi); Premier Inn (3.1 mi)
Douglas Valley Golf Course,driving range:168m,The Cherry Tree (0.4 mi); The Red Lion (0.5 mi); The Goose & Gander (0.9 mi),Rivington Lodge (0.4 mi); Bolton Georgian House Hotel (2.0 mi); Kilhey Court (2.2 mi)
Dunscar Golf Club,,The Wilton Arms (0.5 mi); Mason Arms (0.5 mi); The Cross Guns Inn (0.7 mi),Last Drop Village (1.2 mi); Oaklands Guest House (2.0 mi); Tramways Hotel (2.2 mi)
Allerton Manor Golf Club,,The Greenhills (0.5 mi); The Storrsdale (0.6 mi); Gardeners Arms (0.6 mi),Somersby Guest House (0.9 mi); Abbeyfield Guesthouse (1.0 mi); Travelodge (1.2 mi)
Berrington Hall Golf Club,,Bottle and Glass (0.5 mi); The Red Cat (1.0 mi); Moss Bank Hotel (1.1 mi),OYO Lakeside Hotel (2.0 mi); The Lakeside (2.0 mi); Mercure St Helens (2.4 mi)
Blackley Golf Club,,Apple & Pear (0.4 mi); Gardeners Arms Hotel (0.6 mi); The Roebuck (0.6 mi),Premier Inn (1.0 mi); Boat and Horses Hotel (1.0 mi); The Victoria Hotel (1.3 mi)
Bolton Golf Club,,The Beehive (0.6 mi); The Blundell Arms (0.8 mi); The Barnstormers (0.9 mi),Premier Inn (0.6 mi); Bolton Whites (1.1 mi); Premier Inn (1.3 mi)
Breightmet Golf Club,,The White Horse (0.5 mi); Mosley Arms (0.6 mi); Duke William (0.7 mi),The Grosvenor (2.0 mi); Glendale Guest House (2.0 mi); Bolholt Hotel (2.1 mi)
Brookdale Golf Club,,The Bush Inn (0.8 mi); Nelson Tavern (0.9 mi); Pig on the Wall (1.0 mi),Village Hotel & Leisure Club (1.3 mi); Travelodge Ashton-under-Lyne (1.4 mi); Boss Hotel (1.5 mi)
Crompton & Royton Golf Club,,The Junction Inn (0.5 mi); The Railway (0.5 mi); The Hope and Anchor (0.6 mi),Premier Inn (1.4 mi); Travelodge Oldham Chadderton (1.6 mi); Premier Inn (2.2 mi)
Davyhulme Park Golf Club,,The Garrick's Head (0.3 mi); The Garrick's Head (0.3 mi); The Bent Brook (0.4 mi),Chesham House B&B (1.0 mi); Travelodge Manchester Trafford Park Hotel (1.3 mi); Premier Inn Trafford Centre West (1.3 mi)
Ellesmere Golf Club,,Morning Star (0.7 mi); Brindley Arms (0.9 mi); The Stocks Hotel (1.0 mi),Worsley Park Marriott Hotel & Country Club (0.9 mi); Novotel Manchester West (1.2 mi); Hello Hotel (1.5 mi)
Grange Park Golf Club,,Griffin Inn (0.6 mi); The British Lion (0.6 mi); The Black Bull Pub & Kitchen (0.7 mi),Mercure St Helens (1.5 mi); Premier Inn St. Helens South (2.3 mi); Rainhill Hall (Formely Loyola Hall) (2.6 mi)
Haydock Park Golf Club,,Queen Anne (0.5 mi); Stocks Tavern (0.6 mi); The Firkin (0.7 mi),Kirkfield Hotel (0.7 mi); The Pied Bull Hotel (0.7 mi); Premier Inn (0.8 mi)
Hesketh Golf Club,,The Imperial (0.8 mi); Bold Arms Hotel (0.9 mi); The Marsh Harrier (0.9 mi),Fairfield Hotel (0.7 mi); Balmoral Lodge Hotel (1.0 mi); Waterford Hotel (1.1 mi)
Hindley Hall Golf Club,,Edington Arms (0.6 mi); Hare and Hounds (0.8 mi); Red Lion (0.8 mi),Wigan Oak Hotel (1.8 mi); Premier Inn (1.9 mi); Bolton Georgian House Hotel (2.1 mi)
Houghwood Golf Club,,The Colliers Arms (0.8 mi); Eagle and Child (0.9 mi); The Stork Inn (0.9 mi),OYO (2.2 mi); Mount Hotel (2.6 mi); Holland Hall (2.9 mi)
Huyton & Prescot Golf Club,,The Clock Face (0.7 mi); Deanes House (0.8 mi); The Sun Inn (0.8 mi),Village Hotel (1.3 mi); Premier Inn (1.5 mi); Premier Inn Liverpool (Roby) Hotel (1.8 mi)
Prestwich Golf Club,,Friendship Inn (0.5 mi); Prestwich Church Social Club (0.8 mi); The Church Inn (0.8 mi),The Hazeldean (0.6 mi); Premier Inn Manchester (Prestwich) (1.4 mi); Premier Inn Manchester (Swinton) (1.4 mi)
Stand Golf Club,,The Goats Gate (0.5 mi); Hare & Hounds (0.6 mi); The Parkfield Inn (0.6 mi),Hawthorn Hotel (0.5 mi); Premier Inn Manchester (Prestwich) (1.3 mi); Travelodge (2.5 mi)
Werneth Golf Club,,The Famous King George (0.5 mi); Falconers Arms (0.5 mi); The Britannia (0.5 mi),Smokies Park (0.6 mi); 247Hotel.com (1.4 mi); The Victoria Hotel (1.7 mi)
West Derby Golf Club,,The Deysbrook Pub (0.4 mi); Sefton Arms (0.9 mi); The Hunting Lodge (0.9 mi),Travelodge Liverpool StoneyCroft (1.1 mi); Premier Inn (1.3 mi); Liverpool Gateway B&B (1.8 mi)
West Lancashire Golf Club,,The Crow's Nest (1.3 mi); The Birkey (1.4 mi); The Hightown Inn (1.4 mi),Woodlands Guest House (2.4 mi); Trivelles Seaforth (3.5 mi)
Westhoughton Golf Club,,The Wheatsheaf (0.6 mi); The Brewery Tap (0.7 mi); The Robert Shaw (0.7 mi),Mercury Motel (1.5 mi); Premier Inn (1.9 mi); Bolton Georgian House Hotel (1.9 mi)
Widnes Golf Club,,The Cookhouse (0.3 mi); The Wellington (0.5 mi); The Crown (0.5 mi),The Kingsway Hotel (1.0 mi); Travelodge Widnes (1.1 mi); The Hillcrest Hotel (1.1 mi)
Furness Golf Club,,The Crown (0.7 mi); Brewers Fayre (1.0 mi); The Castle House Hotel (1.1 mi),West Point House (0.4 mi); King Alfred (0.8 mi); Brow Head Hotel (0.9 mi)
Penrith Golf Course,,The Royal (1.0 mi); Beacon Social Club (1.0 mi); Penrith Legion Club (1.0 mi),Bank House (0.6 mi); Acorn Guesthouse (0.8 mi); Norcroft Guest House (0.8 mi)
Windermere Golf Club,,Romney's Snug (1.0 mi); The Angel Inn (1.1 mi); The Royal Oak (1.1 mi),Gilpin Lodge Hotel (0.6 mi); Birkdale House (0.7 mi); Linthwaite House Hotel (0.7 mi)
Grange Fell Golf Club,,Pig & Whistle (0.8 mi); Keg & Kitchen (0.9 mi); Kings Arms (0.9 mi),Uplands Inn (0.2 mi); Corner Beech House B&B (0.9 mi); Birchleigh Guest House (0.9 mi)
Kendal Golf Club,,Rifleman's Arms (0.5 mi); Oddfellows Arms (0.6 mi); The New Union (0.6 mi),Sonata Guest House (0.6 mi); Premier Inn Kendal Central (0.6 mi); Hillside Bed & Breakfast (0.6 mi)
Silloth on Solway Golf Club,,Cumberland Inn (0.5 mi); The Albion (0.8 mi); Balmoral Hotel (0.8 mi),The Golf Hotel (0.8 mi); Queens Hotel (0.9 mi)
Eden Golf Club,driving range:147m,Stag Inn (0.9 mi); The Otter Inn (1.5 mi); The Queens (1.6 mi),Warwick Hall (1.2 mi); Troutbeck Cottage (1.6 mi); Wallfoot hotel/Parkbroom Lodge (1.7 mi)
Carlisle Golf Club,,The Waterloo (0.5 mi); The Royal Oak (0.7 mi); The Queens (1.0 mi),Willowbeck Lodge (0.7 mi); Warwick Hall (1.3 mi); Crown Hotel (1.3 mi)
Alston Moor Golf Course,,Victoria Inn (1.6 mi); Cumberland Inn (1.7 mi); Turks Head Inn (1.7 mi),West Nattrass Tea Room & Guest House (0.6 mi); Alston House Hotel (1.6 mi); Lowbyer Manor Country House (1.9 mi)
Brampton Golf Club,,Blacksmith's Arms (0.9 mi); Lane End Inn (1.7 mi); Nags Head (1.7 mi),Old Hare And Hounds (1.3 mi); White Lion (1.8 mi); Scotch Arms Mews (1.8 mi)
Workington Golf Club,,The Travellers Rest (0.7 mi); Oilys (1.0 mi); The Royal George (1.0 mi),Dower House (1.2 mi); Hall Park hotel (1.2 mi); The Green Dragon Hotel (1.2 mi)
Altrincham Golf Course,driving range:446m,Old Hall (0.2 mi); Hare and Hounds (0.4 mi); King George (0.4 mi),Travelodge Altrincham Central (0.7 mi); Premier Inn (0.8 mi); Cornbrooke Gue (0.9 mi)
Bramall Park Golf Club,,Governors House (0.4 mi); The Church Inn (0.5 mi); Ladybrook (0.6 mi),Oddfellows On The Park (1.8 mi); Manchester Airport Stanley Hotel (1.9 mi); Best Western Plus (2.0 mi)
Marple Golf Club,,Marple Tavern (0.4 mi); The Crown Inn (0.4 mi); Ring o'Bells (0.6 mi),Oakfield Lodge (1.1 mi); Forge Bank Mill (1.3 mi); Lily Bank Farm (1.7 mi)
Cheadle Golf Club,,Village Hotel Cheadle (0.3 mi); The Kenilworth (0.6 mi); Red Lion (0.7 mi),Village Hotel Cheadle (0.3 mi); Oddfellows On The Park (0.5 mi); Premier Inn - Manchester (Cheadle) (0.8 mi)
Houldsworth Golf Course,,Union Inn (0.5 mi); Grey Horse (0.5 mi); Houldsworth Arms (0.5 mi),Innkeepers Collection (1.2 mi); Holiday Inn Express Manchester East (1.3 mi); Trivelles Mayfair (1.4 mi)
Ashton-under-Lyne Golf Club,,The Lord Nelson (0.6 mi); Hare and Hounds (0.6 mi); The Billy Goat (0.9 mi),Flushing Meadow Guest House (1.2 mi); Smokies Park (1.8 mi); Village Hotel & Leisure Club (2.5 mi)
Gathurst Golf Club,,Plough & Harrow (0.6 mi); Gathurst Station Inn (0.7 mi); The Boathouse (0.9 mi),Holland Hall (1.5 mi); Premier Inn (1.8 mi); Brittania Hotel (1.8 mi)
Dukinfield Golf Course,,Rising Moon (0.3 mi); King William IV (0.5 mi); The British Protection (0.7 mi),Village Hotel (1.5 mi); Premier Inn (1.5 mi); Flushing Meadow Guest House (1.7 mi)
Werneth Low Golf Course,,Hare and Hounds (0.6 mi); The Buxton Inn (0.9 mi); Queen Adelaide (0.9 mi),Premier Inn (1.8 mi); Forge Bank Mill (2.3 mi); Oakfield Lodge (2.4 mi)
Heswall Golf Course,driving range:423m,The Boat House (0.7 mi); The Devon Doorway (0.9 mi); The Black Horse Hotel (0.9 mi),Premier Inn (0.9 mi); Thorton Hall (1.8 mi); Thornton Manor (2.1 mi)
Leasowe Golf Club,,Leasowe Golf Club (0.1 mi); The Oystercatcher (0.6 mi); The Armchair PH (1.2 mi),Leasowe Castle Hotel (0.3 mi); Grove House Hotel (1.7 mi); Albion Guest House (2.6 mi)
Sherdley Park Golf Course,driving range:449m,The Hungry Horse (0.6 mi); Bull & Dog Pub (0.6 mi); Boars Head (0.8 mi),Mercure St Helens (1.1 mi); Premier Inn St. Helens South (1.3 mi); Rainhill Hall (Formely Loyola Hall) (1.9 mi)
Formby Ladies Golf Club,,Beer Station (0.5 mi); Freshfield Hotel (0.5 mi); The Pinewoods (0.8 mi),Formby Hall Golf Resort And Spa (1.6 mi)
Bidston Golf Club,,The Oystercatcher (0.3 mi); The Armchair PH (0.9 mi); Leasowe Golf Club (0.9 mi),Leasowe Castle Hotel (1.1 mi); Grove House Hotel (1.4 mi); Albion Guest House (2.3 mi)
Carden Park Golf Club,,Cock O'Barton (1.0 mi); Egerton Arms Hotel (1.2 mi); The Carden Arms (1.3 mi),Carden Park Hotel (0.2 mi); Higher Farm B&B (1.1 mi); Manor Farm B&B (3.5 mi)
Vicars Cross Golf Club,driving range:463m,Bird In Hand (0.4 mi); Stamford Bridge Inn (1.0 mi); Ring o' Bells (1.3 mi),Travelodge (1.3 mi); DoubleTree by Hilton Hotel & Spa Chester (1.4 mi); The Manor B&B (1.4 mi)
Aldersey Green Golf Club,,Egerton Arms Hotel (1.6 mi); Cock O'Barton (1.8 mi); Bear and Ragged Staff (1.9 mi),Higher Farm B&B (1.7 mi); Carden Park Hotel (2.0 mi); Fernlea Cottage Bed & Breakfast (2.5 mi)
Crewe Golf Club,driving range:278m,The Broughton Arms (0.8 mi); The Hawk Inn (0.9 mi); Duke of Gloucester (1.4 mi),Crewe Hall (0.9 mi); Crewe Hall Hotel & Spa (0.9 mi); Travelodge Crewe (1.4 mi)
High Legh Park Golf Course,,Kilton Inn (1.1 mi); Bears Paw (1.1 mi); Wheatsheaf (1.2 mi),Mere Court Hotel (0.7 mi); Ibis Budget (2.7 mi); Cottons Hotel & Spa (3.0 mi)
Congleton Golf Club,,Castle Inn (0.2 mi); Coach & Horses Inn (0.6 mi); The Wonky Pear (0.7 mi),Lion and Swan (1.7 mi); Alexandra Court Hotel (2.3 mi)
Delamere Forest Golf Club,,The Forest View (0.9 mi); Vale Royal Abbey Arms (1.1 mi); Carriers Inn (1.3 mi),Nunsmere Hall Hotel (1.8 mi); The Poplars B&B (2.4 mi); Premier Inn (2.5 mi)
Helsby Golf Club,,The Hornsmill (0.4 mi); White Lion (0.8 mi); Wheatsheaf Inn (0.8 mi),Super 8 by Wyndham (1.4 mi); Forest Hills Hotel (2.9 mi); The Manor B&B (3.6 mi)
Upton-by-Chester Golf Club,,The Countess (0.3 mi); The Oak Tree (0.3 mi); The Mill @ Upton (0.4 mi),Premier Inn (0.4 mi); Brookside Hotel (0.9 mi); The Limes (1.1 mi)
Knutsford Golf Club,,The Angel (0.6 mi); The Lord Eldon (0.6 mi); The Old Sessions House (0.6 mi),Danebury Apartments (0.5 mi); Cottons Hotel & Spa (0.8 mi); Travelodge Knutsford M6 (1.4 mi)
Davenport Golf Club,,The Boars Head (0.5 mi); Farmers Arms (1.0 mi); Flute and Firkin (1.0 mi),Travelodge Macclesfield Adlington (2.0 mi); Shrigley Hall Hotel (2.5 mi); Lily Bank Farm (3.4 mi)
Woodhall Hills Golf Club,,Calverley Conservative Club (0.7 mi); Calverley St Wilfreds Cricket Club (0.7 mi); The New Inn (0.8 mi),Travelodge (1.5 mi); Ibis Budget (2.4 mi); Peasehill House (2.4 mi)
Keighley Golf Course,,The Roebuck (0.5 mi); The Willow Tree (1.4 mi); The Livery Rooms (1.4 mi),Dalesgate Hotel (0.5 mi); Travelodge Keighley (1.4 mi); Steeton Hall (1.5 mi)
Northcliffe Golf Course,,Number 24 (0.7 mi); Ring O'Bells (0.7 mi); Klubhaus (0.7 mi),Homeleigh Hotel (0.6 mi); Abbey Lodge Hotel (0.8 mi); Bankfield Hotel (1.0 mi)
Crosland Heath Golf Course,,Sands House (0.4 mi); Th'Alma (0.5 mi); Sair Inn & Linfit Ales (0.6 mi),Spinning Mill House (1.8 mi); Griffin Lodge (1.8 mi); The Edge (1.8 mi)
Bingley St Ives Golf Club,,The Golden Fleece (0.7 mi); Malt Shovel (1.0 mi); The Brown Cow (1.1 mi),Premier Inn (1.1 mi); Oakwood Hall (1.6 mi); Travelodge Keighley (1.9 mi)
Huddersfield Golf Club,,The Shepherds Arms (0.5 mi); The Four Sons (0.7 mi); Round Hill Inn (0.8 mi),Briar Court Hotel (1.0 mi); Fortune Hotel (1.1 mi); Cedar Court Hotel (1.2 mi)
Bradford Moor Golf Club,,East Ward Labour Club (0.6 mi); The Malt Kiln (0.6 mi); The Red House (0.6 mi),Ibis Budget (0.9 mi); Travelodge (1.0 mi); Travelodge (1.0 mi)
South Bradford Golf Course,,The Top House (0.6 mi); Low Moor Club (0.6 mi); The Drop Kick (0.7 mi),The Guide Post Hotel (0.5 mi); Travelodge Bradford South (0.5 mi); Cedar Court Hotel (0.8 mi)
Queensbury Golf Club,,Halfway House (0.5 mi); The Queensbury Tavern (0.6 mi); The Old Dolphin (0.6 mi),Holdsworth House Hotel (1.7 mi); Norland Guest House (1.9 mi); Ashtree House Bed and Breakfast (2.5 mi)
Lightcliffe Golf Club,,The White Horse (0.2 mi); Sun Inn (0.4 mi); The Pear Tree (0.7 mi),The Lane Head Hotel (1.7 mi); Casa Brighouse (1.9 mi); Cambridge Waterfront Hotel (2.1 mi)
Ryburn Golf Club,,The New Hobbit (0.2 mi); Norland Working Men's Club (0.4 mi); The Loose Goose Inn (0.6 mi),The New Hobbit (0.2 mi); Fleece Inn (1.8 mi); The Fleece Inn (1.8 mi)
Sand Moor Golf Course,,The Lord Darcy (0.8 mi); Moortown Social Club (1.3 mi); King On The Lane (1.4 mi),Mercure Parkway Leeds (2.0 mi); Beechwood Hotel (2.2 mi); Weetwood Hall (2.8 mi)
Branshaw Golf Course,,The Snooty Fox (0.6 mi); The Golden Fleece (0.8 mi); Turkey Inn (0.8 mi),Newsholme Manor (0.6 mi); Weavers of Haworth (1.5 mi); Park Top House (1.7 mi)
Woodsome Hall Golf Club,,The White Swan (0.6 mi); The Fenay Bridge (0.7 mi); The Woolpack (0.8 mi),Manor Mill Cottage (1.5 mi); 315 Bar and Restaurant (1.8 mi); Premier Inn Huddersfield Central (2.3 mi)
Alwoodley Golf Club,,The Dexter (0.6 mi); The Lord Darcy (0.9 mi); Red Lion Inn (1.3 mi),Beechwood Hotel (1.5 mi); High Bank Hotel (2.9 mi); The Clock Hotel (3.1 mi)
Moor Allerton Golf Course,driving range:415m,The Inn (1.2 mi); Red Lion Inn (1.2 mi); Bingley Arms (1.3 mi),Beechwood Hotel (2.3 mi); Wood Hall Hotel and Spa (3.4 mi); Britannia Hotel (3.5 mi)
Halifax Golf Club,,Causeway Foot Inn (0.7 mi); Delvers Inn (1.5 mi); The Stone Chair (1.5 mi),Holdsworth House Hotel (1.7 mi); Ann's Farmhouse (2.3 mi); Ashtree House Bed and Breakfast (2.3 mi)
Crow Nest Park Golf Club,,Sun Inn (0.4 mi); The Dusty Miller (0.5 mi); The White Horse (0.6 mi),The Lane Head Hotel (1.1 mi); Casa Brighouse (1.4 mi); Cambridge Waterfront Hotel (1.5 mi)
Shay Grange Golf Course,driving range:82m,The Hare and Hounds (0.6 mi); King's Arms (0.7 mi); Klubhaus (1.1 mi),Homeleigh Hotel (1.0 mi); Bankfield Hotel (1.2 mi); Abbey Lodge Hotel (1.2 mi)
Marsden Golf Club,,The New Inn (0.8 mi); The Shakespeare (0.9 mi); The Riverhead Brewery Tap (0.9 mi),Wellcroft House (2.4 mi); Saddleworth Hotel (2.7 mi); Saddleworth Hotel (2.7 mi)
Bradford Golf Course,,Woolpack (0.9 mi); White Cross (0.9 mi); The Old Barn Esholt (1.0 mi),Hollins Hall Hotel (0.4 mi); Hudsons Arms (1.2 mi); Ford House Farm Bed & Breakfast (1.3 mi)
Shipley Golf Club,,The Myrtle Grove (0.5 mi); Mulligans (0.5 mi); The Three Locks (0.6 mi),Bankfield Hotel (1.2 mi); Oakwood Hall (1.4 mi); Bracken Hall House B&B (1.7 mi)
Pontefract and District Golf Club,,Bradley Arms (0.8 mi); The Winter Seam (0.9 mi); St Joseph's Catholic Club (1.1 mi),Rolands Croft Guest House (0.7 mi); Premier Inn (0.9 mi); Kings Croft Hotel (1.0 mi)
Ilkley Golf Club,,The Ilkley Vaults (0.8 mi); Riverside (0.9 mi); The Ilkley Tap (1.1 mi),Dales View Cottage Bed & Breakfast (0.6 mi); The Briery Retreat & Conference Centre (0.8 mi); Ilkley Riverside Hotel (0.9 mi)
Scarcroft Golf Course,,The Inn (0.4 mi); Bingley Arms (0.8 mi); The Duke of Wellington (1.4 mi),Beechwood Hotel (2.8 mi); Wood Hall Hotel and Spa (3.1 mi); Britannia Hotel (3.4 mi)
Town Moor Golf Course,,The Lonsdale (0.5 mi); Brewers Fayre (0.7 mi); Beechers Brook (0.7 mi),Campanile Hotel (0.4 mi); Hilton Garden Inn Doncaster Racecourse (0.5 mi); Premier Inn (0.7 mi)
Lees Hall Golf Club,,The Nailmakers Arms (0.4 mi); Water Tower (0.4 mi); The Horse and Groom (0.5 mi),DoubleTree by Hilton Hotel Sheffield Park (1.6 mi); The Briary Hotel (1.7 mi); The Dalbury & Palmer (1.8 mi)
Owston Hall Golf Course,,The Burghwallis (0.9 mi); Foresters Arms (1.5 mi); The Highwayman (2.4 mi),Travelodge Doncaster (1.5 mi)
Wortley Golf Course,,The Wortley Arms (0.8 mi); Crane Moor Working Mens Club (1.1 mi); The Wentworth (1.4 mi),Wortley Hall (0.5 mi); Finkle Green Bed & Breakfast (1.0 mi); Premier Inn Sheffield/Barnsley (1.3 mi)
Wath Golf Club,,The Telstar (0.6 mi); The Woodman (0.7 mi); The Crown (0.8 mi),Holiday Inn Express Rotherham North (1.7 mi); Home (1.8 mi); Fitzwilliams Arms Hotel (2.4 mi)
Lindrick Golf Club,,Hewett Arms (1.2 mi); Woodhouse Inn (1.8 mi); The Parish Oven (1.9 mi),Premier Inn (2.3 mi); Travelodge (2.8 mi); The Lion Hotel (3.3 mi)
Abbeydale Golf Club,driving range:251m,The Castle (0.4 mi); The Grennel Mower (0.6 mi); Old Mother Redcap (0.7 mi),DoubleTree by Hilton Hotel Sheffield Park (1.4 mi); Manor House (2.0 mi); The Chantry Hotel (2.1 mi)
Hillsborough Golf Club,,Blue Ball Inn (0.5 mi); Shoulder of Mutton (0.5 mi); Rose & Crown (0.7 mi),Barnfield House (0.9 mi); Coniston Guest House (1.5 mi); Alara Bed & Breakfast (1.7 mi)
Brough Golf Club,,The Half Moon (0.4 mi); The Ferry Inn (0.5 mi); The Red Hawk (0.5 mi),Cave Castle Hotel and Country Club (2.6 mi); Winteringham Fields Hotel (3.4 mi); Travelodge (3.5 mi)
Cottingham Parks Golf and Leisure Club,,Half Moon (0.8 mi); Fair Maid (1.1 mi); The Blue Bell (1.1 mi),Woodhill (0.5 mi); Lazaat Hotel (0.6 mi); Mercure Hull (2.1 mi)
Ganstead Park Golf & Events,,The Blacksmiths Arms (0.5 mi); The Crows Nest (1.3 mi); The Dart (1.4 mi),
Driffield Golf Course,,Pumphouse Brewing Company (1.0 mi); Mishka (1.2 mi); Georgies (1.3 mi),Bell Hotel (1.3 mi)
Oakdale Golf Club,,Hales Bar (0.8 mi); The Old Bell (0.8 mi); Claro Beagle (0.8 mi),The Old Swan (0.7 mi); Cairn Hotel (0.7 mi); The Crown Hotel (0.8 mi)
Romanby Golf Club,,Golden Lion (0.8 mi); Station Hotel (1.0 mi); Oddfellows Arms (1.1 mi),Allerton Court Hotel (1.1 mi); Porch House Guest House (1.2 mi); The Northallerton Inn (1.2 mi)
Kirkbymoorside Golf,,Kings Head Hotel (1.0 mi); George & Dragon (1.0 mi); Black Swan (1.0 mi),Manor Farm (1.4 mi); The Cornmill (1.6 mi); Burnley House (1.6 mi)
Pike Hills Golf Club,,The Royal Oak (0.7 mi); Quaker Wood (0.9 mi); The Dick Turpin (1.0 mi),Burswood Guest House (1.5 mi); Holiday Inn (1.6 mi); Curzon Lodge Hotel (1.7 mi)
Filey Golf Club,,The Five Stones (0.5 mi); Jesters Club (0.5 mi); Royal Oak (0.6 mi),White Lodge Hotel (0.7 mi); Downcliffe House Hotel (0.8 mi); The Landings (0.8 mi)
Catterick Golf Club,,Brewers Fayre (0.6 mi); The Foxglove (0.6 mi); Hunter's (1.1 mi),Premier Inn (0.6 mi); Easby Hall (2.2 mi); Old Brewery Guesthouse (2.2 mi)
Forest Park Golf Club,,The Fox Inn (0.4 mi); Blacksmiths Arms (2.0 mi); The Hogshead (2.5 mi),Church View Bed and Breakfast (0.4 mi); Holiday Inn Express (1.1 mi); Travelodge - York Monks Cross (1.6 mi)
Tadcaster Golf Course,,The Boot and Shoe (0.9 mi); The Ash Tree (1.0 mi); The Greyhound (1.1 mi),Hazelwood Castle (3.1 mi); Shann House (3.7 mi)
Drax Golf Club,,Comus Inn (0.8 mi); The Huntsman (1.0 mi); Foresters Arms (1.3 mi),Foresters Arms (1.3 mi)
Ripon City Golf Club,driving range:244m,The White Horse (1.1 mi); The Magdalens (1.1 mi); The Golden Lion (1.2 mi),Fountain Guest House (1.0 mi); Crescent Lodge (1.0 mi); The Ripon Inn (1.3 mi)
Masham Golf Course,,Black Bull In Paradise (0.6 mi); King's Head Hotel (0.6 mi); Bay Horse (0.6 mi),Swinton Park (0.4 mi); Garden House (0.6 mi); Bellfield (0.6 mi)
Akebar Park Golf Course,,Queen's Head (0.8 mi); The Countryman's Inn (1.5 mi); Green Tree (1.6 mi),
York Golf Club,,The Ship (0.8 mi); The Half Moon (0.8 mi); Six Bells (1.1 mi),Barwick (1.9 mi); Oaklands (1.9 mi); The Lodge (2.0 mi)
Fulford Golf Club,,The Deramore Arms (0.8 mi); Charles XII (0.9 mi); The Courtyard (1.1 mi),York Pavilion Hotel (1.2 mi); Emerald Residence (1.3 mi); Midway House (1.4 mi)
Scarborough South Cliff Golf Club,,Poachers Barn (0.9 mi); South Cliff Recreation Club (0.9 mi); Ramshill (1.1 mi),Earlsmere Hotel (0.8 mi); Glaisdale (0.8 mi); Lonsdale Villa (0.8 mi)
Rudding Park Golf Course,,Deer House Family Pub (0.3 mi); Radcliffe Arms (0.4 mi); Harewood Arms (0.5 mi),Rudding Park Hotel (0.2 mi); The Kestrel (0.8 mi); Premier Inn (1.6 mi)
Whitby Golf Club,,Whitby Golf Club (0.3 mi); White House (0.4 mi); Whitby Rugby Club (0.5 mi),Riftswood B&B (0.7 mi); The Lake House (0.7 mi); The Stables at Cross Buts (0.8 mi)
Bentham Golf Club,driving range:490m,Hoggs ’n’ Heifers (0.8 mi); Coach House Inn (0.8 mi); Black Bull (0.8 mi),Nutstile Farm (1.3 mi); Ferncliffe Guest House (1.8 mi); Pinecroft & Timberlodge (1.8 mi)
Knaresborough Golf Club,,The Crown Inn (1.6 mi); The Groves (1.6 mi); So! Bar (1.6 mi),The General Tarleton (1.0 mi); The Knaresborough Inn (1.6 mi); Newton House Hotel (1.6 mi)
Seaton Carew Golf Club,,The 9 Anchors (1.0 mi); The Schooner (1.4 mi); The Owton Lodge (1.9 mi),Durham Hotel (0.8 mi); Seaton Hotel (0.9 mi); Trinity Guest House (0.9 mi)
Blyth Golf Club,,The Newsham (0.5 mi); The Newsham Victory Club (0.5 mi); The Isabella (0.7 mi),Marlow Lodge (1.3 mi); The Commissioners Quay Inn (1.8 mi); Waterford Arms (3.4 mi)
Teesside Golf Club,driving range:140m,The Roundell Sizzling Grill Pub (0.5 mi); The Roundel (0.5 mi); Market Tavern (0.8 mi),Premier Inn Stockton on Tees/Middlesbrough (0.8 mi); Cambridge Hotel (0.9 mi); Hampton by Hilton Stockton on Tees (1.3 mi)
Billingham Golf Club,,The Wynyard (0.3 mi); Billingham Constitutional Club (0.4 mi); Swan Hotel (0.5 mi),Rosedene House B&B (0.8 mi); Premier Inn (1.5 mi); Kingswood Hotel (1.6 mi)
Goswick Links Golf Club,,Showbar (1.5 mi); Island View Inn (2.2 mi); The Lindisfarne Inn (2.5 mi),Fenwick Bed & Breakfast (3.7 mi)
Ingleby Barwick Golf Academy,,The Locomotion (0.8 mi); The Griffin (0.9 mi); The Red Anchor (0.9 mi),Sunnyside Hotel (0.8 mi); Premier Inn Stockton on Tees West (0.9 mi); Parkmore Hotel and Hideaway Spa (1.1 mi)
Middlesbrough Golf Club,,Southern Cross (0.9 mi); The Lingfield Farm (1.2 mi); Brunton Arms (1.2 mi),Blue Bell Lodge (2.3 mi); Bridge Guest House (2.7 mi); Premier Inn Middlesbrough Central South (2.8 mi)
Arcot Hall Golf Club,,The Snowy Owl (1.0 mi); Willow Farm (1.2 mi); The Moor House (1.2 mi),Travelodge (0.9 mi); Holiday Inn (0.9 mi); Premier Inn (1.5 mi)
Ponteland Golf Club,,Diamond Inn (0.5 mi); Blackbird Inn (0.6 mi); Seven Stars (0.6 mi),Stonehaven Lodge (1.0 mi); Stone Cottage (1.0 mi); Britannia Hotel Newcastle Airport (1.1 mi)
Newbiggin by the Sea Golf Club,,Newbiggin Central Club (0.7 mi); Queens Head (0.7 mi); Creswell Arms (0.7 mi),Ship Shape (0.7 mi); The Old Ship (0.7 mi); Witheys Lodge (0.8 mi)
Hunley Golf Club,,The Green Tree (0.7 mi); The Queens Arms (0.8 mi); The Crown (0.9 mi),Hunley Hotel & Golf Club (0.4 mi); Spa Hotel (2.0 mi); Rushpool Hall (2.0 mi)
Hexham Golf Club,,The Old Tannery (0.7 mi); The Fox (0.8 mi); Heart of Northumberland (0.9 mi),Burnhouse (0.6 mi); Travelodge (0.9 mi); Beaumont Hotel (0.9 mi)
Saltburn Golf Club,,The Royal George (0.8 mi); The Duke William (0.8 mi); Lune Street Social Club (0.8 mi),Rushpool Hall (0.8 mi); Saltburn House (1.0 mi); The Marine (1.2 mi)
Cleveland Golf Club,driving range:449m,The Cleveland Hotel (0.9 mi); The Lobster (0.9 mi); O'Gradys (1.1 mi),Claxton House Hotel (1.6 mi); The Park Hotel (1.6 mi)
Alnwick Castle Golf Club,,The Shepherds Rest Inn (0.5 mi); The John Bull Inn (0.8 mi); Blue Bell Inn (0.9 mi),Holly Lodge (0.8 mi); Redfoot Lea B&B (0.8 mi); Hogshead Inn (0.9 mi)
Longhirst Hall Golf Course,,Pegswood Community Welfare Centre (1.3 mi); Tap & Spile (1.7 mi); Black & Grey (1.7 mi),
Blackwell Grange Golf Course,,Skerne Park Pub (0.7 mi); The Copper Beech (1.2 mi); Cleveland Bridge Social Club (1.2 mi),Blackwell Grange Hotel (0.8 mi); Bannatyne Hotel (1.4 mi); The Dalesman (1.4 mi)
Stocksfield Golf Club,restaurant:176m,The Doctor Syntax (0.3 mi); The Feathers Inn (1.1 mi); Anchor Inn (1.4 mi),Sunkist B&B (1.7 mi); Ovington House (2.9 mi); Duke Of Wellington Inn (3.7 mi)
Prudhoe Golf Club,,CIU Prudhoe Social Club (0.8 mi); Prudhoe Working Mens Club (1.0 mi); West Road Tavern (1.1 mi),Wormald House (1.1 mi); Close House (2.1 mi); Sunkist B&B (2.3 mi)
Woodham Golf & Country Club,,The Huntsman (0.4 mi); The Cobblers Hall (0.9 mi); The Turbinia (1.1 mi),"Premier Inn, Newton Aycliffe (1.8 mi); Redworth Hall Hotel (3.6 mi); The Park Head Hotel (3.6 mi)"
Hartlepool Golf Club,driving range:60m,Gillens Arms (0.6 mi); The Tall Ships (0.8 mi); Hartlepool RFC Clubhouse (0.8 mi),"Douglass Hotel (2.3 mi); Premier Inn Hartlepool Marina (2.4 mi); The Best Western Grand Hotel, Hartlepool (2.4 mi)"
Chester-le-Street Golf Club,,Butchers Arms (0.6 mi); Black Horse (0.6 mi); High Crown (0.7 mi),Lumley Castle (0.2 mi); Jekyll & Hideout (0.7 mi); The Lambton Worm Hotel (1.3 mi)
Consett & District Golf Club,,The Cricketers (0.6 mi); The Scotch Arms (0.8 mi); The Miners Arms (0.8 mi),The Crown and Crossed Swords (0.9 mi); Best Western Derwent Manor Hotel (2.2 mi); Deneview Bed & Breakfast (2.9 mi)
Durham City Golf Course,,The Station (0.9 mi); The Lord Boyne Hotel (1.0 mi); Stonebridge Inn (1.4 mi),Woodland Barn B&B (0.5 mi); The Honest Lawyer (0.8 mi); Franny Keay's B&B (1.3 mi)
Allendale Golf Club,,The Lion House (1.6 mi); The King's Head (1.6 mi); Crown Inn (3.0 mi),
Castle Eden Golf Club,,Castle Eden Inn (0.6 mi); The Top House (1.5 mi); Plough Inn (1.5 mi),Peterlee Lodge Hotel (1.5 mi); Hardwicke Hall Manor Hotel (2.0 mi); The White House (2.0 mi)
Alnmouth Golf Club,driving range:150m,Ex Servicemens Club (0.7 mi); Hope & Anchor (0.7 mi); Sun Inn (0.7 mi),Coquet Cottages (0.2 mi); The Saddle B&B (0.7 mi); HF Holidays Nether Grange (0.7 mi)
Cathedral Course,,The Travellers Rest (0.4 mi); The Sportsman (0.8 mi); The Blacksmiths (0.8 mi),"Ramside Hall Hotel, Golf & Spa (0.3 mi); The Ramside Farmhouse (0.7 mi); Moor End B&B (0.8 mi)"
Rothbury Golf Club,,The Turks Head (0.5 mi); Queens Head Hotel (0.6 mi); Cross Keys (1.3 mi),The Old Guest House (0.5 mi); Newcastle House Hotel (0.5 mi); Westcliffe House (0.6 mi)
Heworth Golf Club,driving range:356m,The Green Bar & Brasserie (0.4 mi); The Wardley Club (0.5 mi); Durham Ranger (0.8 mi),Travelodge (0.6 mi); George Washington Hotel Golf and Spa (1.2 mi); Sutherlands Bistro Lounge hotel (2.0 mi)
Boldon Golf Club,,The Red Lion (0.5 mi); The Wheatsheaf (0.5 mi); Black Horse (0.5 mi),Quality Hotel Boldon (0.9 mi); Comfort Inn (closed to public) (1.5 mi); Premier Inn (1.9 mi)
Westerhope Golf Club,,The Jingling Gate (0.3 mi); The Chapel Park (0.5 mi); The Hillheads (0.6 mi),Travelodge (1.3 mi); Metro Inns (1.3 mi); Novotel (1.4 mi)
Backworth Golf Club,,Backworth Social Club (0.2 mi); The Holystone (0.8 mi); The Blue Bell (0.9 mi),Premier Inn (0.9 mi); The Village Newcastle (1.2 mi); Travelodge (1.7 mi)
Gosforth Golf Club,,The Victory (0.6 mi); The Brandling Villa (0.6 mi); Three Mile Inn (0.6 mi),Jesmond Dene House (1.1 mi); New Kent Hotel (1.4 mi); Cairn Hotel (1.5 mi)
Northumberland Golf Club,,Falcons Nest (0.7 mi); Three Mile Inn (0.9 mi); West Moor and District Social Club (1.1 mi),Grand Hotel Gosforth Park Newcastle (0.5 mi); Travelodge (0.7 mi); Jesmond Dene House (2.2 mi)
Shaw Hill Golf Club,,The Roebuck (0.4 mi); The War Horse (0.6 mi); The Sea View (0.6 mi),Shaw Hill (0.1 mi); Premier Inn Chorley North (1.0 mi); Hartwood Hall Hotel (1.0 mi)
Grange-over-Sands Golf Club,,The Commodore Inn (1.0 mi); Keg & Kitchen (1.1 mi); The Royal Oak (1.2 mi),Cumbria Grand Hotel (0.3 mi); Netherwood Hotel (0.5 mi); Grange Hotel (0.6 mi)
Manchester Golf Club,,The Hopwood (0.5 mi); Ship Inn (0.6 mi); The Old Post Office Ale House (1.1 mi),Norton Grange Hotel (0.6 mi); Travelodge Manchester Birch M62 Westbound (1.8 mi); Assheton Arms Hotel (1.8 mi)
Royal Birkdale Golf Club,driving range:287m,The Crown (1.0 mi); Fishermens Rest (1.1 mi); Park Hotel (1.2 mi),Dukes Folly (1.8 mi); Travelodge (1.8 mi); Talbot Hotel (1.9 mi)
Southport Old Links Golf Club,,The Devonshire club (0.3 mi); Bold Arms Hotel (0.8 mi); The Hesketh Arms (0.8 mi),Balmoral Lodge Hotel (1.5 mi); Fairfield Hotel (1.7 mi); Bold Hotel (1.8 mi)
Woolton Golf Club,,The Grenadier (0.4 mi); The Waiting Room (0.4 mi); The Hillfoot Inn (0.5 mi),Travelodge Liverpool John Lennon Airport (1.3 mi); Gateway Lodge (1.5 mi); Crowne Plaza (1.6 mi)
Appleby Golf Club,,Royal Oak (1.6 mi); Hare & Hounds (2.0 mi); Crown & Cushion (2.0 mi),Appleby Manor Country Hotel (1.5 mi); Bongate House (1.7 mi); Midland Hotel (1.9 mi)
Kirkby Lonsdale Golf Club,,Barbon Inn (0.8 mi); The Pheasant Inn (1.8 mi); The Orange Tree (2.2 mi),Underley Grange (0.8 mi); Blue Pig (2.2 mi); The Copper Kettle (2.2 mi)
Barrow Golf Club,driving range:362m,The Strawberry (1.3 mi); Tally Ho (1.5 mi); The Crossbar (1.6 mi),Ormsgill Inn (1.0 mi); Abbey House (1.1 mi); Abbey House Extension (1.1 mi)
Withington Golf Club,,The Crown Inn (0.4 mi); Northenden Untapped (0.5 mi); Lounge About (0.6 mi),Britannia Country House Hotel (0.4 mi); Didsbury House (0.8 mi); Britannia Airport Hotel (0.8 mi)
Greenmount Golf Club,,The Dungeon Inn (0.7 mi); Tottington Conservative Club (0.7 mi); Robin Hood (0.7 mi),Bolholt Hotel (1.7 mi); Red Hall Hotel (1.9 mi); The Old Mill (2.0 mi)
Lymm Golf Club,,The Star Inn (0.5 mi); Saddlers Arms (0.6 mi); The Brewery Tap (0.6 mi),Statham Lodge Hotel and Restaurant (0.6 mi); Premier Inn (1.2 mi); Holiday Inn Warrington (1.3 mi)
Clayton Golf Club,,The Crown (0.4 mi); The Fiddlers Three (0.4 mi); The Monkey (0.4 mi),Norland Guest House (0.7 mi); Holroyd House Hotel (1.8 mi); Jurys Inn (2.3 mi)
Bracken Ghyll Golf Club,,The Craven Heifer (0.5 mi); The Swan (0.7 mi); The Fleece (0.9 mi),The Devonshire Arms (1.6 mi); Beamsley Project (1.7 mi); Lumb Beck Farm House Bed & Breakfast (1.8 mi)
Bridlington Golf Club,,Lobster Pot (0.2 mi); Makis (0.5 mi); The Mermaid (0.8 mi),Marstons Sleep Inn (0.1 mi); Doriam Guest House (1.0 mi); The Cavendish (1.0 mi)
Skipton Golf Club,,The Curious Fox (0.8 mi); Country Inn (0.8 mi); Ackroyds Wine Bar (0.8 mi),The Pinfold guest house (0.8 mi); Chinthurst (1.0 mi); Boutique 25 (1.0 mi)
Bamburgh Castle Golf Club,,The Middle Inn (0.9 mi); The Lord Crewe (0.9 mi); Club House (2.5 mi),Sunningdale Hotel (0.9 mi); Victoria Hotel (0.9 mi); The Outchester Ducket (1.7 mi)
Haltwhistle Golf Club,,Greenhead Hotel (0.3 mi); Samson Inn (1.2 mi); Bridge Inn (1.4 mi),Greenhead Hotel (0.3 mi); Holmhead Guest House (0.4 mi); Walltown Lodge B&B (0.8 mi)
Wooler Golf Club,,Tankerville Arms Hotel (2.5 mi); The Angel Inn (2.8 mi); The Black Bull (2.8 mi),East Horton Farmhouse (1.8 mi); Tankerville Arms Hotel (2.5 mi); Millyard House (2.7 mi)
South Moor Golf Club,,Craghead Social Club (The Legion) (0.5 mi); South Moor Sports & Community Club (0.6 mi); Masons Arms (0.7 mi),"The Local Spa, Club F (1.3 mi); Hotel 52 (1.4 mi); Oak Cottage (1.7 mi)"
Bishop Auckland Golf Club,,The Top House (0.4 mi); The Stanley Jefferson (0.7 mi); Sportsmans Inn (0.7 mi),The Park Head Hotel (0.4 mi); Thomas Wright House Hotel (2.3 mi); Premier Inn (2.3 mi)
Whickham Golf Club,,Woodmans Arms (0.3 mi); Coachman (0.9 mi); The Fellsider (0.9 mi),Best Western Plus Gibside Hotel (1.7 mi); Beamish Park Hotel (2.1 mi); Delta Hotels Newcastle Gateshead (2.4 mi)
Garesfield Golf Course,,Bute Arms (0.5 mi); High Spen Excelsior Club (0.7 mi); Fox and Hounds (0.9 mi),Wormald House (3.3 mi); Sunkist B&B (3.6 mi); Michelangelo's (3.6 mi)
Hindhead Golf Club,,The Crossways (0.9 mi); The Fox and Pelican (1.3 mi); Bel & The Dragon (1.4 mi),Land of Nod (1.4 mi); Bel & The Dragon (1.4 mi); Devil's Punchbowl Hotel (1.8 mi)
Whipsnade Park Golf Club,,Red Lion (1.0 mi); The Red Lion (1.1 mi); Bell (1.1 mi),Bellows Mill (2.5 mi); Premier Inn (3.0 mi); Holiday Inn Express Dunstable (3.0 mi)
Hennerton Golf Club,driving range:210m,The Horns (0.8 mi); The Baskerville (0.9 mi); St. George & Dragon (0.9 mi),The Bull (1.1 mi); The Red Lion Hotel (2.2 mi); Hotel du Vin & Bistro (2.3 mi)
Richings Park Golf and Country Club,,Shamrock's (0.9 mi); The Tower Arms (0.9 mi); Queens Arms (0.9 mi),The Tower Arms (0.9 mi); Airport Guest House (0.9 mi); Holiday Inn Express (0.9 mi)
Temple Golf Course,,The Rising Sun (0.8 mi); The Crown (0.9 mi); The Dew Drop Inn (1.2 mi),Hurley House Hotel (0.3 mi); The Olde Bell (0.9 mi); Danesfield House Hotel and Spa (1.6 mi)
Theale Golf Club,,The Thatcher's Arms (0.2 mi); The Bull (0.6 mi); The Falcon (0.6 mi),Old Lamb Hotel (0.7 mi); Calcot Hotel (1.3 mi); Travelodge Reading Eastbound (2.3 mi)
Winter Hill Golf Course,,The Old Swan Uppers (0.6 mi); The Crown (0.6 mi); The Bounty (0.7 mi),Bel and the Dragon (0.7 mi); The Inn On The Green (1.2 mi); Crowne Plaza (1.4 mi)
Harleyford Golf Club,,The Rising Sun (1.0 mi); The Royal Oak (1.2 mi); The Hand & Flowers (1.2 mi),Danesfield House Hotel and Spa (0.9 mi); The Olde Bell (0.9 mi); Compleat Angler (1.5 mi)
Huntswood Golf Course,,Oak and Saw (0.8 mi); The Bee (1.0 mi); The Red Lion (1.0 mi),Grovefield Hotel (0.3 mi); The Pines Hotel (0.5 mi); Taplow House Hotel (1.0 mi)
Three Locks Golf Club,,The Three Locks (0.4 mi); Dolphin (0.8 mi); Old Red Lion (1.0 mi),The White House (2.4 mi); The Hunt Lodge (2.6 mi); Orchard House (2.8 mi)
Wexham Park Golf Centre,,The Stag (0.5 mi); The Red Lion (0.6 mi); The Rose and Crown (0.9 mi),Stoke Place (0.7 mi); The Pinewood Hotel (1.1 mi); The Langley (1.5 mi)
Haverhill Golf Club,,The Red Lion (0.3 mi); The Royal Exchange (1.2 mi); Barnardiston Arms (1.4 mi),Woodlands Hotel and Restaurant (0.2 mi); Travelodge (1.1 mi)
Knebworth Golf Course,,Roebuck Inn (0.5 mi); Man in the Moon (0.8 mi); Our Mutual Friend (0.8 mi),Premier Inn (1.4 mi); Holiday Inn Express (1.6 mi); Holiday Inn (1.6 mi)
Verulam Golf Club,,The Great Northern (0.8 mi); The Farmer's Boy (0.9 mi); Hare and Hounds (0.9 mi),"Sopwell House (0.2 mi); Wren Lodge (1.0 mi); The Samuel Ryder Hotel St. Albans, Tapestry Collection by Hilton (1.1 mi)"
West Herts Golf Club,,Essex Arms (0.7 mi); Rising Sun (1.0 mi); The Shamrock (1.0 mi),The Grove (0.9 mi); Premier Inn (1.0 mi); Ricky Road Guest House Ltd (1.1 mi)
Boars Head Golf Centre,,The Boars Head Inn (0.2 mi); The White Hart (1.3 mi); The Crowborough Cross (1.3 mi),
Crews Hill Golf Course,,The Plough (0.4 mi); Robin Hood (0.8 mi); Ridgeway (1.3 mi),Holtwhites Hotel (1.7 mi); West Lodge Park (2.2 mi); Brigands B&B (2.4 mi)
Ealing Golf Course,,The Myllet Arms (0.3 mi); Village Inn (0.3 mi); Duke of Kent (0.4 mi),Premier Inn (0.3 mi); The Fox and Goose (0.9 mi); Crowne Plaza (1.0 mi)
Hadley Wood Golf Course,,The Cock Inn (0.6 mi); The Builders Arms (0.9 mi); The Railway Bell (0.9 mi),West Lodge Park (0.6 mi); The Hadley Hotel (1.0 mi); The Barrington Hotel (1.5 mi)
Northwood Golf Course,,The Three Wishes (0.5 mi); The Gate (0.8 mi); The Three Wishes (0.9 mi),Premier Inn (2.2 mi); The Barn Hotel (2.5 mi); Premier Inn (2.6 mi)
Stanmore Golf Club,,Duck in the Pond (0.4 mi); Life of Reilly (0.5 mi); The Belmont (0.5 mi),Premier Inn (1.7 mi); Travelodge (1.8 mi); Grim's Dyke Hotel (1.8 mi)
Stockley Park Golf Club,cafe:181m; driving range:252m,The Music Box (0.7 mi); The Old Crown (1.2 mi); The Botwell Inn (1.2 mi),"Travelodge (0.1 mi); Premier Inn London Hayes, Heathrow (1.1 mi); Premier Inn (1.2 mi)"
Sudbury Golf Course,,The Fusilier (0.5 mi); The Ballot Box (0.7 mi); The Swan (0.7 mi),The Fusilier (0.5 mi); Whysdyn Guesthouse (0.5 mi); Premier Inn (0.9 mi)
Trent Park Golf Course,,Doyle's (0.3 mi); The Cock Inn (1.0 mi); The Jolly Farmers (1.0 mi),Southgate Hotel London (1.5 mi); Premier Inn (1.5 mi); West Lodge Park (1.6 mi)
Wyke Green Golf Club,,Hare and Hounds (0.2 mi); The Fox (0.9 mi); Village Inn (1.0 mi),Boston Manor Hotel (0.8 mi); Best Western Northfields Ealing Hotel (1.0 mi); Holiday Inn Brentford (1.2 mi)
Badgemore Park Golf Club,,The Golden Ball (0.9 mi); The Row Barge (0.9 mi); The Station House (1.0 mi),Falaise House (1.0 mi); Milsoms Hotel (1.0 mi); The Catherine Wheel (1.1 mi)
Frilford Heath Golf Course,,The Dog House (0.8 mi); The Crown (1.5 mi); The Black Horse (1.8 mi),The Dog House (0.8 mi); Premier Inn (2.7 mi); Hilton Garden Inn Abingdon Oxford (2.9 mi)
Hadden Hill Golf Course,driving range:356m,Ladygrove (0.9 mi); Broadways (1.1 mi); Prince of Wales (1.2 mi),Southern Wood B&B (1.7 mi); The Railway Inn (3.0 mi); The George Hotel (3.1 mi)
Rye Hill Golf Club,,Horse & Groom Inn (0.8 mi); The Duck on The Pond (1.3 mi); Lampet Arms (1.6 mi),
Horne Park Golf Academy,,The Plough & Furrow (1.5 mi); The Blacksmith's Head (1.5 mi); Smith & Western (1.5 mi),Woodcock Inn (2.1 mi); Oak Tree Lodge (2.3 mi); Copthorne Hotel Effingham Park (2.6 mi)
Flackwell Heath Golf Course,,Three Horseshoes (0.4 mi); Green Dragon (0.4 mi); Cherry Tree (0.5 mi),Premier Inn High Wycombe Beaconsfield (0.5 mi); The Chequers Inn (1.8 mi); Crazy Bear (2.6 mi)
Brookmans Park Golf Course,,The Brookmans (0.5 mi); Cock o' the North (0.6 mi); The Sibthorpe Arms (1.0 mi),Lawn House (2.4 mi); Mercure Hatfield Oak Hotel (2.4 mi); Premier Inn (2.8 mi)
Bush Hill Park Golf Club,,The Stag (0.5 mi); The Goose at the George (0.5 mi); King's Head (0.5 mi),Holtwhites Hotel (0.9 mi); Travelodge (1.2 mi); Premier Inn (2.0 mi)
Strawberry Hill Golf Club,,The Prince of Wales (0.3 mi); Brouge (0.3 mi); The Rifleman (0.3 mi),Alexander Pope Hotel (0.6 mi); Premier Inn (0.7 mi); Travelodge (0.8 mi)
Girton Golf Club,,Old Crown (0.5 mi); George Inn (0.6 mi); White Horse (0.9 mi),Artist House Cambridge (1.5 mi); Finches (1.8 mi); Felix Hotel and Restaurant (1.9 mi)
Alderley Edge Golf Club,,The Oakwood (0.2 mi); Horse and Jockey (0.4 mi); The Merlin (0.5 mi),Croft Corner Guest House (0.4 mi); Wizards Thatch (0.9 mi); Alderley Edge Hotel (1.0 mi)
Disley Golf Course,,Dandy Cock (0.6 mi); Malt Disley (0.6 mi); Rams Head Hotel (0.6 mi),Lily Bank Farm (1.3 mi); Bower Cottage B&B (2.1 mi); Oakfield Lodge (2.3 mi)
Heyrose Golf Club,driving range:171m,The Windmill (1.1 mi); The Red Lion (1.7 mi); The Smoker (2.2 mi),Pickmere Country Guest House (1.7 mi); Travelodge Knutsford M6 (1.9 mi); Cottons Hotel & Spa (2.2 mi)
Runcorn Golf Course,,The Royal Oak (0.5 mi); The Round House (0.5 mi); The Cherry Tree (0.6 mi),Campanile (1.3 mi); Holiday Inn Runcorn (1.5 mi); Forest Hills Hotel (2.4 mi)
Sandiway Golf Club,,The Blue Cap (0.6 mi); The Coachman (1.2 mi); The Wee Howff (1.2 mi),Premier Inn (0.6 mi); Hartford Hall Hotel (1.7 mi); Nunsmere Hall Hotel (2.0 mi)
Wilmslow Golf Club,,Stags Head (0.6 mi); The Frozen Mop (1.1 mi); Plough and Flail (1.2 mi),Croft Corner Guest House (1.6 mi); Wizards Thatch (1.6 mi); Alderley Edge Hotel (1.7 mi)
Buxton and High Peak Golf Club,,Nineteenth Hole (0.3 mi); Bulls Head (0.5 mi); The Wye Bridge House (0.8 mi),Palace Hotel (1.0 mi); Buxton Crescent Hotel and Spa (1.1 mi); Old Hall Hotel (1.2 mi)
Cavendish Golf Club,driving range:214m,The Duke (0.5 mi); Ramsay's Bar (0.6 mi); The Old Clubhouse (0.8 mi),Buckingham Hotel (0.6 mi); Buckingham (0.6 mi); Portland Hotel (0.6 mi)
Matlock Golf Club,,Duke of Wellington (0.9 mi); Farmers' View (1.1 mi); Thorn Tree Inn (1.2 mi),Dane Cottage (0.9 mi); Goss Hall (1.5 mi); Sheriff Lodge (1.5 mi)
New Mills Golf Club,,The Fox (0.5 mi); Pack Horse Inn (0.6 mi); Masons Arms (0.7 mi),Bower Cottage B&B (0.4 mi); Lily Bank Farm (0.9 mi); Ladygate Farm Bed and Breakfast (1.2 mi)
Shirland Golf Club,,Shoulder of Mutton (0.4 mi); The Hay (0.5 mi); Amber Hotel (0.6 mi),Santo's Higham Farm Hotel (0.9 mi); Crich Lane Farm (1.7 mi); Travelodge (2.0 mi)
Bovey Tracey Golf Club,driving range:136m,Cromwell Arms (0.8 mi); The Bell Inn (0.8 mi); King of Prussia Inn (0.8 mi),The Dolphin (0.8 mi); Edgemoor Hotel (0.9 mi); Yarner House (2.1 mi)
Hull Golf Club,,The Wheatsheaf (0.3 mi); The Star Inn (0.8 mi); The Beech Tree (1.0 mi),Inn keeper's Lodge (0.8 mi); Willerby Manor Hotel (0.9 mi); Mercure Hull (1.0 mi)
Avro Golf Club,,Davenport Arms (0.7 mi); The Aviator (0.8 mi); Unicorn Inn (1.3 mi),Deanwater (1.1 mi); Travelodge Macclesfield Adlington (1.2 mi); Mottram Hall Hotel (1.4 mi)
Hazel Grove Golf Club,,Rising Sun (0.8 mi); Oscars (0.8 mi); Royal Oak (0.8 mi),Oakfield Lodge (2.3 mi); Britannia Hotel Stockport (2.4 mi); Forge Bank Mill (2.5 mi)
Heaton Moor Golf Club,,The Farmers Arms (0.4 mi); The Crown (0.5 mi); The Plough (0.5 mi),Innkeepers Collection (0.8 mi); Trivelles Mayfair (1.0 mi); The Fallowfield Lodge (1.4 mi)
Romiley Golf Course,,Foresters Arms (0.5 mi); Stock Dove (0.6 mi); The Romiley Arms (0.8 mi),Oakfield Lodge (1.6 mi); Forge Bank Mill (1.6 mi); Bredbury Hall (2.2 mi)
Stamford Golf Club,,Stamford Arms (0.3 mi); The Friendship (0.6 mi); The Best O'Brass (0.6 mi),Flushing Meadow Guest House (0.9 mi); Smokies Park (3.1 mi); Premier Inn (3.6 mi)
Stockport Golf Club,,Bosden Farm Pub & Dining (0.6 mi); Marple Tavern (0.7 mi); Hare and Hounds (0.8 mi),Oakfield Lodge (1.6 mi); Forge Bank Mill (1.8 mi); Britannia Hotel Stockport (1.9 mi)
Worsley Golf Course,,The Bluebell (0.4 mi); The White Horse (0.4 mi); Park Hotel (0.6 mi),Hello Hotel (0.7 mi); Novotel Worsley (1.1 mi); Milton Manchester (1.2 mi)
Hinckley Golf Club,,The Holywell (0.7 mi); The Ashby Tavern (0.8 mi); New Plough Inn (0.9 mi),Kase Hotel (1.3 mi); Badgers Mount Hotel (1.7 mi); Sketchley Grange Hotel (2.1 mi)
Leicestershire Golf Club,,The Cedars (0.4 mi); Cow & Plough (0.6 mi); The Real Ale Classroom (0.7 mi),Flexistay Aparthotel (0.9 mi); The Regency Hotel (0.9 mi); Stoneycroft Hotel (1.2 mi)
Willesley Park Golf Club,,Bull & Lion (1.1 mi); Railway (1.1 mi); The Shoulder of Mutton (1.4 mi),Premier Inn (2.4 mi); Appleby Park Hotel (3.6 mi)
Ashby Decoy Golf Club,,The Iron Forge (0.3 mi); Bottesford Football & Social Club Bar (0.8 mi); The Beacon Hotel (1.0 mi),Travelodge Scunthorpe (1.9 mi); Bridge Hotel (2.2 mi); Acasa (2.3 mi)
Carholme Golf Club,,The Pyewipe Inn (0.5 mi); Queen in the West (0.6 mi); The West End Tap (0.8 mi),Pywipe (0.5 mi); The Admiral (0.8 mi); DoubleTree by Hilton Lincoln (1.0 mi)
Holme Hall Golf Course,,Beefeater (0.6 mi); Ashby Lodge (0.8 mi); Sherpa Pub (1.0 mi),Premier Inn (0.6 mi); Acasa (2.4 mi); Briggate Lodge Hotel (2.4 mi)
Kirton Holme Golf Club,,The Four Crossroads (1.1 mi); The Wheatsheaf Inn (1.1 mi); Green Dragon (2.0 mi),The Poachers Country Hotel (0.4 mi); Boston West Hotel (1.3 mi); Supreme Inn (2.6 mi)
Lincoln Golf Club,,White Swan (1.2 mi); Ingleby Arms (1.5 mi); Carpenters' Arms (1.8 mi),Black Swan Guest House (1.6 mi); Grange Cottage Bed & Breakfast (3.7 mi)
Louth Golf Club,,The Wheatsheaf (0.7 mi); The Greyhound (0.7 mi); The Kings Head (0.7 mi),The Travellers B&B (0.7 mi); The Pack Horse (0.9 mi); Priory Hotel (1.1 mi)
Sleaford Golf Club,,The Horseshoes (1.7 mi); Electra Club (2.5 mi); Marquess of Granby PH (2.6 mi),Carre Arms (2.7 mi); Marquis of Granby (2.8 mi); Ancaster Bed & Breakfast (2.8 mi)
Spalding Golf Club,driving range:499m,The Riverside Hotel (0.4 mi); The Ship Inn (0.8 mi); The Mermaid Inn (1.2 mi),Woodhouse Farm Lodge (2.9 mi); Travelodge (2.9 mi); The Woodlands (3.5 mi)
Stoke Rochford Golf Club,,The Cross Swords (2.1 mi); The Blue Horse Inn (2.2 mi); The White Lion (2.7 mi),Stoke Rochford Hall (0.3 mi); Travelodge Colsterworth (3.1 mi)
Alder Root Golf Course,,The Vulcan Inn (0.4 mi); Victoria pub (0.9 mi); The Swan (1.0 mi),"Premier Inn, Warrington North East (1.0 mi); Premier Inn (1.3 mi); Kirkfield Hotel (1.4 mi)"
Bromborough Golf Club,,The Dibbinsdale (0.7 mi); Merebrook (0.8 mi); The Hop (0.9 mi),Mere Brook House (0.9 mi); Woodlands (1.4 mi); The Royal Oak Hotel (1.6 mi)
Caldy Golf Club,,Cottage Loaf (1.2 mi); Hickory's Smokehouse (1.3 mi); Ring O'Bells (1.3 mi),Hillbark Hotel (1.2 mi); 21 Park House Guest House (1.6 mi); Peel Hey (1.8 mi)
Prenton Golf Course,,The Swan (0.7 mi); The Halfway House (0.9 mi); Mersey Clipper (1.0 mi),RiverHill Hotel and Bay Tree Restaurant (1.1 mi); The Bebington Hotel (1.6 mi); The Bebington Hotel (1.6 mi)
Wallasey Golf Club,driving range:234m,Farmers Arms (0.6 mi); The Lighthouse (0.6 mi); The Nelson (0.7 mi),Grove House Hotel (0.7 mi); Leasowe Castle Hotel (1.3 mi); Albion Guest House (1.5 mi)
Wirral Golf Club,,The Claughton Hotel (0.6 mi); Caernarfon Castle (0.6 mi); The Wirral Hundred (0.7 mi),RiverHill Hotel and Bay Tree Restaurant (0.9 mi); Premier Inn (1.9 mi); Premier Inn Birkenhead (1.9 mi)
Gorleston Golf Club,,The Turnstone (0.7 mi); The White Hart (0.8 mi); The Belle Vue Inn (1.5 mi),Travelodge (0.8 mi); Potter's Leisure Resort (1.1 mi); Cliff Hotel (1.4 mi)
Hunstanton Golf Club,,The White Horse (0.8 mi); The Ancient Mariner Inn (0.9 mi); The Wash & Tope (2.0 mi),Caley Hall Hotel (0.7 mi); Le Strange Arms hotel (0.9 mi); Ashleigh Lodge (1.7 mi)
Sheringham Golf Links,,The Jolly Tar (0.9 mi); The Tyneside Club (0.9 mi); The Robin Hood (0.9 mi),Ramey (0.6 mi); Sandrock House (0.9 mi); The Two Lifeboats Hotel (0.9 mi)
Market Harborough Golf Club,,The George (0.9 mi); The Royalist (1.0 mi); The Cherry Tree (1.5 mi),Travelodge (1.6 mi); The Angel Hotel (1.6 mi); Dingley Lodge (2.7 mi)
Overstone Park Golf Club,driving range:228m,The Gallery (0.5 mi); Overstone Manor (0.7 mi); The Elwes Arms (1.4 mi),Travelodge Northampton Round Spinney (1.1 mi); The Worlds End (1.4 mi); The Poplars Hotel (1.8 mi)
Whittlebury Hall Golf Course,driving range:241m,Fox & Hounds (0.6 mi); The White Horse (1.6 mi); Barley Mow (2.5 mi),Whittlebury Hall (0.2 mi); Hilton Garden Inn Silverstone (1.3 mi); Pembury House B&B (1.4 mi)
Easingwold Golf Club,,The York (1.3 mi); The Commercial (1.4 mi); The Durham Ox (1.7 mi),The George Hotel (1.3 mi); The Old Vicarage (1.4 mi); New Inn Motel (2.1 mi)
Selby Golf Club,,The Fox (0.8 mi); Wheatsheaf Inn (1.3 mi); Grey Horse (1.4 mi),The Owl (1.9 mi); Sallow Tree House (2.3 mi); The Wishing Well (2.4 mi)
Bridgnorth Golf Club,,The Bear (1.0 mi); Golden Lion Inn (1.0 mi); The Bandon Arms (1.0 mi),Parlors Hall Hotel (1.1 mi); The Croft B&B (1.1 mi); Stoneway Guest House (1.1 mi)
Church Stretton Golf Club,,Old Coppers Malt House (0.8 mi); Yew Tree Inn (0.8 mi); The Bucks Head (0.8 mi),Oakbank Motel (0.8 mi); Jinlye Guest House (0.8 mi); Victoria House (0.9 mi)
The Wrekin Golf Club,,Red Lion (0.7 mi); The Wickets Inn (0.7 mi); The Old Orleton (0.8 mi),Buckatree Hall Hotel (0.5 mi); Clairmont Guest House (1.0 mi); Telford Whitehouse (1.2 mi)
Enmore Park Golf Club,,Tynte Arms (0.5 mi); The Enmore Inn (0.9 mi); The Lamb Inn (1.2 mi),Robin Hoods Hut (1.5 mi); The Grange (2.3 mi); The friendly spirit (2.5 mi)
Long Sutton Golf Club,driving range:398m,The Lime Kiln Inn (0.9 mi); The Bell Inn (2.3 mi); The Halfway House (2.4 mi),The Devonshire Arms (0.6 mi); Ash House (2.4 mi); Harleys Court Cottages (2.6 mi)
Oake Manor Golf Course,driving range:286m,Royal Oak (0.6 mi); The Anchor Inn (0.8 mi); The Chapel (1.7 mi),The Anchor Inn (0.8 mi); Wick House (2.1 mi); The Blackbird Inn (2.4 mi)
Weston-super-Mare Golf Club,practice ground:341m,The Dolphin (0.4 mi); The Ship Inn (0.4 mi); The Bear Inn (1.0 mi),Uphill Manor (0.3 mi); Weston Bay Hotel (1.0 mi); The Grand Atlantic Hotel (1.2 mi)
Rotherham Golf Club,,The Lord Reresby (1.0 mi); The Earl of Strafford (1.1 mi); The High House (1.5 mi),Home (1.5 mi); Fitzwilliams Arms Hotel (2.2 mi); Premier Inn (2.9 mi)
Sandhill Golf Course,driving range:355m,Sandhill Tavern (0.4 mi); The Houghton Arms (0.6 mi); Cross Keys (1.1 mi),Premier Inn Barnsley (2.3 mi); Holiday Inn Express Rotherham North (2.6 mi); Travelodge Barnsley (3.6 mi)
Silkstone Golf Course,,Engineers Arms (0.8 mi); Dodworth Tap (0.8 mi); Dodworth Central Social Club (0.9 mi),Hotel Nineteen (0.4 mi); Holiday Inn (0.9 mi); Travellers Inn (0.9 mi)
Tankersley Park Golf Course,,Miners Arms (0.7 mi); The Pack Horse (0.7 mi); Thorncliffe Sports Club (0.8 mi),Premier Inn Sheffield/Barnsley (0.9 mi); Staindrop Lodge Hotel (1.0 mi); Whitley Hall Hotel (2.4 mi)
Waterfront Golf,,The Bluebell (0.4 mi); The Red Lion (0.7 mi); The Church House (0.7 mi),Holiday Inn Express Rotherham North (0.5 mi); Premier Inn Barnsley (1.5 mi); Squires & Churchills Hotel (2.3 mi)
Aston Wood Golf Club,driving range:284m,The Quill & Taper (0.5 mi); The Crown (1.2 mi); The Butlers Arms (1.4 mi),Fairlawns Hotel & Spa (1.9 mi); Moor Hall Hotel & Spa (2.5 mi); Holiday Inn Express (3.1 mi)
Barlaston Golf Club,,The Plume of Feathers (0.7 mi); Duke of York (1.1 mi); George & Dragon (1.3 mi),The Upper House Hotel (0.9 mi); Travelodge (2.2 mi); Premier Inn (2.2 mi)
Beau Desert Golf Club,,The Trafalgar (0.9 mi); Bell and Bottle (1.2 mi); Victoria WMC (1.3 mi),The Joshua Tree (1.3 mi); Cross Keys (1.6 mi); Travelodge (3.1 mi)
Brocton Hall Golf Club,,Chetwynd Arms (0.5 mi); Seven Stars (0.6 mi); Barley Mow (1.0 mi),"Moat House, Acton Trussell (2.2 mi); Holiday Inn Express Stafford (2.3 mi); Travelodge (2.8 mi)"
Burslem Golf Course,,Chatterley Whitfeld (0.9 mi); The King's Head (0.9 mi); Vale Social (0.9 mi),The George Hotel (1.3 mi); DoubleTree by Hilton Stoke on Trent (2.5 mi); Best Western Stoke-on-Trent City Centre Hotel (2.5 mi)
Greenway Hall Golf Club,driving range:470m,The Sportsman (0.5 mi); Rose & Crown (0.7 mi); Travellers Rest (1.0 mi),The George Hotel (3.2 mi); Best Western Stoke-on-Trent City Centre Hotel (3.3 mi); Hilton Garden Inn Stoke on Trent (3.5 mi)
Lichfield Golf & Country Club,,Red Lion (0.9 mi); Swan with Two Necks (1.4 mi); The Hedgehog (1.7 mi),The Stables (1.8 mi); Netherstowe House (2.2 mi); Cathedral Lodge Hotel (2.2 mi)
Uttoxeter Golf Course,driving range:260m,The Steeplechase (1.1 mi); The Old Swan (1.1 mi); Old Star (1.1 mi),Oldroyd Guest House (1.0 mi); The Bank House Hotel (1.1 mi); The Hart at Uttoxeter (1.2 mi)
Brett Vale Golf Course,,The Queen's Head (1.5 mi); Queens Head (1.9 mi); The Anchor (2.3 mi),Holbecks House B&B (2.7 mi); Edge Hall (2.7 mi); Rosemary (2.9 mi)
Diss Golf Club,,Ampersand Brew Co (0.5 mi); The Crossways Inn (0.8 mi); Waterfront Inn (1.3 mi),Scole Inn Hotel (0.9 mi); Brome Grange Hotel (1.4 mi); Oaksmere (1.4 mi)
Rushmere Golf Course,,The Golf Hotel (0.6 mi); The Lattice Barn (0.7 mi); The Brickimaker's Arms (0.9 mi),The Harp (1.1 mi); Lattice Lodge Guest House (1.2 mi); Grove Guest House (1.7 mi)
Ansty Golf Centre,driving range:337m,Shilton Arms (0.5 mi); Rose and Castle (0.5 mi); The Pheasant (1.8 mi),Ansty Hall (0.4 mi); The Orangery (0.4 mi); Nettle Hill (0.8 mi)
Atherstone Golf Club,,Maid of the Mill (0.7 mi); The Old Swan (0.9 mi); White Horse (0.9 mi),The Red Lion (0.9 mi); Chapel House Hotel (1.0 mi); The Old House (1.5 mi)
Coventry Golf Club,,The Old Mill (0.5 mi); The Oak (0.6 mi); The Festival (0.8 mi),The Old Mill (0.5 mi); Premier Inn (0.9 mi); Ibis Coventry South (1.7 mi)
Maxstoke Park Golf Course,driving range:406m,The Plough (1.2 mi); The Red Lion (1.4 mi); The Green Man (1.5 mi),Priory Farmhouse (1.3 mi); Blythewood Guest House (1.4 mi); The Coach Hotel (1.4 mi)
Rugby Golf Club,,The Clifton Inn (0.4 mi); The Jolly Abbot (0.7 mi); The Bull Inn (0.7 mi),Travelodge Rugby Central (0.9 mi); Grosvenor Hotel (0.9 mi); The Carlton (1.0 mi)
Stratford Oaks Golf Course,,The Snitterfield Arms (1.2 mi); The Red Lion (2.4 mi); New Inn (2.5 mi),Holly Tree Cottage B&B (1.4 mi); Shakespeare's View B&B (1.5 mi); The Hill Cottage B&B (1.5 mi)
Stratford on Avon Golf Club,,The Crown (0.5 mi); The Bear (0.7 mi); Pen and Parchment (rooms) (0.8 mi),MacDonald Alveston Manor Hotel (0.6 mi); Stratford Limes Hotel (0.6 mi); Crowne Plaza (0.7 mi)
The Welcombe Golf Club,,The Crown (0.7 mi); Pen and Parchment (rooms) (1.0 mi); Pen and Parchment (1.0 mi),The Welcombe (0.3 mi); Stratford Limes Hotel (0.8 mi); Ingon Bank Farm (0.8 mi)
Copsewood Grange Golf Course,,The Millpool (0.3 mi); Miners Arms (0.4 mi); Standard Bearer (0.5 mi),Travelodge (0.6 mi); Croft on the Green (0.9 mi); Cocked Hat (1.2 mi)
Edgbaston Golf Course,,Twelfth Man (0.5 mi); Joe's Bar (0.6 mi); Selly Park Tavern (0.6 mi),Lucas House (0.3 mi); Edgbaston Park Hotel and Conference Centre (0.4 mi); Lakeside Hotel (0.4 mi)
Harborne Golf Club,,Island Inn (0.4 mi); The Bell (0.5 mi); Court Oak Pub (0.7 mi),Harborne Hall Hotel (0.6 mi); Innkeeper's Lodge (1.3 mi); The Belmont Hotel (1.6 mi)
Sandwell Park Golf Club,,The Royal Oak (0.8 mi); Prince of Wales (0.9 mi); Crown and Cushion (0.9 mi),Mercure Birmingham West Hotel (0.4 mi); 102 Beeches Road Guest House (0.7 mi); The Farcroft (1.2 mi)
Walmley Golf Club,,The Fox (0.6 mi); The Yenton (0.8 mi); The Digby (0.9 mi),Ramada Birmingham Sutton Coldfield (0.4 mi); Westfield Court Hotel (0.5 mi); New Hall Hotel (0.8 mi)
Baildon Golf Club,,The Malt Shovel (0.2 mi); The Copper Beech Club (0.2 mi); The Angel (0.2 mi),Hudsons Arms (0.9 mi); Ford House Farm Bed & Breakfast (1.0 mi); Hollins Hall Hotel (1.4 mi)
Dewsbury Golf Course,,The Woolpack Inn (0.5 mi); The Bulls Head (0.8 mi); The Flower Pot (1.0 mi),315 Bar and Restaurant (2.3 mi); Geordie Pride (2.9 mi); Heath Cottage Hotel (3.2 mi)
Garforth Golf Club,,Amaranth Football & Cricket Club (0.6 mi); The Miners (1.1 mi); Garforth Country Club (1.1 mi),Myrtle House B And B (1.1 mi); Thorpe Park Hotel (1.7 mi); Holiday Inn (1.9 mi)
Headingley Golf Club,,Adel War Memorial Association (0.8 mi); The New Inn (1.3 mi); Moortown Social Club (1.4 mi),Mercure Parkway Leeds (0.7 mi); Weetwood Hall (2.0 mi); Village Hotel Leeds North (2.2 mi)
Horsforth Golf Course,,Emmott Arms (0.8 mi); Stone Trough (1.0 mi); The White Swan (1.1 mi),Premier Inn (0.8 mi); Travelodge Leeds Bradford Airport (1.0 mi); Peasehill House (1.2 mi)
Longley Park,,Rhubarb (0.5 mi); The Warehouse (0.5 mi); Parish (0.5 mi),Premier Inn Huddersfield Central (0.4 mi); The Huddersfield Hotel (0.6 mi); Cambridge Lodge (1.1 mi)
Low Laithes Golf Course,,The Crown (0.5 mi); Alverthorpe Working Mens Club (0.6 mi); The Blue Light (0.6 mi),Ramada (0.4 mi); Holiday Inn (0.6 mi); Mews Hotel (1.3 mi)
Wakefield Golf Club,,Pledwick Well Inn (0.5 mi); The Dam Inn (0.6 mi); The Walnut Tree (0.6 mi),Hotel St Pierre (0.9 mi); Waterton Park Hotel (1.4 mi); Waterton Park Hotel (1.4 mi)
Whitwood Golf Club,,The Rising Sun (0.5 mi); White Lion (1.1 mi); The Commercial Hotel (1.2 mi),Ibis Wakefield East (0.6 mi); Station Lodge (1.9 mi); Premier Inn (2.3 mi)
Churchill & Blakedown Golf Club,,Swan Inn (0.4 mi); The Old House at Home (0.4 mi); The Park Gate (1.4 mi),Premier Inn (3.1 mi); Travelodge (3.4 mi); Dunsley Hall (3.5 mi)
Droitwich Golf Course,,The Gardeners Arms (0.7 mi); Railway Inn (0.7 mi); Mason's Arms (0.8 mi),Chateau Impney Hotel (0.8 mi); Travelodge (0.9 mi); Raven Hotel (1.0 mi)
Gaudet Luce Golf Course,driving range:424m,Ale Hub (0.6 mi); Eagle & Sun (0.8 mi); Barley Mow (0.9 mi),Raven Hotel (1.0 mi); St Andrew's Town Hotel (1.1 mi); Chateau Impney Hotel (1.1 mi)
The Abbey Hotel,,Meadow Farm (0.6 mi); The Oast House (1.0 mi); The Queens Head (1.1 mi),The Abbey Hotel (0.3 mi); Premier Inn (0.6 mi); Holiday Inn Express (1.1 mi)
Bewdley Pines Golf Club,,The Rising Sun (0.7 mi); The Old Waggon and Horses (0.8 mi); Wribbenhall Social Club (1.0 mi),Mercure Kidderminster (0.5 mi); The Rock House Retreat (1.1 mi); The Black Boy Hotel (1.2 mi)
Kingsknowe Golf Course,,The Kingsknowe (0.4 mi); Tanners (0.6 mi); Westsider (0.6 mi),Premier Inn Edinburgh Park (1.7 mi); Travelodge (1.7 mi); Novotel Edinburgh Park (1.8 mi)
Prestonfield Golf Course,restaurant:51m,Grey Horse (0.4 mi); Sheep Heid Inn (0.5 mi); Oman's (0.6 mi),Prestonfield House (0.0 mi); Airdenair Guest House (0.4 mi); Rosevale Guest House (0.4 mi)
The Royal Burgess Golfing Society of Edinburgh,,The Clermiston (0.9 mi); Mid Yoken Pub (0.9 mi); Ye Olde Inn (1.0 mi),Acelyn (0.3 mi); Ingleneuk (0.5 mi); Leonardo Hotel Edinburgh Murrayfield (1.0 mi)
Bruntsfield Links,driving range:500m,Ye Olde Inn (0.7 mi); Cramond Inn (0.8 mi); The Norhet (0.8 mi),Acelyn (0.8 mi); Ingleneuk (0.9 mi); Leonardo Hotel Edinburgh Murrayfield (1.1 mi)
Murrayfield Golf Course,,Winstons (1.0 mi); White Lady (1.0 mi); The Torfin (1.0 mi),Twin Lions Hotel (0.4 mi); Holiday Inn Edinburgh (0.5 mi); Murrayfield Park Guest House (0.6 mi)
Duddingston Golf Course,,Oman's (0.5 mi); Sheep Heid Inn (0.5 mi); The Scottie Pub (1.1 mi),The Gates B&B (0.3 mi); Lady Nairne Premier Inn (0.4 mi); Ardblair B&B (0.7 mi)
Newmachar Golf Club,driving range:243m,Beekies Neuk (1.7 mi); The New Greentrees (2.3 mi); Spider's Web (2.5 mi),Newmachar Hotel (1.9 mi); Pinehurst Lodge (2.0 mi); Station View Guest House (2.5 mi)
Deeside Golf Club,,The Bieldside (0.5 mi); Brig 'O' Dee (2.6 mi); The Ploughman (2.8 mi),Ardoe House Hotel and Spa (0.5 mi); Cults Hotel (0.8 mi); West Lodge Guest House (1.4 mi)
Portlethen Golf Club,practice ground:406m,Mains of Balquharn (0.2 mi); Leathan Arms (0.6 mi); The Paddock (0.7 mi),Premier Inn (0.1 mi); Ardoe House Hotel and Spa (3.0 mi); Cove Bay Hotel (3.4 mi)
Pollok Golf Course,,Quaich (1.2 mi); The Millwood (1.4 mi); The James Tassie (1.4 mi),Sherbrooke Castle Hotel (1.4 mi); Glasgow Urban Hotel (1.7 mi); Ivory Hotel (1.8 mi)
Clober Golf Club,,Fullbacks (0.8 mi); The Talbot Arms (0.8 mi); Jaw Brew (0.9 mi),Best Foot Forward (1.1 mi); Premier Inn Milngavie (1.2 mi); Premier Inn Bearsden (1.4 mi)
Douglas Park Golf Club,,The Burnbrae (0.4 mi); The Tickled Trout (0.9 mi); Jaw Brew (1.0 mi),Premier Inn Bearsden (0.4 mi); Premier Inn Milngavie (0.6 mi); Boclair House Hotel (0.8 mi)
Paisley Golf Club,,The Killoch Bar (1.9 mi); The Auld House (1.9 mi); Lord Lounsdale (2.0 mi),Gleniffer Hotel (1.4 mi); Dalmeny Park Country House Hotel (2.0 mi); Broadstone House (2.3 mi)
Panmure Links,,The Craw's Nest (1.1 mi); Corner Hotel (1.7 mi); Stag's Head Inn (1.8 mi),Morven House (1.9 mi); Carnoustie Golf Hotel (2.0 mi); 19th Hole Hotel and Restaurant (2.1 mi)
Machrihanish Links,,The Old Clubhouse (0.9 mi),Ugadale Hotel (0.8 mi); Ugadale Cottages (0.9 mi); Ballygreggan Country House Hotel (2.1 mi)
Broomieknowe Golf Course,driving range:377m,Laird & Dog (0.6 mi); The Anvil Inn (0.7 mi); Calderwood (0.7 mi),Premier Inn (0.3 mi); Melville Castle (0.5 mi); The Retreat (1.1 mi)
Hayston Golf Club,,Kirky Puffer (1.1 mi); The Rambler of Torrance (1.1 mi); Lion and Star (1.2 mi),The Broadcroft Hotel (1.0 mi); Kincaid House Hotel (1.3 mi); Glazert Country House Hotel (2.0 mi)
Turnhouse Golf Club,,Icons Sports Bar (1.1 mi); All Bar One 2 (1.1 mi); BrewDog (1.1 mi),DoubleTree by Hilton Hotel Edinburgh Airport (1.2 mi); Ibis Budget Edinburgh Park (1.2 mi); Delta Hotels Edinburgh (1.2 mi)
Littlehill Golf Course,,The Cairn Bar (0.2 mi); Mallroad House (0.3 mi); Crow Tavern (0.8 mi),Claremont House (2.2 mi); Onslow Bed & Breakfast (2.3 mi); Cathedral House Hotel (2.4 mi)
Campsie Golf Club,,The Drrokit Dug (0.6 mi); Commercial Inn (0.6 mi); The Rambler of Torrance (3.0 mi),Glazert Country House Hotel (0.8 mi); Kincaid House Hotel (2.1 mi); The Broadcroft Hotel (3.3 mi)
Dundas Parks Golf Club,,Queens Retreat (0.9 mi); Bridges Pool Hall (0.9 mi); The Ferry Tap (1.2 mi),Dundas Castle (0.3 mi); Dakota (0.7 mi); Premier Inn (0.8 mi)
Ratho Park Golf Club,,The Bridge Inn (0.8 mi); Heriot Watt Student Union (1.7 mi); All Bar One 2 (1.9 mi),The Bridge Inn (0.8 mi); Kellerstain Stables (1.1 mi); Norton House Hotel (1.2 mi)
Gogarburn Golf Course,,All Bar One 2 (1.2 mi); Icons Sports Bar (1.3 mi); The Sir Walter Scott (1.3 mi),Kellerstain Stables (0.6 mi); DoubleTree by Hilton Hotel Edinburgh Airport (0.9 mi); Ibis Budget Edinburgh Park (1.0 mi)
Bonnyton Golf Club,,Best Western Eglinton Arms (1.4 mi); The Cartvale (3.1 mi); Gardenhall Inn (3.1 mi),Best Western Eglinton Arms (1.4 mi); Parklands Hotel & Country Club (2.4 mi); Busby Hotel (3.0 mi)
Mearns Castle Golf Academy,,Maxwells (1.1 mi); The Cartvale (1.1 mi); The White Cart (1.2 mi),Busby Hotel (1.1 mi); Parklands Hotel & Country Club (1.5 mi); Redhurst Hotel (1.6 mi)
Greenock Golf Club,,Cardwell Inn (0.8 mi); The Green Oak (0.9 mi); Horseshoe Bar (0.9 mi),Tontine Hotel (0.7 mi); Ardgowan Bed & Breakfast (0.8 mi); The Harbour Hotel (1.4 mi)
Strathmore Golf Centre,driving range:401m; restaurant:85m,Losset Inn (1.7 mi); Kinloch Arms Hotel (2.3 mi); The Ardler Tavern (2.7 mi),Lands of Loyal (2.0 mi); Kinloch Arms Hotel (2.3 mi); Pete Reilly (2.9 mi)
Brailgowrie Golf Club,,Stormont Arms (1.4 mi); The Dreadnought (1.6 mi); Crown Bar (1.6 mi),Altamount Hotel (1.2 mi); Angus Hotel (1.6 mi); Victoria Hotel (1.6 mi)
Dumfries and Galloway Golf Course,,Devorgilla Lounge (0.7 mi); The Globe Inn (0.7 mi); Salutation Inn (0.7 mi),Glencairn Villa (1.1 mi); Holly Garden (1.1 mi); Lindean House (1.1 mi)
Dundonald Links,,The Ship Inn (1.9 mi); The Auld Brig (2.0 mi); R&A Sports Bar (2.1 mi),Gailes Hotel (0.5 mi); Riverside Lodge Hotel Irvine (1.9 mi); Harbourside Hotel (1.9 mi)
St. Cuthbert Golf Club,driving range:462m,Golf Inn (0.8 mi); Smugglers (0.8 mi); Scruffy Duffy's (0.8 mi),Golf Inn (0.8 mi); Carlton Hotel (0.9 mi); Premier Inn (0.9 mi)
King James VI Golf Club,,Cullach Brewery and Taproom (0.7 mi); The Civvy (0.7 mi); Highlander Sports Bar & Restaurant (0.8 mi),Travelodge (0.8 mi); Salutation Hotel (0.8 mi); Parklands (0.8 mi)
The North Berwick Golf Club,,Golfers Rest (1.0 mi); The Auld Hoose (1.1 mi); The Law (1.1 mi),Marine North Berwick (0.3 mi); Nether Abbey Hotel (0.5 mi); Folly Hotel (0.7 mi)
Wishaw Golf Club,,The Commercial (0.5 mi); The Wishaw Malt (0.9 mi); Cherry Tree (1.1 mi),Dalziel Park Hotel (1.1 mi); Marston's Inn (1.4 mi); Bentley Hotel (2.4 mi)
East Kilbride Golf Club,,Salmon Leap (0.7 mi); C'Mon Inn (0.9 mi); Calderwood Inn (1.1 mi),Premier Inn (0.4 mi); Cornerways (0.4 mi); The Torrance Hotel (1.3 mi)
Pitlochry Golf Course,driving range:435m,The Auld Smiddy Inn (0.6 mi); Moulin Inn (0.6 mi); The Old Mill Inn (0.7 mi),Rowanlea Bed and breakfast (0.3 mi); Pine Trees Hotel (0.4 mi); Torrdarach House (0.5 mi)
Hilton Park Golf Club,,Fullbacks (2.3 mi); The Talbot Arms (2.4 mi); Jaw Brew (2.4 mi),West Highland Way Hotel (1.7 mi); Strathblane Country House (2.2 mi); Kirkhouse Inn (2.2 mi)
Schawpark Golf course,,Mansfield arms (0.8 mi); Oakwood Lounge (0.9 mi); The Bridge Inn (1.5 mi),The Bridge Inn (1.5 mi); Alba Claremont (1.7 mi); Johnstone Arms Hotel (1.8 mi)
Banchory Golf Club,,Burnett Bar & Lounge (0.4 mi); The Stag Bar & Lounge (0.4 mi); Scott Skinner's (1.4 mi),Tor-na-Coille Hotel (0.2 mi); The Douglas Arms Hotel (0.3 mi); Burnett Arms (0.4 mi)
Forres Golf Club,,Kristoff's Bar (0.9 mi); Red Lion Hotel (0.9 mi); Carlton Hotel (0.9 mi),Mayfield B&B (0.7 mi); Victoria Hotel (1.1 mi); April Rise (1.4 mi)
Torphins Golf Club,,Macbeth Arms (2.4 mi),Macbeth Arms (2.4 mi); Boghead Cottage (3.5 mi)
Braehead Golf Club,,The Inn (0.7 mi); The Inn At Cambus (0.7 mi); Abercromby Arms (0.8 mi),Dunmar House Hotel (0.3 mi); Alba Claremont (1.2 mi); Garvally House Guest House (1.2 mi)
Dullatur Golf Course,,The Smiddy Inn (0.9 mi); Red Deer (1.2 mi); The Royal British Legion (1.4 mi),go2 Glasgow Cumbernauld (1.1 mi); Premier Inn Cumbernauld (1.4 mi); DoubleTree by Hilton Glasgow Westerwood Spa & Golf Resort (1.5 mi)
Longniddry Golf Course,,British Legion (0.6 mi); Longniddry Inn (0.6 mi); Seaglass Inn (1.7 mi),Anchorage B&B (1.9 mi); Wheatrig Bed & Breakfast (2.0 mi); The Leddie (2.9 mi)
Nunfield Golf Course,,Hazeldean House (0.6 mi); The Last Post (0.8 mi); Déjà vu (0.8 mi),Rivendell (0.1 mi); Hamilton House (0.6 mi); Dumfries Villa (0.7 mi)
Huntly Golf Club,,Royal Oak (0.6 mi); Gordon Arms (0.7 mi),Castle Huntly Hotel (0.4 mi); Glenburn Guesthouse (0.5 mi); Gordon Arms (0.7 mi)
Duff House Royal Golf Club,,The Aul Fife (0.4 mi); The Market Arms (0.5 mi); Castle Bar (0.7 mi),Banff Springs Hotel (0.9 mi); Parkhotel Macduff (1.1 mi); Knowes Hotel (1.3 mi)
Inverurie Golf Club,,The Gordon Highlander (0.6 mi); Black Bull Inn (0.6 mi); Commercial (0.7 mi),Strathburn Hotel (0.6 mi); Banks Of Ury (0.8 mi); Kintore Arms (0.8 mi)
Peebles Golf Club,driving range:351m,The Bridge Inn (0.7 mi); Crown Hotel (0.8 mi); County Inn (0.8 mi),Lindores Guest House (0.6 mi); Neidpath Inn (0.6 mi); Rowanbrae (0.7 mi)
Alford Golf Club,,,Haughton Arms Hotel (0.4 mi)
Elie Golf Course,driving range:489m,The 19th Hole (0.2 mi); Station Buffet Bar (0.8 mi); Ship Inn (0.9 mi),Mayview Hotel (3.1 mi); Bayview B&B (3.1 mi)
Lilliardsedge Holiday Park & Golf Course,,The Ancrum Cross Keys (1.4 mi),Buccleuch Arms Hotel (3.0 mi); Dryburgh Abbey Hotel (3.6 mi)
Milnathort Golf Club,driving range:240m,Jolly Beggars (0.2 mi); The Village Inn (0.3 mi); The Muirs Inn (1.0 mi),The Thistle (0.2 mi); The Village Inn (0.3 mi); The Green Hotel (1.1 mi)
Paul Lawrie Golf Centre,driving range:107m,The Bieldside (1.1 mi); Brig 'O' Dee (2.0 mi); The Abergeldie Bar (2.3 mi),Ardoe House Hotel and Spa (0.5 mi); Cults Hotel (0.5 mi); Norwood Hall Hotel (0.8 mi)
Nairn Golf Club,,Brackla Hotel (1.6 mi),Altonsyde House (0.6 mi); Golfview Hotel (0.8 mi); Newton Hotel (0.9 mi)
Nairn Dunbar Golf Course,,Brackla Hotel (0.6 mi),Brighton House (0.8 mi); Fairhaven B&B (0.8 mi); Braeval Hotel (0.9 mi)
Lanark Golf Club,driving range:162m,Clydesdale Inn (1.4 mi); Crown Tavern (1.4 mi); The Village Inn (2.6 mi),St. Catherines B&B (1.0 mi); Delves Park House (1.3 mi); New Lanark Mill Hotel (1.6 mi)
Erskine Golf Club,,The Bay Inn (0.8 mi); The Glen Lusset (1.6 mi); The Mountblow (2.5 mi),Mar Hall Hotel (0.7 mi); Travelodge (1.3 mi); Ingliston Country Club (1.4 mi)
Lochmaben Golf Club,,,Crown Hotel (0.5 mi); Kings Arms Hotel (0.5 mi); Dryfesdale House (3.3 mi)
Stonehaven Golf Club,,Queen's Hotel (1.5 mi),Number 44 (1.4 mi); Rooms at 31 (1.4 mi); Queen's Hotel (1.5 mi)
Harburn Golf Club,,Commercial Inn (1.8 mi); The Central Inn (1.8 mi); Railway Inn (1.8 mi),Bankton House Hotel (3.4 mi); Marston's (3.4 mi); Travelodge (3.6 mi)
The West Kilbride Golf Club,,The Twa Dugs (0.9 mi); The Kings (1.0 mi),Seamill House Hotel (0.8 mi); Seamill Hydro (0.8 mi); The Waterside (1.6 mi)
2019 Course,,The Fife Arms (1.0 mi); The Elbow Room (1.0 mi); Weavers (1.2 mi),Oswald House Hotel (0.2 mi); Strathearn Hotel (1.4 mi); Victoria Hotel (1.4 mi)
Falkirk Tryst Golf Club,,Ochilview Bar (0.2 mi); Talk O the Toon (0.4 mi); The Bruce (0.7 mi),The Plough Hotel (0.3 mi); The Station Hotel (0.7 mi); Premier Inn (0.7 mi)
Cowden,driving range:463m,The Inn (2.2 mi); The Dollar Inn (2.7 mi),Baldiesburn Bed & Breakfast (0.4 mi); Arndean Cottages (2.1 mi); Ochil Cottage (2.1 mi)
Cupar Golf Club,,Golf Tavern (0.4 mi); Station Bar (0.6 mi); The Parsonage Bar (0.7 mi),Mansfield Bed And Breakfast (0.4 mi); Meadowside Bed And Breakfast (0.5 mi); Brae Cottage (0.8 mi)
Dalziel Golf Course,,Kelly's (0.8 mi); The Raven's Cliff (1.1 mi); The Commercial (1.4 mi),Dalziel Park Hotel (0.2 mi); Marston's Inn (1.1 mi); Bentley Hotel (2.3 mi)
Boat of Garten Golf and Tennis Club,,,The Boat (0.3 mi); Docharn Lodge (1.8 mi); Fairwinds (3.5 mi)
Innerleithen Golf Club,,Out Out (1.4 mi); Henry Ballantyne Club (2.0 mi),Caddon View (1.4 mi); Glede Knowe Guest House (1.4 mi); Traquair Arms Hotel (1.6 mi)
Kirriemuir,,Roods Bar (1.1 mi); Three Bellies Brae (1.2 mi); Kerymor Tavern (1.5 mi),Airlie Arms Hotel (1.1 mi); The Thrums (1.1 mi); Cortachy House (2.4 mi)
Kirkintilloch Golf Club,,Kirky Puffer (1.0 mi); Lion and Star (1.1 mi); The Redbrae (1.2 mi),Kincaid House Hotel (0.7 mi); The Broadcroft Hotel (0.8 mi); Glazert Country House Hotel (1.8 mi)
Kirkhill Golf Club,,The Lawburn (0.8 mi); Auld Cathkin (1.1 mi); The John Fairweather (1.2 mi),Cornerways (1.0 mi); Premier Inn (1.5 mi); Burnside Hotel (1.6 mi)
Callander Golf Club,,Crown Bar (0.7 mi); The Riverside Inn (0.8 mi); The Lade Inn (1.8 mi),Abbotsford Lodge (0.2 mi); Green Bank (0.2 mi); CORRIEMAR (0.3 mi)
Newburgh Golf Club,,,Newburgh Inn (0.2 mi); MacLeod Lodge (2.9 mi); MacLeod House (3.0 mi)
Clydebank & District Golf Course,,The Goldenhill (0.5 mi); The Dublet (0.5 mi); The Glenhead Tavern (0.9 mi),Hardgate House Hotel (0.4 mi); West Park Hotel (0.8 mi); Golden Jubilee Conference Hotel (1.8 mi)
Falkirk Golf Club,,Mariner Bar (0.5 mi); The Commercial Hotel (0.7 mi); The Canal Inn (0.8 mi),The Station Hotel (0.8 mi); Premier Inn (1.0 mi); The Plough Hotel (1.1 mi)
Dougalston Golf Course,,Jaw Brew (0.6 mi); The Talbot Arms (0.8 mi); Fullbacks (0.8 mi),Best Foot Forward (0.6 mi); Premier Inn Milngavie (0.9 mi); Premier Inn Bearsden (1.1 mi)
Airdrie Golf Club,,The Thistle Bar (0.9 mi); Stirrup Stane (1.0 mi); The Ram's Head (1.1 mi),Tudor Hotel (1.3 mi); Knight's Rest (1.4 mi); Mondo (2.1 mi)
Tarland Golf Club,driving range:313m,,Aberdeen Arms Hotel (0.4 mi); The Commercial Hotel (0.5 mi); Douneside House (1.0 mi)
Aboyne Golf Course,,The Boat (1.1 mi),Lodge on the Loch Hotel (0.4 mi)
Craibstone Golf Course,,The Granite City (1.6 mi); Four Mile Inn (1.8 mi); The Bankhead Inn (1.9 mi),Hampton by Hilton Aberdeen Airport (1.2 mi); Premier Inn (1.4 mi); Courtyard by Marriott (1.4 mi)
Brora Golf Club,,,Royal Marine Hotel (0.8 mi); Sutherland Inn (1.0 mi)
Isle of Skye Golf Club,,Raasay Bar (3.0 mi),Sconser Lodge (0.4 mi); Oystercatcher House (2.7 mi); Allt Arais (2.7 mi)
Stranraer Golf Club,,Commercial Inn (1.9 mi); Golden Cross (2.0 mi); Custom House (2.0 mi),The Swan Inn (1.6 mi); Lochview Guest House (1.7 mi); Neptune's Rest (1.8 mi)
Buckpool Golf Club,,The Harbour Bar (0.6 mi); The Star Inn (0.8 mi); Thistle Bar (1.0 mi),The Brig and Barrel Hotel (0.8 mi); Cluny House (1.1 mi); Old Coach House Hotel (1.1 mi)
Garmouth & Kingston Golf Course,,,Garmouth Hotel (0.3 mi); The Mill House Hotel (3.3 mi); Gordon Arms Hotel (3.6 mi)
Gleneagles Golf Resort,,The Niblick (2.2 mi),Gleneagles Hotel (0.3 mi); Cairn Lodge Hotel (1.5 mi); Duchally House Hotel (1.7 mi)
Hollandbush Golf Course,,Black Bull (1.8 mi),
Tillicoultry Golf Club,driving range:190m,The Royal Arms (0.3 mi); The Bridge Inn (0.3 mi); Woolpack Inn (0.3 mi),The Bridge Inn (0.3 mi); Johnstone Arms Hotel (1.6 mi); Alba Claremont (3.1 mi)
Strathendrick Golf Club,,The Clachan Inn (0.8 mi); The Clachan (0.8 mi),Altquhur Byre (0.6 mi); Buchanan Arms Hotel (0.6 mi); The Hawthorns (0.7 mi)
Blair Atholl Golf Club,,Bothy Bar (0.5 mi),Ptarmigan house (0.2 mi); The Firs (0.3 mi); Bridge of Tilt Hotel (0.4 mi)
Largs Golf Course,,Macaulay's (1.4 mi); Drouthy Neebors (1.4 mi); The George (1.5 mi),Haylie Hotel (0.7 mi); Brisbane House (1.6 mi); Millport Pier Hotel (3.6 mi)
Ballindalloch Castle Golf Course,,,The Delnashaugh Hotel (0.3 mi); Woodville B&B (0.8 mi)
Strathaven Golf Club,,Glassford Inn (1.7 mi); The Chapelton Inn (1.8 mi),Strathaven Hotel (0.5 mi)
Braemar Golf Club,,,Cranford Guest House (0.6 mi); Callater Lodge (0.7 mi); Ivy Cottage (0.7 mi)
St Michaels Golf Club,,Commerical Arms (0.6 mi); Bulmullo Inn (1.3 mi); Guardbridge Inn (2.1 mi),Ye Olde Hotel (0.6 mi); Pinewood Country House (0.8 mi); Milton Lea Bed And Breakfast (1.0 mi)
Edzell Golf Club,,,Glenesk Hotel (0.5 mi); Kinnaber B&B (0.6 mi); Panmure Arms Hotel (0.8 mi)
Ballumbie Castle Golf Course,driving range:352m,The Dolphin (1.5 mi); The Boars Rock (1.9 mi); The Cutty Sark (1.9 mi),Taychreggan Hotel (1.9 mi); Premier Inn Dundee East (2.2 mi); The Hotel Broughty Ferry (2.2 mi)
Forbes of Kingennie Golf Course,,Brewers Fayre (1.7 mi); The Bell Tree (2.2 mi); The Milton (2.5 mi),Forbes of Kingennie Country Resort (0.1 mi); Monifieth Farm Hotel (1.7 mi); Premier Inn Dundee East (2.2 mi)
Buchanan Castle Golf Club,driving range:93m,The Clachan (1.1 mi); The Clachan Inn (1.1 mi),Green Shadows B&B (0.3 mi); Bramblewood (0.9 mi); Winnock Hotel (1.1 mi)
East Renfrewshire Golf Club,driving range:374m,Capelrig Pub (2.1 mi); The Killoch Bar (3.0 mi),Premier Inn - Newton Mearns (2.1 mi); Parklands Hotel & Country Club (2.2 mi); Dalmeny Park Country House Hotel (3.1 mi)
Rowallan Castle Golf Course,,Weston Tavern (1.5 mi); The Fenwick Hotel (1.8 mi); The Kings Arms (2.1 mi),Dalmusternock Farmhouse Bed and Breakfast (1.6 mi); Langside Bed and Breakfast (2.0 mi); Dean Park Guest House (2.4 mi)
Dumbarnie Links,,Railway Inn (1.9 mi); The Auld Inn (1.9 mi); Kinneuchar Inn (2.3 mi),Bayview B&B (0.8 mi); Monturpie Guest House (1.4 mi); The Barnyard (1.7 mi)
Kilmacolm Golf Club,,Gryffe Inn (2.4 mi); The Houston Inn (2.6 mi); Fox and Hounds (2.6 mi),Gleddoch House Hotel and Golf Club (2.2 mi); Ingliston Country Club (3.5 mi)
Loudoun Gowf Club,,,Loudoun Mains Country Club (1.4 mi)
Auchenblae Golf Course,,,"The Turret, Drumtochty Castle Stables (2.2 mi)"
Dunkeld and Birnam Golf Club,,Taybank (0.7 mi); Taybank Beer Garden (0.7 mi); Atholl Arms Hotel (0.7 mi),Taybank (0.7 mi); Royal Dunkeld Hotel (0.7 mi); Tay House (0.7 mi)
Gullane Golf Club,,The Castle Inn (2.7 mi),The Bonnie Badger (0.7 mi); The Watchman (0.7 mi); Greywalls Hotel And Chez Roux (1.3 mi)
The Baird Course,cafe:170m; driving range:29m,The 19th Hole (0.3 mi); Station Buffet Bar (0.4 mi); Ship Inn (0.5 mi),Mayview Hotel (2.5 mi); Bayview B&B (3.3 mi)
Rothes Golf Course,,Highlander Inn (2.6 mi),Eastbank Hotel (0.6 mi); Seafield Arms Hotel (0.7 mi); Speybank B&B (2.6 mi)
Craigmillar Park Golf Club,cafe:28m,John Leslie (0.8 mi); Swany's (0.9 mi); Grey Horse (0.9 mi),Brae Lodge (0.5 mi); Highfield (0.5 mi); Travelodge Cameron Toll (0.6 mi)
Kelso Golf Club,,The Waggon Inn (0.9 mi); 1905 (formerly Red Lion Inn) (0.9 mi); The Cobbles Inn (0.9 mi),Edenbank (0.7 mi); Forestgrove (0.7 mi); Bellevue Guest House (0.8 mi)
Muir of Ord Golf Club,,The Comm (1.9 mi),Muir Bank (0.4 mi); Hillview Park (0.5 mi); Ord Arms Hotel (0.8 mi)
Dunbar Golf Club,,The Pine Marten (1.1 mi); The Station Yard (1.2 mi); The Eagle Inn (1.3 mi),Broxmouth House (0.2 mi); Dunmuir Hotel (1.0 mi); Marston's Inn (1.1 mi)
Mortonhall Golf Course,,Stable Bar (0.7 mi); Hunter's Tryst (1.0 mi); The Hermitage (1.2 mi),Braid Hills Hotel (0.8 mi); Number 27 Morningside (1.0 mi); Brae Lodge (1.3 mi)
Merchants of Edinburgh Golf Club,,The Waiting Room (0.9 mi); The Hermitage (0.9 mi); Bennets (1.0 mi),Braid Hills Hotel (0.7 mi); Number 27 Morningside (0.8 mi); The Lane (1.1 mi)
Practise area,,The Portcullis (0.3 mi); The Settle Inn (0.4 mi); Nicky-Tams Bar and Bothy (0.4 mi),Stirling Highland Hotel (0.3 mi); Hotel Colessio (0.4 mi); Munro Guest House (0.4 mi)
Balbirnie Park Golf Club,,The Stanes (0.8 mi); Jamie's Bar (0.8 mi); Otter's Head (1.1 mi),Balbirnie House Hotel (0.1 mi); The Laurel Bank Hotel (0.7 mi); Gilvenbank Hotel (0.7 mi)
Inverness Golf Club,,The Fluke (0.2 mi); Corriegarth Hotel (0.5 mi); Brewers Fayre (0.6 mi),Culcabock House (0.0 mi); Wimberley House (0.1 mi); Briar Cottage (0.1 mi)
Elgin Golf Club,,The Kirkie (0.8 mi); Caberfeidh Bar (0.9 mi); Cottar Hoose (1.1 mi),The milton (0.8 mi); The Royal Hotel Elgin (1.2 mi); Laichmoray Hotel (1.2 mi)
King's Acre Golf Course,,Laird & Dog (0.5 mi); Melville Inn (0.9 mi); Mechanic Arms (1.1 mi),Melville Castle (0.5 mi); Premier Inn (0.9 mi); Abbey Lodge (1.0 mi)
West Lothian Golf Course,,The Corbie Inn (1.4 mi); The Four Marys (1.4 mi); Old Post Office Bar (1.4 mi),Bo'mains Farmhouse (0.6 mi); Kirkland House (0.6 mi); Richmond Park Hotel (1.2 mi)
Royal Musselburgh Golf Course,,The Railway Tavern (0.8 mi); Levenhall Arms (1.1 mi); The Brig Inn (1.6 mi),Craigesk (1.4 mi); Arden House (1.6 mi); Anchorage B&B (2.2 mi)
Insch Golf Club,,The Commercial Hotel (0.5 mi),Rothney House B&B (0.4 mi); The Commercial Hotel (0.5 mi)
Drumoig Golf Course,driving range:492m,Brig O' Tay (2.1 mi); Newport Hotel (2.1 mi); Commerical Arms (2.3 mi),Drumoig Golf Hotel (0.0 mi); Pinewood Country House (1.0 mi); Newport Hotel (2.1 mi)
Thornhill Golf Course,,Thornhill Inn (0.7 mi); Farmer's Arms (0.7 mi),Thornhill Inn b&b (0.7 mi); The Buccleuch & Queensberry Arms Hotel (0.7 mi); Trigony House Hotel (1.4 mi)
Linlithgow Golf Club,,The Linlithgow Rose Social Club (0.7 mi); West Port Hotel (0.9 mi); The Black Bitch (0.9 mi),Lumsdaine House (0.8 mi); West Port Hotel (0.9 mi); Star & Garter (1.3 mi)
Brechin Golf Club,,The Stables Lounge Bar (1.0 mi); Hudsons (1.1 mi); The Brechin Arms (1.2 mi),Northern Hotel (1.1 mi)
Torwoodlee Golf Course,,The Ladhope Inn (1.4 mi); Bridge Inn (1.5 mi); Hunters Hall (1.6 mi),Watson Lodge Guest House (1.6 mi); Monorene (1.8 mi); Craigielea Bed and Breakfast (1.9 mi)
Greenburn Golf Course,,The Grange (0.4 mi); Heatherbell Inn (0.5 mi); Lammies (0.5 mi),Hilcroft Hotel (3.5 mi); Station Hotel (3.7 mi)
Auchmill Golf Course,,The Staging Post (0.4 mi); The Lord Byron (0.5 mi); Four Mile Inn (0.8 mi),Constancevilla (0.4 mi); Britannia Hotel (0.5 mi); Travelodge (0.6 mi)
Wee Demon golf course,,Queen of the Loch (0.6 mi); Glenroy bar (0.7 mi); The Tullie Inn (0.8 mi),Cameron House on Loch Lomond (0.4 mi); Marston's Inns (0.6 mi); Arbor travel lodge (0.6 mi)
Downfield,,Birkhill Inn (0.8 mi); Nine Maidens (0.9 mi); The Whip Inn (1.0 mi),Premier Inn Dundee North (0.7 mi); Ibis Budget (0.9 mi); Premier Inn Dundee West (1.8 mi)
Scotscraig Golf Club,,Tayside (0.5 mi); Bell Rock Tavern (0.9 mi); The Fisherman's Tavern (1.8 mi),Number Twenty Three (0.7 mi); The Fisherman's Tavern (1.9 mi); The Fort Hotel (1.9 mi)
Macdonald Spey Valley Championship Golf Course,,Balavoulin (1.4 mi); The Winking Owl (1.4 mi); The Old Bridge Inn (1.9 mi),Macdonald Spey Valley Resort (0.7 mi); Macdonald Spey Valley Resort (0.8 mi); Carn Mhor Bed and Breakfast (1.2 mi)
Bellshill Golf Club,,The Brass Button (0.7 mi); Sparky's Bar & Lounge (0.8 mi); Saints n Sinners (1.0 mi),Alona Hotel (0.9 mi); Holiday Inn Express (1.1 mi); Premier Inn (1.3 mi)
Musselburgh Golf Course,,The Riverside Tavern (0.7 mi); The Horseshoe Inn (0.8 mi); Auld Brig Tavern (0.8 mi),Premier Inn Edinburgh A1 (Musselburgh) (0.9 mi); Arden House (1.2 mi); Craigesk (1.3 mi)
Golspie Golf Club,,,Stags Head Hotel (1.0 mi); Fourpenny Cottage (3.1 mi); Strathview Lodge Bed & Breakfast (3.7 mi)
Ladybank Golf Club,driving range:458m,Ladybank Tavern (0.7 mi); Station Inn (1.7 mi); The Crown (1.7 mi),The Village Inn (2.0 mi); Cantrip Cottage Bed And Breakfast (2.5 mi); The Steadings (2.8 mi)
Pitfirrane Course,,The Inn (0.6 mi); Adamson Hotel (0.7 mi); The Glen Tavern (1.8 mi),Keavil House Hotel (0.4 mi); Adamson Hotel (0.7 mi); The Maltings (0.9 mi)
Maverston Golf Course,,,parrandier (1.1 mi); Garmouth Hotel (2.4 mi); Travelodge (3.5 mi)
Cardiff Golf Club,driving range:124m,The Hollybush Cyncoed (0.4 mi); The Discovery (0.8 mi); The Three Arches (0.9 mi),Travelodge (1.1 mi); Premier Inn Cardiff North (1.2 mi); The Beacon Hotel (1.3 mi)
Clwb Golff Porth Llechog / Bull Bay Golf Club,,The Bull Bay Hotel (0.7 mi); Market Tavern (0.9 mi); Dinorben Arms (1.0 mi),Trecastlle Hotel (0.4 mi); Rhianfa Bed and Breakfast (0.6 mi); The Moorings (0.7 mi)
Mond Valley Golf Club,,Old Glais Inn (0.4 mi); The Globe Inn (0.5 mi); New Inn (1.3 mi),Premier Inn (2.5 mi); Glyn Clydach Hotel (2.6 mi); Mercure Swansea (3.1 mi)
Royal Porthcawl Golf Club,driving range:383m,The Seagull (0.7 mi); The Swan Inn (1.1 mi); Rose and Crown (1.1 mi),Rose and Crown (1.1 mi); Fairways (1.4 mi); Atlantic Hotel (1.5 mi)
Wrexham Golf Club,,The Greyhound (0.8 mi); The Gate Hangs High (0.8 mi); The Cunliffe Arms (1.0 mi),Holt Lodge (1.5 mi); Premier Inn Wrexham (1.6 mi); The Wynnstay Arms Hotel - Marston's Inn (1.9 mi)
Ashburnham Golf Club,,The Pembrey Inn (0.4 mi); Red Lion Inn (0.5 mi); Hope & Anchor (1.3 mi),Ashburnham Hotel (0.6 mi)
Vale of Llangollen Golf Club,restaurant:184m,Sun Trevor (0.4 mi); The Sun Inn (1.3 mi); Prince of Wales (1.4 mi),Ty'n-Dwr Hall (0.6 mi); Brywn Howel (0.7 mi); Poplar House B&B (1.3 mi)
Henllys Golf Club,,The Bold Arms (1.1 mi); The George and Dragon (1.2 mi); Liverpool Arms (1.2 mi),Henllys Hall (0.1 mi); Gwesty'r Pen y Tarw / Olde Bull's Head (1.1 mi); Castle Court (1.2 mi)
Anglesey Golf Course,,Y Morfa (1.0 mi); Glan Neigr Hotel (1.2 mi); Glan Neigr (1.2 mi),Driftwood (0.7 mi); Hotel Cymyran (1.8 mi); Valley Hotel (3.4 mi)
Woodlake Park Golf Club,,Carpenters Arms (0.9 mi); Glascoed Pub (1.9 mi); Halfway House (2.2 mi),Glen-Yr-Afon Hotel (2.1 mi); Kings Head Hotel (2.3 mi); Three Salmons Hotel (2.3 mi)
Carmarthen Golf Club,,,Cilwen Country House B&B (2.8 mi); Rose and Crown (3.5 mi); Old Priory Guest House (3.5 mi)
Blackwood Golf Club,,The Rock (0.4 mi); The Sirhowy (0.5 mi); The New Foresters (0.7 mi),Maes Manor Country Hotel & Restaurant (0.3 mi); The Rock (0.4 mi); The New Forge (1.2 mi)
West Monmouthshire Golf Club,driving range:413m,The Welfare (0.8 mi); Willow Tree (0.9 mi); The Picture House (0.9 mi),Best Western Ebbw Vale (0.9 mi); Premier Inn Ebbw Vale (1.8 mi); Queens Hotel (2.1 mi)
Holyhead Golf Club,,The Inn at the Bay (0.7 mi); Standing Stones (0.8 mi); Prince of Wales (1.1 mi),Premier Inn (0.7 mi); Trearddur Bay Hotel (0.7 mi); Travelodge Holyhead (1.1 mi)
Greenisland Golf Club,,Brewers Fayre Harbour (2.6 mi); The Central Bar (2.8 mi); Ownies Bar (2.9 mi),Rose Cottage B&B (1.0 mi); Beechgrove (1.2 mi); Belfast Loughshore Hotel (1.9 mi)
Clandeboye Golf CLub,,The Hardford Inn (2.3 mi); The Spirit Merchant (2.3 mi); Ivy Bar (2.4 mi),Clandeboye Lodge (1.4 mi); Premier Inn (2.3 mi); Strangford Arms (2.3 mi)
Warrenpoint Golf Club,,Ye Old Ship Inn (0.7 mi); First and Last (0.7 mi); Bay View Tavern (1.5 mi),Whistledown Hotel (1.0 mi); Bay Guest Lodge (1.0 mi); The Grand Central Hotel (1.4 mi)
City Of Belfast Golf Course,,The Crown And Shamrock Inn (0.3 mi); The Cottonmount (0.5 mi); The Cottonmount (0.5 mi),Chimney Corner (0.2 mi); Chimney Corner (0.3 mi); Corr's Corner (1.3 mi)
Killymoon Golf Club,,Mulligans Bar (0.9 mi); Railway Bar (1.1 mi); Cartwheel Bar (1.2 mi),Glenavon House Hotel (1.1 mi); Royal Hotel (1.2 mi); Greenvale Hotel (1.2 mi)
Golf at Roe Valley,restaurant:116m,Newton Bar Ltd (0.6 mi); The Corner Bar (1.0 mi); Frank Owens (1.0 mi),Roe Valley Resort (0.1 mi); Drummond Hotel (2.2 mi)
Allen Park Golf Centre,,The Railway Bar (0.9 mi); Top of the Town (0.9 mi); The Steeple Inn (1.0 mi),Express by Holiday Inn (0.7 mi); Dunsilly Hotel (1.5 mi); The Dunadry Hotel (3.3 mi)
Ardglass Golf Club,,The Old Commercial Bar and Lounge (0.5 mi); Lighthouse Bar (0.7 mi); The Green Heights (0.7 mi),Margaret's Cottage (0.4 mi); Burford Lodge (0.6 mi)
Ballycastle Golf Club,,Harbour Bar (0.3 mi); Anglers Arms (0.3 mi); O'Connors Bar (0.6 mi),Marine Hotel (0.2 mi); An Caislean (0.3 mi); Fragrans B&B (0.3 mi)
Ballymena Golf Course,,The Thatch Inn (1.0 mi); Slemish Tavern (1.0 mi); The Grouse (2.4 mi),Adair Arms (2.5 mi); Marlagh Lodge (2.6 mi); Leighinmohr House Hotel (3.1 mi)
Balmoral Golf Club,,The Doyen (0.3 mi); McGlone's (1.5 mi); Happy's (1.7 mi),The Old Rectory Guest House (0.9 mi); Balmoral Hotel (1.2 mi); Crowne Plaza (1.3 mi)
Carnalea Golf Club,,The Kings Quay (1.2 mi); The Imperial Bar (1.2 mi); The Rabbit Rooms (1.3 mi),"The Old Inn, Crawfordsburn (1.2 mi); The Marine Court (1.3 mi); The Nines (1.3 mi)"
Castlereagh Hills Golf Course,,The Poet (1.6 mi); Ye Olde Elk Inn (2.0 mi); The Auld House (2.3 mi),Peartree Hill Bed & Breakfast (1.4 mi); La Mon Hotel & Country Club (1.5 mi); Stormont Hotel (1.8 mi)
Castlerock Golf Club,,Portstewart Arms (2.5 mi); Anchor Bar (2.5 mi),Rambler Inn (2.6 mi); Cul-Erg House (2.7 mi); Wanderin' Height B&B (2.8 mi)
Donaghadee Golf Club,,The Moat Inn (0.6 mi); Grace Neill's Bar (0.8 mi); Pier 36 (0.9 mi),Port Devine House (0.9 mi)
Enniskillen Golf Club,,The Horseshoe (0.8 mi); Magee's (0.9 mi); Granny Annies (1.0 mi),Killyhevlin Hotel (0.6 mi); Belmore Court & Motel (0.6 mi); Westville Hotel (0.6 mi)
Fortwilliam Golf Club,,The Chester (1.2 mi); Portside Inn (1.2 mi); Ben Madigan’s Bar & Kitchen (1.3 mi),The Lansdowne Hotel (0.7 mi); Somerton House B&B (0.7 mi); Parkview Lodge B&B (1.6 mi)
Galgorm Castle Golf Club,driving range:485m,Smithfield Arms (1.5 mi); Moat Bar (1.6 mi); Ladysmith Arms (1.6 mi),Tullyglass House Hotel (0.4 mi); Oranmore House (0.8 mi); Leighinmohr House Hotel (1.2 mi)
Gracehill Golf Club,,The Rook's Nest (2.7 mi); The Armada Inn (2.7 mi),The Hedges Hotel (0.4 mi); Charly's Self Catering (1.4 mi); hilltop hideaway (2.7 mi)
Helen's Bay Golf Club,,The Kings Quay (2.8 mi); The Imperial Bar (2.8 mi); The Rabbit Rooms (2.8 mi),"The Old Inn, Crawfordsburn (0.9 mi); Clandeboye Lodge (2.5 mi); The Nines (2.8 mi)"
Holywood Golf Course,,The Dirty Duck Alehouse (0.8 mi); McCusker’s Pub (1.7 mi); Ye Olde Elk Inn (2.6 mi),Culloden Hotel & Spa (1.8 mi); Ashfield Bed & Breakfast (2.2 mi); Stormont Hotel (2.6 mi)
Kilkeel Golf Course,driving range:429m,,Kilmorey Arms Hotel (1.8 mi); Greencastle B & B (3.3 mi)
Knock Golf Club,,Ye Olde Elk Inn (0.2 mi); The Middle Ale (0.8 mi); The Poet (1.1 mi),Stormont Hotel (0.8 mi); Peartree Hill Bed & Breakfast (1.9 mi); Ashfield Bed & Breakfast (2.1 mi)
Lisburn Golf Course,,The Hillside (1.7 mi); The Plough (1.8 mi); The Lark (2.0 mi),Premier Inn (1.0 mi); Lisnoe Old Farmhouse (1.8 mi); Haslem Hotel (2.0 mi)
Lurgan Golf Course,,Fa’ Joe’s (0.7 mi); The Cellar Bar & Lounge (0.7 mi); Beehive Bar (0.7 mi),The Ashburn (0.8 mi)
Malone Golf Club,driving range:435m,McGlone's (1.5 mi); The Doyen (2.1 mi); Beechill Inn (2.4 mi),Crowne Plaza (1.3 mi); Beechlawn House Hotel (1.4 mi); Turnaround Accomodation (1.8 mi)
Moyola Park Golf Club,,The Corner Bar (0.8 mi); The Old Thatch Inn (2.0 mi); Marys (2.4 mi),The Inn (0.7 mi); Laurel Villa (2.2 mi)
Omagh Golf Club,,Seán Óg's (0.8 mi); Bogan's Bar (0.8 mi); The Weigh Inn (0.8 mi),Silverbirch (1.4 mi); Clanabogan B&B (3.1 mi); Clanabogan B&B (3.1 mi)
Ormeau Golf Club,,The Rose & Crown (0.4 mi); Hatfield House (0.4 mi); The Pavilion Bar (0.5 mi),Kate's B&B (0.5 mi); Holiday Inn Express Queen's Quarter (0.6 mi); Ibis Queen's Quarter (0.7 mi)
Portadown Golf Club,,Joe Mac's (1.7 mi); The Cope Inn (1.7 mi); Gary’s Bar (1.8 mi),Seagoe Hotel (2.1 mi)
Rockmount Golf Course,,The White Horse Inn (2.8 mi); The Rowallane Inn (2.9 mi),Ivanhoe Hotel (2.8 mi)
Royal Belfast Golf Club,,McCusker’s Pub (1.0 mi); The Dirty Duck Alehouse (2.6 mi),"Culloden Hotel & Spa (0.9 mi); The Old Inn, Crawfordsburn (2.2 mi); Clandeboye Lodge (3.1 mi)"
Whitehead Golf Club,,Glasgow Rangers Supporters Club Whitehead (0.8 mi); The Whitecliff Inn (0.9 mi); Marine Club (1.0 mi),The Pink Cottage (0.2 mi); Leafield house (1.6 mi)
Fereneze Golf Club,,Cross Stobs Inn (0.6 mi); The Brigg Inn (0.6 mi); The Kelburn (0.7 mi),Dalmeny Park Country House Hotel (0.8 mi); Gleniffer Hotel (1.1 mi); My Motel (2.3 mi)
Bargoed Golf Course,,McDonnel Pub (0.4 mi); The Square Royale (0.6 mi); The Hanbury Arms (0.6 mi),Maes Manor Country Hotel & Restaurant (2.1 mi); The Rock (2.5 mi); Sergeants Accommodation (3.2 mi)
Bryn Meadows,,The Crown (0.4 mi); The Halfway House (0.6 mi); Maesycwmmer Inn (0.7 mi),Ty Coppi Adventures (1.0 mi); The Beech Tree (1.2 mi); Ynysddu Hotel (1.4 mi)
Caernarfon Golf Club,,Anglesey Arms (1.0 mi); The Palace Vaults (1.0 mi); The Palace Vaults (1.0 mi),Caer Menai Guest House (1.1 mi); Caer Menai (1.1 mi); Black Jacks of the Black Boy (1.1 mi)
Coed y Mwstwr Golf Club,,White Horse (0.4 mi); Prince of Wales (0.5 mi); Hunters Lodge (0.8 mi),Coed y Mwstwr Hotel (0.2 mi); Premier Inn (1.4 mi); Tremains Guest House (1.9 mi)
Conwy Golf Club,,The Mulberry (0.5 mi); The Old White House (0.6 mi); Castle View (1.1 mi),Whinward House (0.5 mi); Park Hall Hotel (0.6 mi); Beechwood Court (0.7 mi)
Denbigh Golf Course,,Llindir Inn (1.1 mi); The Hand (1.1 mi); The Plough (1.2 mi),Guildhall Tavern (1.2 mi); Castle House (1.3 mi); The Oriel Country House Hotel and Spa (3.4 mi)
Dinas Powys Golf Club,,The Star Inn (0.7 mi); Three Horseshoes (0.7 mi); Cross Keys (0.7 mi),Premier Inn Cardiff West (1.7 mi); Copthorne Hotel Cardiff (2.4 mi); Tadross Hotel (2.4 mi)
Glynneath Golf Club,,The Old White Horse Inn (0.7 mi); The Angel Inn (0.7 mi); The New Inn (1.0 mi),Ty Newydd Country Hotel (2.4 mi)
Holywell Golf Course,,Feathers Inn (0.9 mi); Red Lion (1.0 mi); The Old Wine Vaults (1.0 mi),Crooked Horn (0.8 mi); Stamford Gate Hotel (1.0 mi); St Winefride's Guest House (1.0 mi)
Llanwern Golf Club,,The Llanwern Bull (0.8 mi); Man of Gwent (1.1 mi); Cellar Bar (1.2 mi),Milton Hotel (0.6 mi); Fifteen (0.6 mi); Hazel Court Guest House (0.8 mi)
Mountain Ash Golf Course,,Cap Coch Inn (0.8 mi); Tirfounder Fields (1.0 mi); Mountain Ash Inn (1.0 mi),Premier Inn (1.0 mi); The Falcon Retreat (1.7 mi); The Bellevue Hotel (2.4 mi)
Newport Golf Club,,Tredegar Arms (0.6 mi); Tiny Rebel Brewery Bar (0.8 mi); Rising Sun (0.9 mi),Rising Sun (0.9 mi); Ibis Budget (2.3 mi); The Handpost Hotel (2.4 mi)
North Wales Golf Club,driving range:385m,West Shore Social Club (0.5 mi); Llandudno Cricket Club (0.8 mi); Nevill (1.0 mi),The Lilly (0.9 mi); Cleave Court Guest House (0.9 mi); Cliffbury Guest House (0.9 mi)
Pontypridd Golf Club,,Bunch of Grapes (0.6 mi); Newbridge Arms (0.7 mi); Central Hotel (0.7 mi),Blueberry (1.0 mi); The Aber Hotel (2.1 mi); Llechwen Hall Hotel (2.5 mi)
Prestatyn Golf Course,driving range:232m,Nant Hall (0.4 mi); Beachcomber Inn (0.7 mi); Croft's Club (0.7 mi),Lyons Nant Hall Hotel (0.4 mi); Beaches Hotel Prestatyn (0.8 mi); Halcyon And Quest Hotel (1.0 mi)
Pwllheli Golf Course,,The Mitre (1.0 mi); Pen Cob (1.1 mi); Y Castell (1.1 mi),Plas Bodegroes (0.8 mi); Gwynfryn Farm (1.1 mi); The Victoria (1.1 mi)
Rhondda Golf Club,driving range:387m,De Winton (0.9 mi); The Pandy Inn (0.9 mi); White Hart Hotel (0.9 mi),Rheola Hotel (1.7 mi); Heritage Park Hotel (2.5 mi); Ty Gwyn Guest House (3.0 mi)
Rhuddlan Golf Course,,Castle Inn (0.5 mi); King's Head (0.6 mi); New Inn Hotel (0.6 mi),Premier Inn (0.9 mi); Barratt's Ty'n Rhyl (1.9 mi); The Talardy Hotel (2.2 mi)
Tredegar Park Golf Club,,The Nightingale (0.9 mi); Ridgeway Inn (1.0 mi); Rising Sun (1.0 mi),Ibis Budget (1.0 mi); Rising Sun (1.0 mi); Newport Lodge Hotel (1.3 mi)
Cawder Golf Club,,The Torrance Inn (0.9 mi); Wheatsheaf Inn (1.0 mi); The Rambler of Torrance (1.1 mi),The Broadcroft Hotel (3.0 mi); Glazert Country House Hotel (3.2 mi); Best Foot Forward (3.2 mi)
Bishopbriggs Golf Club,,Crow Tavern (0.8 mi); Quin's (0.8 mi); Mallroad House (1.4 mi),Ambassador Hotel (2.8 mi); Hotel Albion (2.9 mi); Hotel Albion (2.9 mi)
Craigewan Course,,Grange Inn (1.2 mi); Station Bar (1.4 mi); Mambo's (1.5 mi),Waterside Inn (0.4 mi); Albert Hotel (1.4 mi); Crawfords Guest House (1.4 mi)
Balnagask Golf Course,,Fittie Bar (0.9 mi); The White Cockade (1.0 mi); The Grampian Bar (1.0 mi),Marischal Apartments (1.3 mi); Ibis (1.4 mi); Aberdeen Douglas Hotel (1.4 mi)
Crieff Golf Club,,The Tower Gastro Pub (0.8 mi); The Pretoria (0.9 mi); The Quaich Bar (0.9 mi),Murraypark Hotel (0.5 mi); Murraypark Hotel (0.5 mi); Crieff Hydro (0.6 mi)
Tain Golf Club,,The Railway Hotel (0.9 mi); The Star Inn (1.0 mi),The Royal Hotel Tain (1.0 mi); St. Duthus Hotel (1.0 mi); Heatherdale (1.2 mi)
Dufftown Golf Club,,The Stuart Arms (1.1 mi); Whisky Capital Inn (1.2 mi),Conval House Bed & Breakfast (1.0 mi); Dunvegan Bed & Breakfast (1.1 mi); Davaar B&B (1.1 mi)
Lochwinnoch Golf Club,,The Brown Bull (0.5 mi); Three Churches Inn (0.6 mi); The Corner Bar (0.7 mi),Bowfield Hotel & Spa (2.8 mi); Roebank Hotel (3.1 mi)
Kilspindie Golf Club,,Longniddry Inn (2.5 mi); British Legion (2.5 mi),The Leddie (0.8 mi); The Watchman (2.6 mi); The Bonnie Badger (2.6 mi)
Aigas Golf Course,,,Cherry Trees (2.6 mi); Broomhill (2.9 mi); Ornum House (3.0 mi)
McDonald Golf Course,,The Tolbooth (0.5 mi); The Bridge Bar (0.6 mi); Brewdog Overworks (1.0 mi),The Station Hotel (0.3 mi); New Inn Hotel (0.6 mi); Buchan Hotel (0.6 mi)
Southerness Golf Course,,The 19th Hole (0.6 mi),Paul Jones Hotel (0.7 mi)
Elderslie Golf Club,,The Thorn Inn (1.0 mi); Brewers Fayre (1.1 mi); The Silver Tassie (1.1 mi),Premier Inn (1.1 mi); Lynnhurst Hotel (1.6 mi); Broadstone House (1.7 mi)
Cowglen Golf Club,,Quaich (1.3 mi); The Millwood (1.4 mi); The James Tassie (1.5 mi),Orchard Park Hotel (1.4 mi); Redhurst Hotel (1.8 mi); Ivory Hotel (1.8 mi)
Fortrose & Rosemarkie Golf Club,,The Plough Inn (1.0 mi); The Anderson (1.0 mi); Union Tavern (1.1 mi),The Anderson (1.0 mi); Inchrye B&B (2.4 mi); The Gun Lodge (2.4 mi)
Pumpherston Golf Club,,The Cawburn Inn (0.5 mi); Stirrup Stane (0.7 mi); The Tower (0.9 mi),Ashcroft Farmhouse B&B (1.5 mi); Mercure Livingston Hotel (1.7 mi); The Oatridge Hotel & Restaurant (1.8 mi)
Milngavie Golf Club,,Fullbacks (1.5 mi); The Talbot Arms (1.6 mi); Jaw Brew (1.6 mi),Best Foot Forward (1.8 mi); Premier Inn Milngavie (1.9 mi); Strathblane Country House (2.1 mi)
Aberdour Golf Club,,Foresters Arms (0.5 mi); Hugo's Cafe Bar (2.0 mi); Hillend Tavern (2.6 mi),Peartree House B And B (0.5 mi); Aberdour Hotel (0.5 mi); The Seanie Guest House (0.8 mi)
Lochgelly Golf Club,,Wee Jimmies (1.3 mi); The Glen Tavern (1.3 mi); Partners Bar (1.4 mi),Woodside Hotel (1.7 mi); The Queens Hotel (2.7 mi); Loch Fitty Cottage B And B (3.2 mi)
Gleddoch Golf and Spa Resort,driving range:348m,The Captain James Lang (2.0 mi); The Burgh Bar (2.0 mi); Counting House (2.0 mi),Gleddoch House Hotel and Golf Club (0.2 mi); Ingliston Country Club (2.1 mi); Abbotsford Hotel (2.5 mi)
Powfoot Golf Club,,,The Powfoot Golf Hotel (0.3 mi); Queensberry Arms (3.2 mi); Corner House Hotel (3.3 mi)
Portpatrick Dunskey Golf Club,,Downshire Arms (0.4 mi),Rickwood House Hotel (0.2 mi); Dunskey Guest House (0.3 mi); Fernhill Hotel & Restaurant (0.3 mi)
Auchterarder Golf Club,,The Niblick (1.0 mi),Cairn Lodge Hotel (0.3 mi); Star Hotel (1.0 mi); Gleneagles Hotel (1.0 mi)
North Inch Golf Course,,King James (0.7 mi); The Half Moon (0.8 mi); The Bridgend Inn (0.8 mi),Rhodes Villa (0.4 mi); Alma Villa (0.4 mi); Aaron-Lidh (0.5 mi)
Kingussie Golf Club,,Star Hotel (0.8 mi); Ghillies Rest (0.8 mi); Shinty Bar (2.9 mi),Greystones B&B (0.5 mi); The Cross at Kingussie (0.6 mi); Star Hotel (0.8 mi)
Gifford Golf Club,,The Goblin Ha (0.7 mi),
Inchmarlo Golf Resort,,Burnett Bar & Lounge (1.2 mi); The Stag Bar & Lounge (1.2 mi); Scott Skinner's (2.1 mi),Tor-na-Coille Hotel (0.8 mi); The Douglas Arms Hotel (1.2 mi); Burnett Arms (1.2 mi)
Kintore Golf Club,,The Square Bar & Lounge (1.0 mi); Craigie's Bar (3.0 mi),Thainstone House (2.5 mi); Ardennan House Hotel (2.8 mi); Vallafield Guest House (2.9 mi)
Clyne Golf Club,driving range:378m,The Railway Inn (1.1 mi); The Woodman (1.2 mi); West Cross Inn (1.3 mi),Norton House Hotel (1.5 mi); Gower Hotel (1.5 mi); Langland Road B&B (1.7 mi)
Tenby Golf Club,,Cross Inn (0.5 mi); The Paddock Inn (0.6 mi); The Crown Inn (0.8 mi),Penally Abbey Hotel (0.5 mi); New Overlander Inn (0.5 mi); Penally Manor House Hotel (0.5 mi)
Larne Golf Club,,Larne Rangers Supporters Club (1.5 mi); La Bodega (1.7 mi); Larne Tech Old Boys Club (2.2 mi),Seaview House (1.0 mi); Harbour Inn B&B (1.1 mi); Curran Court Hotel (1.3 mi)
